order_id,order_date,region,product_id,supplier_id,quantity,unit_sales,revenue,promised_date,delivered_date,delivery_days,delivery_status,fulfillment_status,return_flag,late_flag
O000001,2025-12-24,Central,P0008,S001,5,158.77,793.85,2025-12-28,2025-12-27,3,On Time,Fulfilled,0,0
O000002,2025-03-06,South,P0019,S010,7,269.79,1888.53,2025-03-12,2025-03-13,7,Late,Fulfilled,0,1
O000003,2025-11-27,South,P0013,S004,2,290.72,581.44,2025-11-30,2025-12-01,4,Late,Fulfilled,0,1
O000004,2025-09-20,West,P0032,S001,3,166.64,499.92,2025-09-26,2025-09-25,5,On Time,Fulfilled,0,0
O000005,2025-01-19,East,P0007,S010,6,85.99,515.94,2025-01-23,2025-01-24,5,Late,Fulfilled,0,1
O000006,2025-02-20,South,P0015,S010,2,312.58,625.16,2025-02-26,2025-02-25,5,On Time,Fulfilled,0,0
O000007,2025-09-13,Central,P0026,S007,6,250.97,1505.82,2025-09-15,2025-09-16,3,Late,Fulfilled,0,1
O000008,2025-08-21,South,P0049,S004,2,224.76,449.52,2025-08-26,2025-08-25,4,On Time,Fulfilled,0,0
O000009,2025-06-08,North,P0035,S010,2,211.82,423.64,2025-06-14,2025-06-15,7,Late,Fulfilled,0,1
O000010,2025-06-14,Central,P0006,S007,2,73.03,146.06,2025-06-19,2025-06-18,4,On Time,Fulfilled,0,0
O000011,2025-10-12,Central,P0056,S001,1,210.07,210.07,2025-10-17,2025-10-16,4,On Time,Fulfilled,0,0
O000012,2025-08-22,North,P0049,S004,8,224.76,1798.08,2025-08-26,2025-08-26,4,On Time,Fulfilled,0,0
O000013,2025-12-11,North,P0007,S010,2,85.99,171.98,2025-12-14,2025-12-15,4,Late,Fulfilled,0,1
O000014,2025-08-25,West,P0030,S007,5,299.53,1497.65,2025-08-29,2025-08-28,3,On Time,Fulfilled,0,0
O000015,2025-10-05,West,P0002,S007,5,244.65,1223.25,2025-10-09,2025-10-08,3,On Time,Fulfilled,0,0
O000016,2025-10-16,North,P0007,S010,7,85.99,601.93,2025-10-22,2025-10-28,12,Late,Fulfilled,0,1
O000017,2025-12-06,Central,P0003,S010,4,294.12,1176.48,2025-12-11,2025-12-13,7,Late,Fulfilled,0,1
O000018,2025-05-10,East,P0023,S010,7,93.63,655.41,2025-05-14,2025-05-13,3,On Time,Fulfilled,0,0
O000019,2025-08-06,Central,P0015,S010,2,312.58,625.16,2025-08-10,2025-08-09,3,On Time,Fulfilled,0,0
O000020,2025-05-23,West,P0057,S004,8,302.85,2422.8,2025-05-27,2025-05-28,5,Late,Fulfilled,0,1
O000021,2025-04-22,West,P0060,S001,1,118.33,118.33,2025-04-26,2025-04-25,3,On Time,Fulfilled,0,0
O000022,2025-06-10,West,P0052,S001,4,57.76,231.04,2025-06-16,2025-06-17,7,Late,Fulfilled,0,1
O000023,2025-09-17,East,P0034,S007,1,263.25,263.25,2025-09-23,2025-09-23,6,On Time,Fulfilled,0,0
O000024,2025-12-09,South,P0028,S001,8,123.49,987.92,2025-12-14,2025-12-13,4,On Time,Fulfilled,0,0
O000025,2025-12-04,Central,P0006,S007,5,73.03,365.15,2025-12-09,2025-12-10,6,Late,Fulfilled,0,1
O000026,2025-10-03,Central,P0012,S001,2,86.98,173.96,2025-10-07,2025-10-10,7,Late,Fulfilled,0,1
O000027,2025-05-11,West,P0021,S004,3,179.24,537.72,2025-05-15,2025-05-15,4,On Time,Fulfilled,0,0
O000028,2025-04-22,West,P0049,S004,2,224.76,449.52,2025-04-28,2025-05-04,12,Late,Fulfilled,0,1
O000029,2025-06-10,Central,P0055,S010,1,76.46,76.46,2025-06-14,2025-06-15,5,Late,Fulfilled,0,1
O000030,2025-01-26,South,P0052,S001,6,57.76,346.56,2025-01-29,2025-01-29,3,On Time,Returned,1,0
O000031,2025-05-31,South,P0045,S004,4,109.48,437.92,2025-06-04,2025-06-05,5,Late,Fulfilled,0,1
O000032,2025-07-14,North,P0040,S001,8,216.21,1729.68,2025-07-16,2025-07-17,3,Late,Fulfilled,0,1
O000033,2025-07-28,West,P0035,S010,8,211.82,1694.56,2025-08-02,2025-08-08,11,Late,Fulfilled,0,1
O000034,2025-06-22,South,P0026,S007,7,250.97,1756.79,2025-06-25,2025-06-24,2,On Time,Fulfilled,0,0
O000035,2025-08-11,East,P0042,S007,3,315.31,945.93,2025-08-16,2025-08-15,4,On Time,Fulfilled,0,0
O000036,2025-07-02,South,P0026,S007,4,250.97,1003.88,2025-07-07,2025-07-08,6,Late,Fulfilled,0,1
O000037,2025-12-14,Central,P0009,S004,5,209.42,1047.1,2025-12-19,2025-12-18,4,On Time,Fulfilled,0,0
O000038,2025-07-17,South,P0025,S004,7,171.85,1202.95,2025-07-19,2025-07-20,3,Late,Fulfilled,0,1
O000039,2025-05-21,East,P0037,S004,3,84.71,254.13,2025-05-26,2025-05-25,4,On Time,Fulfilled,0,0
O000040,2025-06-29,West,P0021,S004,8,179.24,1433.92,2025-07-01,2025-06-30,1,On Time,Fulfilled,0,0
O000041,2025-11-07,South,P0032,S001,3,166.64,499.92,2025-11-10,2025-11-11,4,Late,Fulfilled,0,1
O000042,2025-02-06,South,P0049,S004,1,224.76,224.76,2025-02-11,2025-02-10,4,On Time,Fulfilled,0,0
O000043,2025-11-05,North,P0026,S007,8,250.97,2007.76,2025-11-08,2025-11-09,4,Late,Fulfilled,0,1
O000044,2025-03-03,West,P0010,S007,4,101.15,404.6,2025-03-06,2025-03-07,4,Late,Fulfilled,0,1
O000045,2025-03-22,South,P0048,S001,1,141.97,141.97,2025-03-27,2025-03-28,6,Late,Fulfilled,0,1
O000046,2025-02-11,East,P0044,S001,4,281.48,1125.92,2025-02-15,2025-02-14,3,On Time,Fulfilled,0,0
O000047,2025-11-06,West,P0038,S007,7,97.26,680.82,2025-11-09,2025-11-10,4,Late,Fulfilled,0,1
O000048,2025-11-13,South,P0057,S004,2,302.85,605.7,2025-11-16,2025-11-17,4,Late,Fulfilled,0,1
O000049,2025-04-24,East,P0016,S001,2,140.21,280.42,2025-04-27,2025-04-27,3,On Time,Fulfilled,0,0
O000050,2025-09-02,West,P0054,S007,3,261.11,783.33,2025-09-04,2025-09-03,1,On Time,Returned,1,0
O000051,2025-04-09,North,P0049,S004,8,224.76,1798.08,2025-04-15,2025-04-15,6,On Time,Fulfilled,0,0
O000052,2025-03-12,North,P0018,S007,8,79.76,638.08,2025-03-14,2025-03-15,3,Late,Fulfilled,0,1
O000053,2025-07-15,West,P0053,S004,8,133.42,1067.36,2025-07-21,2025-07-21,6,On Time,Fulfilled,0,0
O000054,2025-09-21,South,P0052,S001,7,57.76,404.32,2025-09-24,2025-09-30,9,Late,Fulfilled,0,1
O000055,2025-01-05,Central,P0058,S007,1,66.02,66.02,2025-01-08,2025-01-09,4,Late,Fulfilled,0,1
O000056,2025-07-29,South,P0037,S004,7,84.71,592.97,2025-08-03,2025-08-03,5,On Time,Fulfilled,0,0
O000057,2025-07-08,South,P0050,S007,6,37.5,225.0,2025-07-11,2025-07-11,3,On Time,Fulfilled,0,0
O000058,2025-01-04,Central,P0044,S001,2,281.48,562.96,2025-01-06,2025-01-05,1,On Time,Fulfilled,0,0
O000059,2025-06-01,North,P0012,S001,4,86.98,347.92,2025-06-04,2025-06-03,2,On Time,Fulfilled,0,0
O000060,2025-09-03,West,P0028,S001,7,123.49,864.43,2025-09-09,2025-09-08,5,On Time,Fulfilled,0,0
O000061,2025-06-09,South,P0056,S001,3,210.07,630.21,2025-06-14,2025-06-14,5,On Time,Fulfilled,0,0
O000062,2025-06-11,South,P0024,S001,6,64.9,389.4,2025-06-15,2025-06-16,5,Late,Fulfilled,0,1
O000063,2025-08-06,East,P0027,S010,2,275.2,550.4,2025-08-09,2025-08-09,3,On Time,Fulfilled,0,0
O000064,2025-07-26,West,P0043,S010,5,254.39,1271.95,2025-07-30,2025-07-31,5,Late,Fulfilled,0,1
O000065,2025-03-25,South,P0016,S001,3,140.21,420.63,2025-03-27,2025-03-26,1,On Time,Fulfilled,0,0
O000066,2025-07-09,North,P0013,S004,7,290.72,2035.04,2025-07-12,2025-07-13,4,Late,Fulfilled,0,1
O000067,2025-01-27,East,P0015,S010,1,312.58,312.58,2025-02-02,2025-02-02,6,On Time,Fulfilled,0,0
O000068,2025-03-20,North,P0025,S004,5,171.85,859.25,2025-03-25,2025-03-25,5,On Time,Fulfilled,0,0
O000069,2025-01-18,South,P0036,S001,6,98.04,588.24,2025-01-21,2025-01-24,6,Late,Fulfilled,0,1
O000070,2025-06-12,South,P0015,S010,7,312.58,2188.06,2025-06-14,2025-06-15,3,Late,Fulfilled,0,1
O000071,2025-01-19,West,P0054,S007,1,261.11,261.11,2025-01-22,2025-01-22,3,On Time,Returned,1,0
O000072,2025-01-23,South,P0059,S010,1,209.28,209.28,2025-01-29,2025-01-28,5,On Time,Fulfilled,0,0
O000073,2025-01-15,Central,P0035,S010,2,211.82,423.64,2025-01-18,2025-01-19,4,Late,Fulfilled,0,1
O000074,2025-07-14,North,P0011,S010,8,132.12,1056.96,2025-07-17,2025-07-23,9,Late,Returned,1,1
O000075,2025-11-07,West,P0020,S001,5,148.59,742.95,2025-11-10,2025-11-11,4,Late,Fulfilled,0,1
O000076,2025-11-15,North,P0020,S001,2,148.59,297.18,2025-11-18,2025-11-21,6,Late,Fulfilled,0,1
O000077,2025-08-20,South,P0009,S004,3,209.42,628.26,2025-08-26,2025-08-26,6,On Time,Fulfilled,0,0
O000078,2025-04-10,East,P0035,S010,5,211.82,1059.1,2025-04-15,2025-04-15,5,On Time,Fulfilled,0,0
O000079,2025-03-12,Central,P0022,S007,3,174.48,523.44,2025-03-16,2025-03-15,3,On Time,Returned,1,0
O000080,2025-10-29,Central,P0038,S007,1,97.26,97.26,2025-11-03,2025-11-04,6,Late,Fulfilled,0,1
O000081,2025-04-27,East,P0036,S001,7,98.04,686.28,2025-05-02,2025-05-03,6,Late,Fulfilled,0,1
O000082,2025-06-20,West,P0050,S007,1,37.5,37.5,2025-06-24,2025-06-24,4,On Time,Fulfilled,0,0
O000083,2025-06-06,West,P0015,S010,4,312.58,1250.32,2025-06-12,2025-06-13,7,Late,Fulfilled,0,1
O000084,2025-06-15,North,P0044,S001,5,281.48,1407.4,2025-06-17,2025-06-17,2,On Time,Fulfilled,0,0
O000085,2025-02-04,South,P0030,S007,1,299.53,299.53,2025-02-09,2025-02-09,5,On Time,Fulfilled,0,0
O000086,2025-05-28,East,P0054,S007,6,261.11,1566.66,2025-06-02,2025-06-03,6,Late,Fulfilled,0,1
O000087,2025-06-10,North,P0049,S004,7,224.76,1573.32,2025-06-16,2025-06-16,6,On Time,Fulfilled,0,0
O000088,2025-06-19,South,P0034,S007,4,263.25,1053.0,2025-06-22,2025-06-21,2,On Time,Fulfilled,0,0
O000089,2025-11-23,East,P0034,S007,3,263.25,789.75,2025-11-26,2025-11-27,4,Late,Fulfilled,0,1
O000090,2025-01-14,North,P0056,S001,5,210.07,1050.35,2025-01-16,2025-01-17,3,Late,Fulfilled,0,1
O000091,2025-10-26,Central,P0050,S007,3,37.5,112.5,2025-10-31,2025-11-01,6,Late,Fulfilled,0,1
O000092,2025-03-24,West,P0031,S010,6,75.12,450.72,2025-03-29,2025-03-28,4,On Time,Fulfilled,0,0
O000093,2025-03-03,East,P0049,S004,2,224.76,449.52,2025-03-08,2025-03-07,4,On Time,Fulfilled,0,0
O000094,2025-09-20,North,P0011,S010,2,132.12,264.24,2025-09-23,2025-09-23,3,On Time,Fulfilled,0,0
O000095,2025-10-27,West,P0010,S007,1,101.15,101.15,2025-10-29,2025-11-01,5,Late,Fulfilled,0,1
O000096,2025-11-15,South,P0033,S004,7,183.37,1283.59,2025-11-20,2025-11-20,5,On Time,Fulfilled,0,0
O000097,2025-05-29,West,P0033,S004,7,183.37,1283.59,2025-06-03,2025-06-03,5,On Time,Fulfilled,0,0
O000098,2025-11-14,Central,P0048,S001,3,141.97,425.91,2025-11-16,2025-11-17,3,Late,Fulfilled,0,1
O000099,2025-09-12,Central,P0021,S004,3,179.24,537.72,2025-09-14,2025-09-15,3,Late,Fulfilled,0,1
O000100,2025-05-19,South,P0035,S010,5,211.82,1059.1,2025-05-25,2025-05-24,5,On Time,Fulfilled,0,0
O000101,2025-12-08,North,P0018,S007,8,79.76,638.08,2025-12-14,2025-12-14,6,On Time,Fulfilled,0,0
O000102,2025-04-19,East,P0008,S001,5,158.77,793.85,2025-04-25,2025-04-28,9,Late,Fulfilled,0,1
O000103,2025-05-18,East,P0029,S004,3,76.33,228.99,2025-05-24,2025-05-24,6,On Time,Fulfilled,0,0
O000104,2025-04-22,North,P0043,S010,4,254.39,1017.56,2025-04-26,2025-04-29,7,Late,Fulfilled,0,1
O000105,2025-02-05,South,P0059,S010,7,209.28,1464.96,2025-02-09,2025-02-15,10,Late,Returned,1,1
O000106,2025-03-22,East,P0048,S001,6,141.97,851.82,2025-03-24,2025-03-23,1,On Time,Fulfilled,0,0
O000107,2025-01-30,Central,P0031,S010,2,75.12,150.24,2025-02-04,2025-02-03,4,On Time,Fulfilled,0,0
O000108,2025-09-12,Central,P0034,S007,5,263.25,1316.25,2025-09-14,2025-09-20,8,Late,Fulfilled,0,1
O000109,2025-09-25,North,P0039,S010,3,71.46,214.38,2025-09-28,2025-09-28,3,On Time,Fulfilled,0,0
O000110,2025-03-27,East,P0029,S004,4,76.33,305.32,2025-03-30,2025-03-29,2,On Time,Fulfilled,0,0
O000111,2025-07-10,East,P0038,S007,7,97.26,680.82,2025-07-13,2025-07-13,3,On Time,Fulfilled,0,0
O000112,2025-12-20,South,P0013,S004,2,290.72,581.44,2025-12-24,2025-12-24,4,On Time,Fulfilled,0,0
O000113,2025-02-21,North,P0009,S004,2,209.42,418.84,2025-02-25,2025-02-24,3,On Time,Fulfilled,0,0
O000114,2025-04-15,South,P0012,S001,3,86.98,260.94,2025-04-19,2025-04-19,4,On Time,Fulfilled,0,0
O000115,2025-08-14,South,P0036,S001,8,98.04,784.32,2025-08-19,2025-08-19,5,On Time,Fulfilled,0,0
O000116,2025-12-20,East,P0034,S007,2,263.25,526.5,2025-12-25,2025-12-31,11,Late,Fulfilled,0,1
O000117,2025-01-10,North,P0008,S001,7,158.77,1111.39,2025-01-13,2025-01-12,2,On Time,Fulfilled,0,0
O000118,2025-11-13,North,P0036,S001,6,98.04,588.24,2025-11-19,2025-11-19,6,On Time,Fulfilled,0,0
O000119,2025-11-11,North,P0046,S007,6,225.07,1350.42,2025-11-14,2025-11-15,4,Late,Fulfilled,0,1
O000120,2025-06-19,Central,P0035,S010,6,211.82,1270.92,2025-06-21,2025-06-21,2,On Time,Fulfilled,0,0
O000121,2025-05-31,Central,P0053,S004,2,133.42,266.84,2025-06-06,2025-06-05,5,On Time,Fulfilled,0,0
O000122,2025-05-11,North,P0011,S010,4,132.12,528.48,2025-05-15,2025-05-16,5,Late,Returned,1,1
O000123,2025-11-01,Central,P0050,S007,8,37.5,300.0,2025-11-03,2025-11-04,3,Late,Fulfilled,0,1
O000124,2025-12-11,West,P0023,S010,1,93.63,93.63,2025-12-13,2025-12-12,1,On Time,Fulfilled,0,0
O000125,2025-04-13,South,P0047,S010,7,108.12,756.84,2025-04-17,2025-04-17,4,On Time,Fulfilled,0,0
O000126,2025-05-21,Central,P0003,S010,1,294.12,294.12,2025-05-25,2025-05-26,5,Late,Fulfilled,0,1
O000127,2025-08-09,East,P0018,S007,2,79.76,159.52,2025-08-12,2025-08-12,3,On Time,Fulfilled,0,0
O000128,2025-09-07,South,P0034,S007,8,263.25,2106.0,2025-09-09,2025-09-10,3,Late,Fulfilled,0,1
O000129,2025-09-27,Central,P0055,S010,6,76.46,458.76,2025-10-02,2025-10-08,11,Late,Fulfilled,0,1
O000130,2025-01-24,North,P0017,S004,8,179.09,1432.72,2025-01-29,2025-01-28,4,On Time,Fulfilled,0,0
O000131,2025-08-09,East,P0023,S010,6,93.63,561.78,2025-08-11,2025-08-10,1,On Time,Fulfilled,0,0
O000132,2025-06-22,West,P0049,S004,3,224.76,674.28,2025-06-28,2025-06-28,6,On Time,Fulfilled,0,0
O000133,2025-11-12,West,P0031,S010,2,75.12,150.24,2025-11-15,2025-11-15,3,On Time,Fulfilled,0,0
O000134,2025-06-15,Central,P0020,S001,4,148.59,594.36,2025-06-19,2025-06-18,3,On Time,Fulfilled,0,0
O000135,2025-02-06,East,P0058,S007,3,66.02,198.06,2025-02-11,2025-02-12,6,Late,Fulfilled,0,1
O000136,2025-06-01,South,P0053,S004,4,133.42,533.68,2025-06-06,2025-06-06,5,On Time,Fulfilled,0,0
O000137,2025-07-24,East,P0059,S010,2,209.28,418.56,2025-07-30,2025-07-29,5,On Time,Fulfilled,0,0
O000138,2025-11-22,North,P0009,S004,6,209.42,1256.52,2025-11-25,2025-11-24,2,On Time,Fulfilled,0,0
O000139,2025-07-15,North,P0032,S001,3,166.64,499.92,2025-07-18,2025-07-20,5,Late,Fulfilled,0,1
O000140,2025-01-30,Central,P0014,S007,5,195.03,975.15,2025-02-01,2025-02-02,3,Late,Fulfilled,0,1
O000141,2025-12-03,South,P0051,S010,5,159.11,795.55,2025-12-08,2025-12-07,4,On Time,Fulfilled,0,0
O000142,2025-01-01,North,P0010,S007,1,101.15,101.15,2025-01-05,2025-01-05,4,On Time,Fulfilled,0,0
O000143,2025-10-17,East,P0054,S007,2,261.11,522.22,2025-10-19,2025-10-20,3,Late,Returned,1,1
O000144,2025-01-29,East,P0015,S010,5,312.58,1562.9,2025-01-31,2025-01-30,1,On Time,Fulfilled,0,0
O000145,2025-12-05,South,P0040,S001,8,216.21,1729.68,2025-12-07,2025-12-07,2,On Time,Returned,1,0
O000146,2025-04-03,East,P0043,S010,8,254.39,2035.12,2025-04-07,2025-04-08,5,Late,Fulfilled,0,1
O000147,2025-02-11,North,P0046,S007,4,225.07,900.28,2025-02-14,2025-02-13,2,On Time,Fulfilled,0,0
O000148,2025-06-27,Central,P0030,S007,7,299.53,2096.71,2025-07-02,2025-07-01,4,On Time,Fulfilled,0,0
O000149,2025-10-24,South,P0034,S007,8,263.25,2106.0,2025-10-26,2025-10-26,2,On Time,Fulfilled,0,0
O000150,2025-12-20,South,P0008,S001,4,158.77,635.08,2025-12-26,2025-12-25,5,On Time,Fulfilled,0,0
O000151,2025-03-28,Central,P0051,S010,4,159.11,636.44,2025-04-03,2025-04-02,5,On Time,Fulfilled,0,0
O000152,2025-10-19,West,P0018,S007,2,79.76,159.52,2025-10-21,2025-10-20,1,On Time,Fulfilled,0,0
O000153,2025-06-27,South,P0033,S004,4,183.37,733.48,2025-06-30,2025-06-30,3,On Time,Fulfilled,0,0
O000154,2025-07-19,West,P0029,S004,8,76.33,610.64,2025-07-25,2025-07-30,11,Late,Fulfilled,0,1
O000155,2025-01-19,West,P0015,S010,8,312.58,2500.64,2025-01-25,2025-01-25,6,On Time,Fulfilled,0,0
O000156,2025-09-30,South,P0054,S007,7,261.11,1827.77,2025-10-05,2025-10-04,4,On Time,Fulfilled,0,0
O000157,2025-04-17,South,P0052,S001,1,57.76,57.76,2025-04-22,2025-04-23,6,Late,Fulfilled,0,1
O000158,2025-05-02,South,P0015,S010,7,312.58,2188.06,2025-05-05,2025-05-06,4,Late,Fulfilled,0,1
O000159,2025-09-17,Central,P0051,S010,1,159.11,159.11,2025-09-23,2025-09-22,5,On Time,Fulfilled,0,0
O000160,2025-02-06,North,P0042,S007,4,315.31,1261.24,2025-02-12,2025-02-11,5,On Time,Fulfilled,0,0
O000161,2025-07-28,East,P0053,S004,5,133.42,667.1,2025-08-03,2025-08-08,11,Late,Fulfilled,0,1
O000162,2025-05-15,Central,P0026,S007,5,250.97,1254.85,2025-05-17,2025-05-18,3,Late,Fulfilled,0,1
O000163,2025-10-30,East,P0008,S001,5,158.77,793.85,2025-11-05,2025-11-06,7,Late,Fulfilled,0,1
O000164,2025-04-23,Central,P0052,S001,8,57.76,462.08,2025-04-29,2025-04-29,6,On Time,Fulfilled,0,0
O000165,2025-09-03,West,P0026,S007,1,250.97,250.97,2025-09-09,2025-09-10,7,Late,Fulfilled,0,1
O000166,2025-01-31,East,P0006,S007,8,73.03,584.24,2025-02-03,2025-02-02,2,On Time,Fulfilled,0,0
O000167,2025-10-13,North,P0026,S007,8,250.97,2007.76,2025-10-19,2025-10-20,7,Late,Fulfilled,0,1
O000168,2025-08-04,East,P0057,S004,3,302.85,908.55,2025-08-06,2025-08-05,1,On Time,Fulfilled,0,0
O000169,2025-02-21,East,P0047,S010,3,108.12,324.36,2025-02-27,2025-02-26,5,On Time,Fulfilled,0,0
O000170,2025-03-22,West,P0041,S004,2,162.16,324.32,2025-03-26,2025-03-26,4,On Time,Fulfilled,0,0
O000171,2025-03-31,South,P0006,S007,6,73.03,438.18,2025-04-02,2025-04-03,3,Late,Fulfilled,0,1
O000172,2025-08-16,South,P0047,S010,5,108.12,540.6,2025-08-22,2025-08-24,8,Late,Fulfilled,0,1
O000173,2025-01-15,North,P0012,S001,7,86.98,608.86,2025-01-18,2025-01-20,5,Late,Fulfilled,0,1
O000174,2025-02-04,South,P0052,S001,8,57.76,462.08,2025-02-07,2025-02-07,3,On Time,Fulfilled,0,0
O000175,2025-09-06,South,P0006,S007,4,73.03,292.12,2025-09-08,2025-09-07,1,On Time,Fulfilled,0,0
O000176,2025-11-19,West,P0022,S007,4,174.48,697.92,2025-11-21,2025-11-22,3,Late,Fulfilled,0,1
O000177,2025-04-28,West,P0019,S010,3,269.79,809.37,2025-05-02,2025-05-02,4,On Time,Fulfilled,0,0
O000178,2025-03-24,Central,P0055,S010,8,76.46,611.68,2025-03-26,2025-03-27,3,Late,Fulfilled,0,1
O000179,2025-12-28,South,P0019,S010,4,269.79,1079.16,2026-01-02,2026-01-01,4,On Time,Fulfilled,0,0
O000180,2025-05-29,North,P0004,S001,3,209.94,629.82,2025-06-03,2025-06-02,4,On Time,Fulfilled,0,0
O000181,2025-02-15,South,P0015,S010,3,312.58,937.74,2025-02-19,2025-02-20,5,Late,Fulfilled,0,1
O000182,2025-03-19,Central,P0028,S001,6,123.49,740.94,2025-03-21,2025-03-20,1,On Time,Fulfilled,0,0
O000183,2025-05-28,West,P0060,S001,5,118.33,591.65,2025-06-03,2025-06-03,6,On Time,Fulfilled,0,0
O000184,2025-07-15,South,P0020,S001,6,148.59,891.54,2025-07-18,2025-07-19,4,Late,Returned,1,1
O000185,2025-03-20,North,P0038,S007,4,97.26,389.04,2025-03-26,2025-03-26,6,On Time,Fulfilled,0,0
O000186,2025-01-28,North,P0048,S001,6,141.97,851.82,2025-02-01,2025-02-01,4,On Time,Fulfilled,0,0
O000187,2025-04-22,North,P0045,S004,6,109.48,656.88,2025-04-26,2025-04-29,7,Late,Fulfilled,0,1
O000188,2025-10-16,West,P0008,S001,5,158.77,793.85,2025-10-21,2025-10-20,4,On Time,Fulfilled,0,0
O000189,2025-06-03,Central,P0037,S004,3,84.71,254.13,2025-06-06,2025-06-05,2,On Time,Fulfilled,0,0
O000190,2025-07-07,South,P0016,S001,2,140.21,280.42,2025-07-13,2025-07-12,5,On Time,Returned,1,0
O000191,2025-12-03,East,P0001,S004,2,289.3,578.6,2025-12-09,2025-12-08,5,On Time,Fulfilled,0,0
O000192,2025-03-26,East,P0038,S007,1,97.26,97.26,2025-03-30,2025-04-03,8,Late,Fulfilled,0,1
O000193,2025-03-02,North,P0001,S004,8,289.3,2314.4,2025-03-08,2025-03-09,7,Late,Returned,1,1
O000194,2025-11-23,West,P0003,S010,2,294.12,588.24,2025-11-25,2025-11-26,3,Late,Fulfilled,0,1
O000195,2025-05-30,Central,P0013,S004,8,290.72,2325.76,2025-06-02,2025-06-01,2,On Time,Fulfilled,0,0
O000196,2025-01-22,West,P0024,S001,1,64.9,64.9,2025-01-25,2025-01-26,4,Late,Fulfilled,0,1
O000197,2025-05-30,Central,P0021,S004,3,179.24,537.72,2025-06-02,2025-06-03,4,Late,Returned,1,1
O000198,2025-05-29,Central,P0001,S004,6,289.3,1735.8,2025-06-04,2025-06-05,7,Late,Fulfilled,0,1
O000199,2025-04-16,West,P0016,S001,8,140.21,1121.68,2025-04-22,2025-04-23,7,Late,Fulfilled,0,1
O000200,2025-04-14,North,P0005,S004,6,247.38,1484.28,2025-04-20,2025-04-21,7,Late,Fulfilled,0,1
O000201,2025-06-25,East,P0030,S007,3,299.53,898.59,2025-06-30,2025-07-04,9,Late,Fulfilled,0,1
O000202,2025-11-30,South,P0053,S004,8,133.42,1067.36,2025-12-06,2025-12-07,7,Late,Fulfilled,0,1
O000203,2025-06-12,Central,P0033,S004,1,183.37,183.37,2025-06-17,2025-06-18,6,Late,Fulfilled,0,1
O000204,2025-01-25,South,P0041,S004,2,162.16,324.32,2025-01-31,2025-02-06,12,Late,Fulfilled,0,1
O000205,2025-12-14,South,P0028,S001,3,123.49,370.47,2025-12-20,2025-12-20,6,On Time,Fulfilled,0,0
O000206,2025-04-02,Central,P0006,S007,8,73.03,584.24,2025-04-07,2025-04-08,6,Late,Fulfilled,0,1
O000207,2025-07-09,South,P0031,S010,8,75.12,600.96,2025-07-12,2025-07-12,3,On Time,Fulfilled,0,0
O000208,2025-01-09,South,P0027,S010,6,275.2,1651.2,2025-01-15,2025-01-14,5,On Time,Fulfilled,0,0
O000209,2025-08-01,South,P0001,S004,6,289.3,1735.8,2025-08-06,2025-08-07,6,Late,Fulfilled,0,1
O000210,2025-05-13,West,P0009,S004,5,209.42,1047.1,2025-05-15,2025-05-14,1,On Time,Fulfilled,0,0
O000211,2025-10-24,East,P0023,S010,7,93.63,655.41,2025-10-30,2025-10-31,7,Late,Fulfilled,0,1
O000212,2025-03-23,West,P0013,S004,6,290.72,1744.32,2025-03-26,2025-03-26,3,On Time,Fulfilled,0,0
O000213,2025-11-13,West,P0026,S007,8,250.97,2007.76,2025-11-15,2025-11-15,2,On Time,Fulfilled,0,0
O000214,2025-08-11,West,P0034,S007,4,263.25,1053.0,2025-08-15,2025-08-19,8,Late,Fulfilled,0,1
O000215,2025-11-12,Central,P0046,S007,2,225.07,450.14,2025-11-16,2025-11-17,5,Late,Returned,1,1
O000216,2025-11-14,South,P0040,S001,3,216.21,648.63,2025-11-18,2025-11-18,4,On Time,Fulfilled,0,0
O000217,2025-03-24,East,P0012,S001,2,86.98,173.96,2025-03-26,2025-03-27,3,Late,Returned,1,1
O000218,2025-09-07,North,P0017,S004,8,179.09,1432.72,2025-09-11,2025-09-12,5,Late,Fulfilled,0,1
O000219,2025-02-05,South,P0051,S010,3,159.11,477.33,2025-02-09,2025-02-10,5,Late,Fulfilled,0,1
O000220,2025-10-29,South,P0017,S004,4,179.09,716.36,2025-11-01,2025-11-02,4,Late,Fulfilled,0,1
O000221,2025-08-21,West,P0023,S010,3,93.63,280.89,2025-08-27,2025-08-27,6,On Time,Fulfilled,0,0
O000222,2025-05-11,Central,P0013,S004,6,290.72,1744.32,2025-05-15,2025-05-14,3,On Time,Fulfilled,0,0
O000223,2025-06-13,West,P0002,S007,1,244.65,244.65,2025-06-15,2025-06-14,1,On Time,Fulfilled,0,0
O000224,2025-05-12,North,P0023,S010,1,93.63,93.63,2025-05-18,2025-05-17,5,On Time,Fulfilled,0,0
O000225,2025-03-16,South,P0035,S010,4,211.82,847.28,2025-03-19,2025-03-20,4,Late,Fulfilled,0,1
O000226,2025-11-13,North,P0055,S010,4,76.46,305.84,2025-11-18,2025-11-19,6,Late,Fulfilled,0,1
O000227,2025-12-13,North,P0057,S004,5,302.85,1514.25,2025-12-15,2025-12-16,3,Late,Fulfilled,0,1
O000228,2025-10-24,North,P0015,S010,6,312.58,1875.48,2025-10-29,2025-10-28,4,On Time,Fulfilled,0,0
O000229,2025-10-25,West,P0050,S007,7,37.5,262.5,2025-10-30,2025-10-30,5,On Time,Fulfilled,0,0
O000230,2025-09-26,South,P0034,S007,8,263.25,2106.0,2025-09-28,2025-09-29,3,Late,Fulfilled,0,1
O000231,2025-05-26,South,P0027,S010,7,275.2,1926.4,2025-05-30,2025-06-04,9,Late,Fulfilled,0,1
O000232,2025-01-10,South,P0046,S007,3,225.07,675.21,2025-01-14,2025-01-15,5,Late,Fulfilled,0,1
O000233,2025-06-03,West,P0028,S001,7,123.49,864.43,2025-06-09,2025-06-08,5,On Time,Fulfilled,0,0
O000234,2025-06-19,North,P0058,S007,4,66.02,264.08,2025-06-21,2025-06-20,1,On Time,Fulfilled,0,0
O000235,2025-02-09,East,P0018,S007,7,79.76,558.32,2025-02-15,2025-02-16,7,Late,Fulfilled,0,1
O000236,2025-11-20,East,P0060,S001,7,118.33,828.31,2025-11-26,2025-11-25,5,On Time,Fulfilled,0,0
O000237,2025-10-25,Central,P0005,S004,8,247.38,1979.04,2025-10-31,2025-11-04,10,Late,Fulfilled,0,1
O000238,2025-02-02,West,P0002,S007,7,244.65,1712.55,2025-02-07,2025-02-06,4,On Time,Fulfilled,0,0
O000239,2025-02-20,East,P0058,S007,5,66.02,330.1,2025-02-23,2025-02-22,2,On Time,Fulfilled,0,0
O000240,2025-04-20,East,P0018,S007,1,79.76,79.76,2025-04-25,2025-04-26,6,Late,Fulfilled,0,1
O000241,2025-06-24,West,P0004,S001,3,209.94,629.82,2025-06-28,2025-06-28,4,On Time,Fulfilled,0,0
O000242,2025-08-04,South,P0038,S007,3,97.26,291.78,2025-08-09,2025-08-08,4,On Time,Fulfilled,0,0
O000243,2025-07-13,East,P0051,S010,8,159.11,1272.88,2025-07-16,2025-07-21,8,Late,Returned,1,1
O000244,2025-07-18,South,P0059,S010,8,209.28,1674.24,2025-07-23,2025-07-27,9,Late,Fulfilled,0,1
O000245,2025-03-16,Central,P0045,S004,2,109.48,218.96,2025-03-19,2025-03-19,3,On Time,Fulfilled,0,0
O000246,2025-02-01,Central,P0025,S004,6,171.85,1031.1,2025-02-06,2025-02-12,11,Late,Fulfilled,0,1
O000247,2025-04-11,North,P0051,S010,2,159.11,318.22,2025-04-13,2025-04-14,3,Late,Fulfilled,0,1
O000248,2025-03-31,West,P0010,S007,8,101.15,809.2,2025-04-05,2025-04-05,5,On Time,Fulfilled,0,0
O000249,2025-06-13,South,P0015,S010,8,312.58,2500.64,2025-06-17,2025-06-18,5,Late,Fulfilled,0,1
O000250,2025-06-18,North,P0045,S004,4,109.48,437.92,2025-06-22,2025-06-21,3,On Time,Fulfilled,0,0
O000251,2025-06-13,West,P0026,S007,2,250.97,501.94,2025-06-17,2025-06-18,5,Late,Fulfilled,0,1
O000252,2025-05-11,East,P0006,S007,7,73.03,511.21,2025-05-16,2025-05-15,4,On Time,Returned,1,0
O000253,2025-12-17,South,P0034,S007,3,263.25,789.75,2025-12-20,2025-12-19,2,On Time,Fulfilled,0,0
O000254,2025-09-15,West,P0022,S007,3,174.48,523.44,2025-09-19,2025-09-19,4,On Time,Fulfilled,0,0
O000255,2025-02-09,Central,P0050,S007,7,37.5,262.5,2025-02-14,2025-02-13,4,On Time,Returned,1,0
O000256,2025-01-21,East,P0030,S007,2,299.53,599.06,2025-01-24,2025-01-23,2,On Time,Fulfilled,0,0
O000257,2025-04-05,East,P0033,S004,8,183.37,1466.96,2025-04-11,2025-04-11,6,On Time,Fulfilled,0,0
O000258,2025-07-10,West,P0029,S004,5,76.33,381.65,2025-07-16,2025-07-15,5,On Time,Fulfilled,0,0
O000259,2025-03-15,East,P0040,S001,7,216.21,1513.47,2025-03-21,2025-03-21,6,On Time,Fulfilled,0,0
O000260,2025-10-26,North,P0046,S007,1,225.07,225.07,2025-10-30,2025-11-05,10,Late,Fulfilled,0,1
O000261,2025-02-11,Central,P0054,S007,2,261.11,522.22,2025-02-17,2025-02-17,6,On Time,Fulfilled,0,0
O000262,2025-10-16,East,P0020,S001,3,148.59,445.77,2025-10-18,2025-10-17,1,On Time,Fulfilled,0,0
O000263,2025-06-09,East,P0044,S001,5,281.48,1407.4,2025-06-14,2025-06-15,6,Late,Fulfilled,0,1
O000264,2025-04-08,Central,P0036,S001,4,98.04,392.16,2025-04-11,2025-04-12,4,Late,Fulfilled,0,1
O000265,2025-04-17,West,P0029,S004,6,76.33,457.98,2025-04-21,2025-04-20,3,On Time,Fulfilled,0,0
O000266,2025-07-10,West,P0004,S001,5,209.94,1049.7,2025-07-13,2025-07-13,3,On Time,Fulfilled,0,0
O000267,2025-12-02,South,P0044,S001,6,281.48,1688.88,2025-12-08,2025-12-07,5,On Time,Fulfilled,0,0
O000268,2025-09-13,West,P0024,S001,6,64.9,389.4,2025-09-19,2025-09-20,7,Late,Fulfilled,0,1
O000269,2025-11-05,West,P0043,S010,2,254.39,508.78,2025-11-11,2025-11-12,7,Late,Fulfilled,0,1
O000270,2025-04-15,East,P0030,S007,8,299.53,2396.24,2025-04-20,2025-04-21,6,Late,Fulfilled,0,1
O000271,2025-05-06,South,P0048,S001,4,141.97,567.88,2025-05-09,2025-05-08,2,On Time,Fulfilled,0,0
O000272,2025-07-19,East,P0008,S001,3,158.77,476.31,2025-07-25,2025-07-26,7,Late,Fulfilled,0,1
O000273,2025-09-14,South,P0017,S004,1,179.09,179.09,2025-09-20,2025-09-20,6,On Time,Fulfilled,0,0
O000274,2025-02-14,North,P0040,S001,2,216.21,432.42,2025-02-19,2025-02-20,6,Late,Fulfilled,0,1
O000275,2025-09-07,South,P0020,S001,5,148.59,742.95,2025-09-09,2025-09-10,3,Late,Fulfilled,0,1
O000276,2025-10-06,North,P0057,S004,6,302.85,1817.1,2025-10-11,2025-10-15,9,Late,Fulfilled,0,1
O000277,2025-01-01,South,P0016,S001,2,140.21,280.42,2025-01-07,2025-01-08,7,Late,Returned,1,1
O000278,2025-10-07,North,P0048,S001,4,141.97,567.88,2025-10-09,2025-10-09,2,On Time,Fulfilled,0,0
O000279,2025-04-13,North,P0022,S007,1,174.48,174.48,2025-04-18,2025-04-19,6,Late,Fulfilled,0,1
O000280,2025-11-02,Central,P0002,S007,2,244.65,489.3,2025-11-05,2025-11-05,3,On Time,Fulfilled,0,0
O000281,2025-10-12,East,P0016,S001,3,140.21,420.63,2025-10-15,2025-10-16,4,Late,Fulfilled,0,1
O000282,2025-12-15,South,P0060,S001,3,118.33,354.99,2025-12-18,2025-12-17,2,On Time,Fulfilled,0,0
O000283,2025-07-25,Central,P0016,S001,5,140.21,701.05,2025-07-28,2025-07-29,4,Late,Fulfilled,0,1
O000284,2025-09-08,Central,P0031,S010,3,75.12,225.36,2025-09-13,2025-09-13,5,On Time,Fulfilled,0,0
O000285,2025-07-01,North,P0055,S010,6,76.46,458.76,2025-07-05,2025-07-05,4,On Time,Fulfilled,0,0
O000286,2025-06-04,South,P0045,S004,2,109.48,218.96,2025-06-08,2025-06-10,6,Late,Fulfilled,0,1
O000287,2025-09-10,Central,P0044,S001,1,281.48,281.48,2025-09-15,2025-09-20,10,Late,Fulfilled,0,1
O000288,2025-12-02,North,P0021,S004,8,179.24,1433.92,2025-12-07,2025-12-07,5,On Time,Fulfilled,0,0
O000289,2025-02-27,Central,P0046,S007,5,225.07,1125.35,2025-03-03,2025-03-08,9,Late,Fulfilled,0,1
O000290,2025-11-24,West,P0025,S004,8,171.85,1374.8,2025-11-27,2025-11-28,4,Late,Fulfilled,0,1
O000291,2025-08-09,South,P0056,S001,4,210.07,840.28,2025-08-12,2025-08-13,4,Late,Fulfilled,0,1
O000292,2025-03-27,South,P0058,S007,6,66.02,396.12,2025-03-31,2025-03-30,3,On Time,Fulfilled,0,0
O000293,2025-03-09,South,P0015,S010,7,312.58,2188.06,2025-03-13,2025-03-14,5,Late,Fulfilled,0,1
O000294,2025-09-25,West,P0030,S007,4,299.53,1198.12,2025-09-28,2025-10-02,7,Late,Fulfilled,0,1
O000295,2025-05-18,Central,P0028,S001,8,123.49,987.92,2025-05-21,2025-05-21,3,On Time,Fulfilled,0,0
O000296,2025-01-12,North,P0051,S010,6,159.11,954.66,2025-01-15,2025-01-14,2,On Time,Fulfilled,0,0
O000297,2025-01-13,West,P0024,S001,6,64.9,389.4,2025-01-17,2025-01-17,4,On Time,Fulfilled,0,0
O000298,2025-02-11,North,P0021,S004,7,179.24,1254.68,2025-02-13,2025-02-19,8,Late,Returned,1,1
O000299,2025-09-06,West,P0030,S007,6,299.53,1797.18,2025-09-11,2025-09-15,9,Late,Fulfilled,0,1
O000300,2025-01-12,West,P0032,S001,8,166.64,1333.12,2025-01-17,2025-01-16,4,On Time,Fulfilled,0,0
O000301,2025-09-20,South,P0034,S007,4,263.25,1053.0,2025-09-24,2025-09-25,5,Late,Fulfilled,0,1
O000302,2025-04-14,Central,P0029,S004,1,76.33,76.33,2025-04-20,2025-04-19,5,On Time,Fulfilled,0,0
O000303,2025-12-13,North,P0010,S007,3,101.15,303.45,2025-12-18,2025-12-17,4,On Time,Fulfilled,0,0
O000304,2025-07-28,Central,P0042,S007,3,315.31,945.93,2025-08-01,2025-07-31,3,On Time,Fulfilled,0,0
O000305,2025-04-18,West,P0014,S007,8,195.03,1560.24,2025-04-23,2025-04-23,5,On Time,Returned,1,0
O000306,2025-05-02,North,P0043,S010,3,254.39,763.17,2025-05-07,2025-05-06,4,On Time,Fulfilled,0,0
O000307,2025-08-05,East,P0037,S004,2,84.71,169.42,2025-08-08,2025-08-10,5,Late,Returned,1,1
O000308,2025-03-03,South,P0009,S004,2,209.42,418.84,2025-03-07,2025-03-11,8,Late,Fulfilled,0,1
O000309,2025-07-27,East,P0003,S010,4,294.12,1176.48,2025-07-30,2025-08-01,5,Late,Fulfilled,0,1
O000310,2025-02-07,North,P0060,S001,2,118.33,236.66,2025-02-13,2025-02-13,6,On Time,Fulfilled,0,0
O000311,2025-11-18,West,P0011,S010,6,132.12,792.72,2025-11-22,2025-11-22,4,On Time,Fulfilled,0,0
O000312,2025-06-12,East,P0025,S004,5,171.85,859.25,2025-06-14,2025-06-15,3,Late,Fulfilled,0,1
O000313,2025-05-21,North,P0036,S001,1,98.04,98.04,2025-05-27,2025-05-27,6,On Time,Fulfilled,0,0
O000314,2025-10-02,South,P0034,S007,1,263.25,263.25,2025-10-04,2025-10-05,3,Late,Fulfilled,0,1
O000315,2025-01-31,North,P0049,S004,3,224.76,674.28,2025-02-03,2025-02-04,4,Late,Fulfilled,0,1
O000316,2025-02-04,Central,P0036,S001,1,98.04,98.04,2025-02-06,2025-02-06,2,On Time,Fulfilled,0,0
O000317,2025-08-15,Central,P0015,S010,3,312.58,937.74,2025-08-21,2025-08-20,5,On Time,Fulfilled,0,0
O000318,2025-01-09,East,P0002,S007,5,244.65,1223.25,2025-01-15,2025-01-14,5,On Time,Fulfilled,0,0
O000319,2025-05-22,Central,P0050,S007,5,37.5,187.5,2025-05-26,2025-05-27,5,Late,Fulfilled,0,1
O000320,2025-12-10,South,P0030,S007,1,299.53,299.53,2025-12-16,2025-12-16,6,On Time,Fulfilled,0,0
O000321,2025-07-08,East,P0041,S004,8,162.16,1297.28,2025-07-11,2025-07-12,4,Late,Fulfilled,0,1
O000322,2025-11-15,Central,P0038,S007,5,97.26,486.3,2025-11-21,2025-11-22,7,Late,Fulfilled,0,1
O000323,2025-03-29,North,P0033,S004,2,183.37,366.74,2025-04-01,2025-04-02,4,Late,Fulfilled,0,1
O000324,2025-08-10,Central,P0006,S007,4,73.03,292.12,2025-08-12,2025-08-13,3,Late,Fulfilled,0,1
O000325,2025-04-17,South,P0043,S010,1,254.39,254.39,2025-04-21,2025-04-22,5,Late,Fulfilled,0,1
O000326,2025-10-31,Central,P0007,S010,5,85.99,429.95,2025-11-03,2025-11-05,5,Late,Fulfilled,0,1
O000327,2025-10-01,North,P0011,S010,2,132.12,264.24,2025-10-07,2025-10-06,5,On Time,Fulfilled,0,0
O000328,2025-11-22,South,P0039,S010,7,71.46,500.22,2025-11-26,2025-11-26,4,On Time,Returned,1,0
O000329,2025-04-16,West,P0023,S010,1,93.63,93.63,2025-04-18,2025-04-19,3,Late,Fulfilled,0,1
O000330,2025-08-19,Central,P0052,S001,3,57.76,173.28,2025-08-22,2025-08-21,2,On Time,Fulfilled,0,0
O000331,2025-11-05,West,P0006,S007,6,73.03,438.18,2025-11-11,2025-11-10,5,On Time,Fulfilled,0,0
O000332,2025-01-15,North,P0050,S007,4,37.5,150.0,2025-01-18,2025-01-17,2,On Time,Fulfilled,0,0
O000333,2025-04-22,North,P0059,S010,1,209.28,209.28,2025-04-28,2025-04-28,6,On Time,Fulfilled,0,0
O000334,2025-05-02,West,P0023,S010,5,93.63,468.15,2025-05-08,2025-05-09,7,Late,Fulfilled,0,1
O000335,2025-02-14,West,P0039,S010,1,71.46,71.46,2025-02-19,2025-02-19,5,On Time,Fulfilled,0,0
O000336,2025-04-02,North,P0014,S007,6,195.03,1170.18,2025-04-05,2025-04-06,4,Late,Fulfilled,0,1
O000337,2025-06-02,Central,P0059,S010,3,209.28,627.84,2025-06-08,2025-06-08,6,On Time,Fulfilled,0,0
O000338,2025-08-04,West,P0032,S001,2,166.64,333.28,2025-08-07,2025-08-06,2,On Time,Fulfilled,0,0
O000339,2025-07-04,Central,P0037,S004,8,84.71,677.68,2025-07-06,2025-07-11,7,Late,Fulfilled,0,1
O000340,2025-03-10,West,P0017,S004,7,179.09,1253.63,2025-03-15,2025-03-16,6,Late,Returned,1,1
O000341,2025-11-22,Central,P0039,S010,2,71.46,142.92,2025-11-28,2025-11-27,5,On Time,Fulfilled,0,0
O000342,2025-03-24,West,P0037,S004,7,84.71,592.97,2025-03-26,2025-03-29,5,Late,Fulfilled,0,1
O000343,2025-07-12,Central,P0023,S010,8,93.63,749.04,2025-07-14,2025-07-14,2,On Time,Fulfilled,0,0
O000344,2025-04-22,North,P0056,S001,3,210.07,630.21,2025-04-26,2025-04-26,4,On Time,Returned,1,0
O000345,2025-10-15,South,P0046,S007,8,225.07,1800.56,2025-10-18,2025-10-17,2,On Time,Fulfilled,0,0
O000346,2025-02-21,West,P0005,S004,8,247.38,1979.04,2025-02-24,2025-02-23,2,On Time,Fulfilled,0,0
O000347,2025-06-17,South,P0022,S007,4,174.48,697.92,2025-06-20,2025-06-21,4,Late,Fulfilled,0,1
O000348,2025-09-13,East,P0014,S007,4,195.03,780.12,2025-09-18,2025-09-18,5,On Time,Fulfilled,0,0
O000349,2025-02-21,West,P0033,S004,2,183.37,366.74,2025-02-26,2025-02-25,4,On Time,Fulfilled,0,0
O000350,2025-05-04,Central,P0015,S010,6,312.58,1875.48,2025-05-08,2025-05-12,8,Late,Fulfilled,0,1
O000351,2025-12-15,West,P0015,S010,6,312.58,1875.48,2025-12-18,2025-12-18,3,On Time,Fulfilled,0,0
O000352,2025-05-12,North,P0018,S007,6,79.76,478.56,2025-05-17,2025-05-17,5,On Time,Fulfilled,0,0
O000353,2025-10-12,North,P0009,S004,2,209.42,418.84,2025-10-15,2025-10-15,3,On Time,Fulfilled,0,0
O000354,2025-12-10,North,P0055,S010,4,76.46,305.84,2025-12-14,2025-12-15,5,Late,Fulfilled,0,1
O000355,2025-03-15,West,P0052,S001,7,57.76,404.32,2025-03-21,2025-03-22,7,Late,Fulfilled,0,1
O000356,2025-10-23,South,P0054,S007,5,261.11,1305.55,2025-10-27,2025-10-27,4,On Time,Fulfilled,0,0
O000357,2025-02-20,South,P0028,S001,3,123.49,370.47,2025-02-24,2025-02-23,3,On Time,Fulfilled,0,0
O000358,2025-10-02,West,P0038,S007,6,97.26,583.56,2025-10-08,2025-10-07,5,On Time,Returned,1,0
O000359,2025-08-04,North,P0017,S004,3,179.09,537.27,2025-08-06,2025-08-06,2,On Time,Fulfilled,0,0
O000360,2025-11-14,East,P0044,S001,4,281.48,1125.92,2025-11-19,2025-11-18,4,On Time,Fulfilled,0,0
O000361,2025-04-22,North,P0035,S010,3,211.82,635.46,2025-04-28,2025-04-27,5,On Time,Fulfilled,0,0
O000362,2025-12-21,West,P0024,S001,5,64.9,324.5,2025-12-23,2025-12-22,1,On Time,Fulfilled,0,0
O000363,2025-10-20,Central,P0045,S004,8,109.48,875.84,2025-10-24,2025-10-24,4,On Time,Fulfilled,0,0
O000364,2025-09-15,North,P0035,S010,5,211.82,1059.1,2025-09-17,2025-09-18,3,Late,Fulfilled,0,1
O000365,2025-06-16,South,P0013,S004,8,290.72,2325.76,2025-06-20,2025-06-21,5,Late,Fulfilled,0,1
O000366,2025-07-12,Central,P0039,S010,4,71.46,285.84,2025-07-14,2025-07-13,1,On Time,Fulfilled,0,0
O000367,2025-07-23,East,P0002,S007,8,244.65,1957.2,2025-07-29,2025-07-28,5,On Time,Fulfilled,0,0
O000368,2025-05-01,West,P0017,S004,8,179.09,1432.72,2025-05-04,2025-05-05,4,Late,Fulfilled,0,1
O000369,2025-10-17,Central,P0046,S007,8,225.07,1800.56,2025-10-21,2025-10-20,3,On Time,Fulfilled,0,0
O000370,2025-07-12,West,P0046,S007,5,225.07,1125.35,2025-07-16,2025-07-15,3,On Time,Fulfilled,0,0
O000371,2025-12-21,Central,P0043,S010,5,254.39,1271.95,2025-12-27,2025-12-27,6,On Time,Returned,1,0
O000372,2025-02-28,West,P0040,S001,4,216.21,864.84,2025-03-03,2025-03-02,2,On Time,Fulfilled,0,0
O000373,2025-04-16,Central,P0040,S001,3,216.21,648.63,2025-04-19,2025-04-18,2,On Time,Fulfilled,0,0
O000374,2025-08-03,South,P0002,S007,6,244.65,1467.9,2025-08-05,2025-08-05,2,On Time,Fulfilled,0,0
O000375,2025-01-17,West,P0001,S004,1,289.3,289.3,2025-01-20,2025-01-20,3,On Time,Fulfilled,0,0
O000376,2025-02-20,West,P0006,S007,1,73.03,73.03,2025-02-22,2025-02-22,2,On Time,Fulfilled,0,0
O000377,2025-03-17,Central,P0044,S001,2,281.48,562.96,2025-03-23,2025-03-24,7,Late,Fulfilled,0,1
O000378,2025-12-27,West,P0002,S007,3,244.65,733.95,2026-01-01,2026-01-01,5,On Time,Fulfilled,0,0
O000379,2025-05-09,North,P0023,S010,1,93.63,93.63,2025-05-13,2025-05-14,5,Late,Fulfilled,0,1
O000380,2025-10-07,Central,P0052,S001,4,57.76,231.04,2025-10-13,2025-10-13,6,On Time,Fulfilled,0,0
O000381,2025-11-08,Central,P0034,S007,1,263.25,263.25,2025-11-11,2025-11-12,4,Late,Fulfilled,0,1
O000382,2025-06-01,North,P0027,S010,3,275.2,825.6,2025-06-04,2025-06-04,3,On Time,Fulfilled,0,0
O000383,2025-02-03,North,P0049,S004,7,224.76,1573.32,2025-02-07,2025-02-07,4,On Time,Fulfilled,0,0
O000384,2025-04-06,Central,P0055,S010,6,76.46,458.76,2025-04-08,2025-04-08,2,On Time,Fulfilled,0,0
O000385,2025-01-25,North,P0014,S007,5,195.03,975.15,2025-01-27,2025-01-28,3,Late,Fulfilled,0,1
O000386,2025-02-28,Central,P0028,S001,6,123.49,740.94,2025-03-02,2025-03-03,3,Late,Fulfilled,0,1
O000387,2025-03-17,South,P0014,S007,8,195.03,1560.24,2025-03-23,2025-03-24,7,Late,Fulfilled,0,1
O000388,2025-04-15,South,P0015,S010,3,312.58,937.74,2025-04-21,2025-04-20,5,On Time,Fulfilled,0,0
O000389,2025-06-26,South,P0002,S007,3,244.65,733.95,2025-06-30,2025-07-02,6,Late,Fulfilled,0,1
O000390,2025-11-02,South,P0003,S010,3,294.12,882.36,2025-11-06,2025-11-07,5,Late,Fulfilled,0,1
O000391,2025-12-25,East,P0041,S004,4,162.16,648.64,2025-12-29,2025-12-30,5,Late,Fulfilled,0,1
O000392,2025-11-06,East,P0054,S007,2,261.11,522.22,2025-11-09,2025-11-10,4,Late,Fulfilled,0,1
O000393,2025-12-08,North,P0040,S001,5,216.21,1081.05,2025-12-10,2025-12-11,3,Late,Fulfilled,0,1
O000394,2025-12-12,North,P0009,S004,1,209.42,209.42,2025-12-16,2025-12-16,4,On Time,Fulfilled,0,0
O000395,2025-01-17,South,P0002,S007,7,244.65,1712.55,2025-01-23,2025-01-23,6,On Time,Returned,1,0
O000396,2025-07-24,South,P0026,S007,1,250.97,250.97,2025-07-28,2025-07-30,6,Late,Fulfilled,0,1
O000397,2025-01-23,North,P0021,S004,4,179.24,716.96,2025-01-25,2025-01-25,2,On Time,Fulfilled,0,0
O000398,2025-04-04,North,P0059,S010,2,209.28,418.56,2025-04-06,2025-04-05,1,On Time,Fulfilled,0,0
O000399,2025-05-16,West,P0050,S007,3,37.5,112.5,2025-05-18,2025-05-19,3,Late,Fulfilled,0,1
O000400,2025-04-02,South,P0028,S001,2,123.49,246.98,2025-04-05,2025-04-06,4,Late,Fulfilled,0,1
O000401,2025-03-18,East,P0032,S001,7,166.64,1166.48,2025-03-21,2025-03-22,4,Late,Fulfilled,0,1
O000402,2025-02-02,Central,P0008,S001,4,158.77,635.08,2025-02-04,2025-02-03,1,On Time,Fulfilled,0,0
O000403,2025-08-12,Central,P0024,S001,8,64.9,519.2,2025-08-16,2025-08-17,5,Late,Fulfilled,0,1
O000404,2025-04-21,South,P0020,S001,2,148.59,297.18,2025-04-27,2025-04-26,5,On Time,Fulfilled,0,0
O000405,2025-06-11,North,P0023,S010,4,93.63,374.52,2025-06-17,2025-06-16,5,On Time,Fulfilled,0,0
O000406,2025-05-28,North,P0038,S007,4,97.26,389.04,2025-05-30,2025-05-30,2,On Time,Fulfilled,0,0
O000407,2025-06-07,North,P0059,S010,1,209.28,209.28,2025-06-12,2025-06-12,5,On Time,Fulfilled,0,0
O000408,2025-05-23,South,P0044,S001,6,281.48,1688.88,2025-05-27,2025-05-27,4,On Time,Fulfilled,0,0
O000409,2025-04-30,Central,P0023,S010,3,93.63,280.89,2025-05-03,2025-05-07,7,Late,Fulfilled,0,1
O000410,2025-08-05,West,P0054,S007,1,261.11,261.11,2025-08-10,2025-08-09,4,On Time,Fulfilled,0,0
O000411,2025-03-13,South,P0028,S001,4,123.49,493.96,2025-03-16,2025-03-15,2,On Time,Fulfilled,0,0
O000412,2025-04-24,Central,P0022,S007,6,174.48,1046.88,2025-04-28,2025-04-28,4,On Time,Fulfilled,0,0
O000413,2025-02-24,East,P0030,S007,8,299.53,2396.24,2025-02-26,2025-03-02,6,Late,Fulfilled,0,1
O000414,2025-05-01,North,P0033,S004,1,183.37,183.37,2025-05-03,2025-05-04,3,Late,Fulfilled,0,1
O000415,2025-02-22,North,P0010,S007,6,101.15,606.9,2025-02-28,2025-03-01,7,Late,Fulfilled,0,1
O000416,2025-04-10,North,P0004,S001,2,209.94,419.88,2025-04-12,2025-04-12,2,On Time,Fulfilled,0,0
O000417,2025-07-19,East,P0010,S007,3,101.15,303.45,2025-07-24,2025-07-29,10,Late,Fulfilled,0,1
O000418,2025-05-29,East,P0060,S001,4,118.33,473.32,2025-06-01,2025-05-31,2,On Time,Fulfilled,0,0
O000419,2025-04-05,North,P0028,S001,2,123.49,246.98,2025-04-09,2025-04-08,3,On Time,Fulfilled,0,0
O000420,2025-06-18,South,P0017,S004,5,179.09,895.45,2025-06-24,2025-06-26,8,Late,Fulfilled,0,1
O000421,2025-05-10,North,P0014,S007,1,195.03,195.03,2025-05-12,2025-05-13,3,Late,Fulfilled,0,1
O000422,2025-09-19,East,P0013,S004,1,290.72,290.72,2025-09-21,2025-09-21,2,On Time,Fulfilled,0,0
O000423,2025-08-16,Central,P0015,S010,7,312.58,2188.06,2025-08-19,2025-08-22,6,Late,Fulfilled,0,1
O000424,2025-07-14,West,P0034,S007,3,263.25,789.75,2025-07-17,2025-07-18,4,Late,Fulfilled,0,1
O000425,2025-09-24,East,P0021,S004,2,179.24,358.48,2025-09-29,2025-09-30,6,Late,Fulfilled,0,1
O000426,2025-10-29,South,P0058,S007,1,66.02,66.02,2025-11-03,2025-11-03,5,On Time,Fulfilled,0,0
O000427,2025-03-20,East,P0008,S001,3,158.77,476.31,2025-03-26,2025-03-25,5,On Time,Fulfilled,0,0
O000428,2025-10-21,South,P0058,S007,2,66.02,132.04,2025-10-23,2025-10-24,3,Late,Returned,1,1
O000429,2025-01-22,Central,P0018,S007,4,79.76,319.04,2025-01-28,2025-01-28,6,On Time,Fulfilled,0,0
O000430,2025-03-11,West,P0035,S010,5,211.82,1059.1,2025-03-15,2025-03-16,5,Late,Fulfilled,0,1
O000431,2025-10-25,Central,P0008,S001,4,158.77,635.08,2025-10-28,2025-10-27,2,On Time,Fulfilled,0,0
O000432,2025-04-14,North,P0055,S010,7,76.46,535.22,2025-04-18,2025-04-18,4,On Time,Fulfilled,0,0
O000433,2025-05-11,Central,P0054,S007,5,261.11,1305.55,2025-05-17,2025-05-18,7,Late,Fulfilled,0,1
O000434,2025-05-01,Central,P0016,S001,1,140.21,140.21,2025-05-04,2025-05-04,3,On Time,Fulfilled,0,0
O000435,2025-03-31,East,P0011,S010,5,132.12,660.6,2025-04-03,2025-04-03,3,On Time,Fulfilled,0,0
O000436,2025-09-15,North,P0050,S007,4,37.5,150.0,2025-09-17,2025-09-16,1,On Time,Fulfilled,0,0
O000437,2025-10-29,South,P0036,S001,2,98.04,196.08,2025-11-01,2025-10-31,2,On Time,Fulfilled,0,0
O000438,2025-04-13,North,P0054,S007,5,261.11,1305.55,2025-04-19,2025-04-19,6,On Time,Fulfilled,0,0
O000439,2025-05-21,East,P0030,S007,6,299.53,1797.18,2025-05-27,2025-05-26,5,On Time,Fulfilled,0,0
O000440,2025-12-14,Central,P0031,S010,2,75.12,150.24,2025-12-16,2025-12-17,3,Late,Fulfilled,0,1
O000441,2025-03-11,East,P0012,S001,7,86.98,608.86,2025-03-13,2025-03-19,8,Late,Fulfilled,0,1
O000442,2025-06-04,South,P0022,S007,5,174.48,872.4,2025-06-09,2025-06-10,6,Late,Fulfilled,0,1
O000443,2025-07-22,South,P0001,S004,8,289.3,2314.4,2025-07-24,2025-07-25,3,Late,Fulfilled,0,1
O000444,2025-01-11,South,P0010,S007,6,101.15,606.9,2025-01-17,2025-01-17,6,On Time,Fulfilled,0,0
O000445,2025-09-19,North,P0055,S010,3,76.46,229.38,2025-09-22,2025-09-22,3,On Time,Returned,1,0
O000446,2025-04-28,East,P0033,S004,8,183.37,1466.96,2025-05-04,2025-05-04,6,On Time,Fulfilled,0,0
O000447,2025-08-30,Central,P0050,S007,2,37.5,75.0,2025-09-03,2025-09-04,5,Late,Fulfilled,0,1
O000448,2025-02-10,West,P0025,S004,2,171.85,343.7,2025-02-13,2025-02-12,2,On Time,Fulfilled,0,0
O000449,2025-01-26,East,P0046,S007,4,225.07,900.28,2025-01-28,2025-01-27,1,On Time,Fulfilled,0,0
O000450,2025-05-21,North,P0035,S010,4,211.82,847.28,2025-05-24,2025-05-24,3,On Time,Fulfilled,0,0
O000451,2025-10-11,North,P0048,S001,7,141.97,993.79,2025-10-17,2025-10-18,7,Late,Fulfilled,0,1
O000452,2025-05-06,North,P0008,S001,1,158.77,158.77,2025-05-11,2025-05-11,5,On Time,Fulfilled,0,0
O000453,2025-01-14,Central,P0019,S010,2,269.79,539.58,2025-01-19,2025-01-20,6,Late,Fulfilled,0,1
O000454,2025-07-06,South,P0053,S004,3,133.42,400.26,2025-07-12,2025-07-11,5,On Time,Fulfilled,0,0
O000455,2025-08-11,North,P0023,S010,1,93.63,93.63,2025-08-16,2025-08-17,6,Late,Fulfilled,0,1
O000456,2025-12-23,West,P0033,S004,1,183.37,183.37,2025-12-25,2025-12-24,1,On Time,Fulfilled,0,0
O000457,2025-11-08,East,P0030,S007,5,299.53,1497.65,2025-11-13,2025-11-13,5,On Time,Fulfilled,0,0
O000458,2025-10-16,East,P0029,S004,3,76.33,228.99,2025-10-21,2025-10-22,6,Late,Fulfilled,0,1
O000459,2025-04-28,East,P0019,S010,4,269.79,1079.16,2025-05-01,2025-05-01,3,On Time,Fulfilled,0,0
O000460,2025-12-08,East,P0045,S004,7,109.48,766.36,2025-12-13,2025-12-18,10,Late,Fulfilled,0,1
O000461,2025-11-27,East,P0018,S007,3,79.76,239.28,2025-12-01,2025-12-01,4,On Time,Fulfilled,0,0
O000462,2025-05-28,North,P0015,S010,3,312.58,937.74,2025-05-31,2025-05-30,2,On Time,Fulfilled,0,0
O000463,2025-11-16,West,P0026,S007,7,250.97,1756.79,2025-11-19,2025-11-18,2,On Time,Fulfilled,0,0
O000464,2025-02-26,North,P0006,S007,7,73.03,511.21,2025-03-02,2025-03-08,10,Late,Fulfilled,0,1
O000465,2025-05-21,North,P0038,S007,8,97.26,778.08,2025-05-26,2025-05-25,4,On Time,Fulfilled,0,0
O000466,2025-10-22,East,P0041,S004,6,162.16,972.96,2025-10-24,2025-10-24,2,On Time,Fulfilled,0,0
O000467,2025-03-10,Central,P0007,S010,1,85.99,85.99,2025-03-16,2025-03-17,7,Late,Fulfilled,0,1
O000468,2025-02-05,North,P0020,S001,7,148.59,1040.13,2025-02-07,2025-02-07,2,On Time,Fulfilled,0,0
O000469,2025-01-30,West,P0002,S007,3,244.65,733.95,2025-02-05,2025-02-06,7,Late,Fulfilled,0,1
O000470,2025-03-17,Central,P0060,S001,8,118.33,946.64,2025-03-20,2025-03-20,3,On Time,Fulfilled,0,0
O000471,2025-10-01,South,P0014,S007,1,195.03,195.03,2025-10-05,2025-10-05,4,On Time,Fulfilled,0,0
O000472,2025-11-30,North,P0014,S007,6,195.03,1170.18,2025-12-04,2025-12-03,3,On Time,Fulfilled,0,0
O000473,2025-02-24,West,P0037,S004,2,84.71,169.42,2025-02-28,2025-02-28,4,On Time,Returned,1,0
O000474,2025-12-25,Central,P0054,S007,5,261.11,1305.55,2025-12-29,2026-01-04,10,Late,Fulfilled,0,1
O000475,2025-12-12,South,P0052,S001,5,57.76,288.8,2025-12-15,2025-12-16,4,Late,Fulfilled,0,1
O000476,2025-05-27,South,P0030,S007,4,299.53,1198.12,2025-06-02,2025-06-01,5,On Time,Fulfilled,0,0
O000477,2025-09-23,South,P0014,S007,1,195.03,195.03,2025-09-26,2025-09-27,4,Late,Fulfilled,0,1
O000478,2025-04-13,Central,P0022,S007,7,174.48,1221.36,2025-04-16,2025-04-15,2,On Time,Fulfilled,0,0
O000479,2025-12-11,East,P0003,S010,6,294.12,1764.72,2025-12-14,2025-12-14,3,On Time,Fulfilled,0,0
O000480,2025-10-17,North,P0049,S004,4,224.76,899.04,2025-10-23,2025-10-24,7,Late,Fulfilled,0,1
O000481,2025-11-05,East,P0034,S007,3,263.25,789.75,2025-11-11,2025-11-11,6,On Time,Fulfilled,0,0
O000482,2025-05-24,West,P0031,S010,5,75.12,375.6,2025-05-28,2025-05-28,4,On Time,Fulfilled,0,0
O000483,2025-04-15,South,P0015,S010,3,312.58,937.74,2025-04-18,2025-04-17,2,On Time,Fulfilled,0,0
O000484,2025-09-06,West,P0059,S010,3,209.28,627.84,2025-09-11,2025-09-11,5,On Time,Fulfilled,0,0
O000485,2025-07-23,Central,P0010,S007,3,101.15,303.45,2025-07-26,2025-07-25,2,On Time,Fulfilled,0,0
O000486,2025-06-18,West,P0060,S001,8,118.33,946.64,2025-06-22,2025-06-23,5,Late,Fulfilled,0,1
O000487,2025-12-09,West,P0053,S004,2,133.42,266.84,2025-12-15,2025-12-16,7,Late,Fulfilled,0,1
O000488,2025-03-11,East,P0042,S007,1,315.31,315.31,2025-03-17,2025-03-16,5,On Time,Fulfilled,0,0
O000489,2025-02-07,Central,P0038,S007,8,97.26,778.08,2025-02-11,2025-02-12,5,Late,Fulfilled,0,1
O000490,2025-08-10,Central,P0046,S007,5,225.07,1125.35,2025-08-14,2025-08-13,3,On Time,Fulfilled,0,0
O000491,2025-06-15,South,P0030,S007,8,299.53,2396.24,2025-06-20,2025-06-21,6,Late,Fulfilled,0,1
O000492,2025-05-06,Central,P0007,S010,3,85.99,257.97,2025-05-12,2025-05-11,5,On Time,Fulfilled,0,0
O000493,2025-04-16,East,P0056,S001,4,210.07,840.28,2025-04-20,2025-04-19,3,On Time,Fulfilled,0,0
O000494,2025-05-24,Central,P0045,S004,3,109.48,328.44,2025-05-28,2025-05-29,5,Late,Fulfilled,0,1
O000495,2025-10-26,East,P0035,S010,4,211.82,847.28,2025-10-29,2025-10-30,4,Late,Fulfilled,0,1
O000496,2025-01-29,North,P0035,S010,6,211.82,1270.92,2025-01-31,2025-01-31,2,On Time,Fulfilled,0,0
O000497,2025-02-21,North,P0026,S007,5,250.97,1254.85,2025-02-23,2025-02-23,2,On Time,Fulfilled,0,0
O000498,2025-08-27,North,P0028,S001,1,123.49,123.49,2025-09-02,2025-09-01,5,On Time,Fulfilled,0,0
O000499,2025-11-25,East,P0054,S007,6,261.11,1566.66,2025-11-27,2025-11-27,2,On Time,Fulfilled,0,0
O000500,2025-12-18,West,P0060,S001,6,118.33,709.98,2025-12-23,2025-12-24,6,Late,Fulfilled,0,1
O000501,2025-06-22,West,P0035,S010,2,211.82,423.64,2025-06-27,2025-06-28,6,Late,Fulfilled,0,1
O000502,2025-03-21,North,P0042,S007,7,315.31,2207.17,2025-03-24,2025-03-25,4,Late,Fulfilled,0,1
O000503,2025-05-01,West,P0033,S004,7,183.37,1283.59,2025-05-06,2025-05-07,6,Late,Fulfilled,0,1
O000504,2025-06-02,East,P0037,S004,2,84.71,169.42,2025-06-05,2025-06-04,2,On Time,Returned,1,0
O000505,2025-09-18,West,P0033,S004,5,183.37,916.85,2025-09-21,2025-09-21,3,On Time,Fulfilled,0,0
O000506,2025-01-23,South,P0023,S010,8,93.63,749.04,2025-01-29,2025-02-01,9,Late,Fulfilled,0,1
O000507,2025-12-18,South,P0015,S010,8,312.58,2500.64,2025-12-23,2025-12-26,8,Late,Fulfilled,0,1
O000508,2025-08-11,South,P0010,S007,7,101.15,708.05,2025-08-17,2025-08-22,11,Late,Fulfilled,0,1
O000509,2025-04-15,West,P0025,S004,1,171.85,171.85,2025-04-21,2025-04-24,9,Late,Fulfilled,0,1
O000510,2025-09-30,Central,P0033,S004,5,183.37,916.85,2025-10-05,2025-10-05,5,On Time,Fulfilled,0,0
O000511,2025-08-26,Central,P0033,S004,8,183.37,1466.96,2025-08-31,2025-08-31,5,On Time,Fulfilled,0,0
O000512,2025-05-16,East,P0058,S007,7,66.02,462.14,2025-05-19,2025-05-18,2,On Time,Fulfilled,0,0
O000513,2025-07-05,Central,P0002,S007,4,244.65,978.6,2025-07-09,2025-07-08,3,On Time,Returned,1,0
O000514,2025-04-15,West,P0024,S001,8,64.9,519.2,2025-04-19,2025-04-19,4,On Time,Fulfilled,0,0
O000515,2025-11-13,West,P0013,S004,4,290.72,1162.88,2025-11-16,2025-11-16,3,On Time,Fulfilled,0,0
O000516,2025-06-30,Central,P0037,S004,1,84.71,84.71,2025-07-04,2025-07-05,5,Late,Fulfilled,0,1
O000517,2025-10-05,Central,P0047,S010,5,108.12,540.6,2025-10-08,2025-10-11,6,Late,Fulfilled,0,1
O000518,2025-07-12,West,P0043,S010,8,254.39,2035.12,2025-07-16,2025-07-15,3,On Time,Fulfilled,0,0
O000519,2025-10-06,East,P0056,S001,1,210.07,210.07,2025-10-08,2025-10-07,1,On Time,Fulfilled,0,0
O000520,2025-02-09,South,P0031,S010,2,75.12,150.24,2025-02-14,2025-02-15,6,Late,Fulfilled,0,1
O000521,2025-08-22,South,P0021,S004,6,179.24,1075.44,2025-08-26,2025-08-25,3,On Time,Fulfilled,0,0
O000522,2025-12-19,North,P0006,S007,6,73.03,438.18,2025-12-24,2025-12-23,4,On Time,Fulfilled,0,0
O000523,2025-02-11,Central,P0046,S007,2,225.07,450.14,2025-02-15,2025-02-14,3,On Time,Fulfilled,0,0
O000524,2025-03-03,Central,P0016,S001,3,140.21,420.63,2025-03-07,2025-03-10,7,Late,Fulfilled,0,1
O000525,2025-04-22,Central,P0043,S010,5,254.39,1271.95,2025-04-24,2025-04-23,1,On Time,Fulfilled,0,0
O000526,2025-07-05,Central,P0020,S001,6,148.59,891.54,2025-07-07,2025-07-07,2,On Time,Fulfilled,0,0
O000527,2025-03-18,West,P0046,S007,5,225.07,1125.35,2025-03-23,2025-03-24,6,Late,Fulfilled,0,1
O000528,2025-10-22,Central,P0027,S010,2,275.2,550.4,2025-10-27,2025-10-27,5,On Time,Fulfilled,0,0
O000529,2025-01-28,Central,P0025,S004,3,171.85,515.55,2025-02-02,2025-02-02,5,On Time,Fulfilled,0,0
O000530,2025-07-02,North,P0015,S010,8,312.58,2500.64,2025-07-06,2025-07-07,5,Late,Fulfilled,0,1
O000531,2025-02-28,North,P0051,S010,6,159.11,954.66,2025-03-06,2025-03-06,6,On Time,Fulfilled,0,0
O000532,2025-04-14,Central,P0012,S001,4,86.98,347.92,2025-04-18,2025-04-18,4,On Time,Fulfilled,0,0
O000533,2025-07-31,South,P0025,S004,7,171.85,1202.95,2025-08-03,2025-08-02,2,On Time,Fulfilled,0,0
O000534,2025-07-03,Central,P0035,S010,8,211.82,1694.56,2025-07-08,2025-07-09,6,Late,Fulfilled,0,1
O000535,2025-06-28,East,P0052,S001,6,57.76,346.56,2025-07-03,2025-07-03,5,On Time,Fulfilled,0,0
O000536,2025-04-03,North,P0036,S001,3,98.04,294.12,2025-04-07,2025-04-06,3,On Time,Fulfilled,0,0
O000537,2025-04-22,Central,P0048,S001,7,141.97,993.79,2025-04-26,2025-04-26,4,On Time,Fulfilled,0,0
O000538,2025-10-13,North,P0018,S007,7,79.76,558.32,2025-10-16,2025-10-16,3,On Time,Fulfilled,0,0
O000539,2025-12-10,East,P0034,S007,6,263.25,1579.5,2025-12-13,2025-12-12,2,On Time,Fulfilled,0,0
O000540,2025-05-28,North,P0060,S001,4,118.33,473.32,2025-06-01,2025-05-31,3,On Time,Fulfilled,0,0
O000541,2025-10-24,South,P0043,S010,1,254.39,254.39,2025-10-27,2025-10-28,4,Late,Fulfilled,0,1
O000542,2025-07-05,South,P0024,S001,5,64.9,324.5,2025-07-08,2025-07-07,2,On Time,Fulfilled,0,0
O000543,2025-02-26,West,P0016,S001,1,140.21,140.21,2025-03-03,2025-03-02,4,On Time,Fulfilled,0,0
O000544,2025-08-19,Central,P0019,S010,6,269.79,1618.74,2025-08-25,2025-08-26,7,Late,Fulfilled,0,1
O000545,2025-05-16,South,P0047,S010,7,108.12,756.84,2025-05-18,2025-05-19,3,Late,Fulfilled,0,1
O000546,2025-11-12,North,P0056,S001,6,210.07,1260.42,2025-11-18,2025-11-17,5,On Time,Fulfilled,0,0
O000547,2025-11-30,West,P0017,S004,3,179.09,537.27,2025-12-06,2025-12-07,7,Late,Fulfilled,0,1
O000548,2025-09-04,Central,P0001,S004,2,289.3,578.6,2025-09-10,2025-09-09,5,On Time,Fulfilled,0,0
O000549,2025-10-28,West,P0001,S004,7,289.3,2025.1,2025-10-30,2025-10-29,1,On Time,Fulfilled,0,0
O000550,2025-10-27,Central,P0026,S007,4,250.97,1003.88,2025-10-30,2025-10-29,2,On Time,Fulfilled,0,0
O000551,2025-03-08,East,P0034,S007,4,263.25,1053.0,2025-03-14,2025-03-14,6,On Time,Fulfilled,0,0
O000552,2025-01-06,North,P0035,S010,7,211.82,1482.74,2025-01-11,2025-01-13,7,Late,Fulfilled,0,1
O000553,2025-10-21,South,P0003,S010,8,294.12,2352.96,2025-10-24,2025-10-25,4,Late,Fulfilled,0,1
O000554,2025-09-26,West,P0031,S010,7,75.12,525.84,2025-10-02,2025-10-01,5,On Time,Fulfilled,0,0
O000555,2025-06-21,South,P0001,S004,4,289.3,1157.2,2025-06-24,2025-06-29,8,Late,Fulfilled,0,1
O000556,2025-03-12,North,P0038,S007,1,97.26,97.26,2025-03-17,2025-03-18,6,Late,Fulfilled,0,1
O000557,2025-10-31,South,P0030,S007,7,299.53,2096.71,2025-11-03,2025-11-02,2,On Time,Fulfilled,0,0
O000558,2025-01-28,South,P0014,S007,2,195.03,390.06,2025-01-30,2025-01-29,1,On Time,Fulfilled,0,0
O000559,2025-07-30,North,P0001,S004,3,289.3,867.9,2025-08-05,2025-08-05,6,On Time,Fulfilled,0,0
O000560,2025-10-19,North,P0013,S004,4,290.72,1162.88,2025-10-22,2025-10-23,4,Late,Fulfilled,0,1
O000561,2025-09-16,West,P0054,S007,2,261.11,522.22,2025-09-19,2025-09-22,6,Late,Fulfilled,0,1
O000562,2025-06-18,North,P0052,S001,1,57.76,57.76,2025-06-22,2025-06-21,3,On Time,Fulfilled,0,0
O000563,2025-05-23,South,P0035,S010,5,211.82,1059.1,2025-05-26,2025-05-27,4,Late,Fulfilled,0,1
O000564,2025-04-20,South,P0005,S004,2,247.38,494.76,2025-04-23,2025-04-24,4,Late,Fulfilled,0,1
O000565,2025-06-16,Central,P0044,S001,5,281.48,1407.4,2025-06-22,2025-06-22,6,On Time,Fulfilled,0,0
O000566,2025-07-17,North,P0029,S004,7,76.33,534.31,2025-07-22,2025-07-22,5,On Time,Fulfilled,0,0
O000567,2025-12-05,East,P0054,S007,4,261.11,1044.44,2025-12-09,2025-12-10,5,Late,Fulfilled,0,1
O000568,2025-09-24,Central,P0032,S001,6,166.64,999.84,2025-09-30,2025-09-30,6,On Time,Fulfilled,0,0
O000569,2025-10-13,West,P0024,S001,7,64.9,454.3,2025-10-18,2025-10-17,4,On Time,Fulfilled,0,0
O000570,2025-03-06,East,P0052,S001,6,57.76,346.56,2025-03-11,2025-03-11,5,On Time,Fulfilled,0,0
O000571,2025-08-15,South,P0005,S004,1,247.38,247.38,2025-08-21,2025-08-20,5,On Time,Fulfilled,0,0
O000572,2025-05-16,Central,P0023,S010,8,93.63,749.04,2025-05-22,2025-05-23,7,Late,Fulfilled,0,1
O000573,2025-03-04,North,P0018,S007,2,79.76,159.52,2025-03-08,2025-03-09,5,Late,Fulfilled,0,1
O000574,2025-12-28,South,P0050,S007,3,37.5,112.5,2025-12-30,2025-12-29,1,On Time,Fulfilled,0,0
O000575,2025-05-05,East,P0027,S010,1,275.2,275.2,2025-05-11,2025-05-11,6,On Time,Fulfilled,0,0
O000576,2025-07-31,North,P0037,S004,5,84.71,423.55,2025-08-03,2025-08-02,2,On Time,Fulfilled,0,0
O000577,2025-06-29,Central,P0001,S004,6,289.3,1735.8,2025-07-01,2025-07-01,2,On Time,Fulfilled,0,0
O000578,2025-01-26,West,P0025,S004,7,171.85,1202.95,2025-01-30,2025-01-31,5,Late,Returned,1,1
O000579,2025-05-15,Central,P0047,S010,4,108.12,432.48,2025-05-19,2025-05-19,4,On Time,Fulfilled,0,0
O000580,2025-05-18,South,P0058,S007,5,66.02,330.1,2025-05-20,2025-05-20,2,On Time,Fulfilled,0,0
O000581,2025-08-08,South,P0029,S004,7,76.33,534.31,2025-08-10,2025-08-10,2,On Time,Fulfilled,0,0
O000582,2025-12-03,Central,P0044,S001,5,281.48,1407.4,2025-12-06,2025-12-05,2,On Time,Fulfilled,0,0
O000583,2025-06-01,North,P0013,S004,1,290.72,290.72,2025-06-04,2025-06-03,2,On Time,Returned,1,0
O000584,2025-03-16,North,P0038,S007,1,97.26,97.26,2025-03-21,2025-03-22,6,Late,Fulfilled,0,1
O000585,2025-09-12,East,P0060,S001,1,118.33,118.33,2025-09-14,2025-09-15,3,Late,Fulfilled,0,1
O000586,2025-11-06,South,P0042,S007,2,315.31,630.62,2025-11-12,2025-11-13,7,Late,Fulfilled,0,1
O000587,2025-03-05,North,P0028,S001,7,123.49,864.43,2025-03-11,2025-03-10,5,On Time,Fulfilled,0,0
O000588,2025-04-03,West,P0018,S007,6,79.76,478.56,2025-04-06,2025-04-05,2,On Time,Fulfilled,0,0
O000589,2025-05-16,East,P0040,S001,5,216.21,1081.05,2025-05-18,2025-05-17,1,On Time,Fulfilled,0,0
O000590,2025-03-22,East,P0002,S007,7,244.65,1712.55,2025-03-25,2025-03-25,3,On Time,Fulfilled,0,0
O000591,2025-08-20,East,P0055,S010,4,76.46,305.84,2025-08-26,2025-08-26,6,On Time,Fulfilled,0,0
O000592,2025-03-20,South,P0042,S007,7,315.31,2207.17,2025-03-25,2025-03-27,7,Late,Fulfilled,0,1
O000593,2025-02-21,East,P0047,S010,8,108.12,864.96,2025-02-26,2025-02-25,4,On Time,Fulfilled,0,0
O000594,2025-05-12,East,P0034,S007,8,263.25,2106.0,2025-05-15,2025-05-15,3,On Time,Fulfilled,0,0
O000595,2025-10-23,North,P0040,S001,8,216.21,1729.68,2025-10-26,2025-10-27,4,Late,Fulfilled,0,1
O000596,2025-09-26,South,P0042,S007,1,315.31,315.31,2025-09-30,2025-09-29,3,On Time,Fulfilled,0,0
O000597,2025-09-20,Central,P0026,S007,4,250.97,1003.88,2025-09-24,2025-09-25,5,Late,Fulfilled,0,1
O000598,2025-09-05,North,P0043,S010,5,254.39,1271.95,2025-09-09,2025-09-09,4,On Time,Fulfilled,0,0
O000599,2025-06-10,West,P0014,S007,3,195.03,585.09,2025-06-15,2025-06-16,6,Late,Fulfilled,0,1
O000600,2025-08-20,West,P0011,S010,5,132.12,660.6,2025-08-25,2025-08-25,5,On Time,Fulfilled,0,0
O000601,2025-06-27,South,P0007,S010,2,85.99,171.98,2025-07-03,2025-07-02,5,On Time,Fulfilled,0,0
O000602,2025-10-25,South,P0034,S007,8,263.25,2106.0,2025-10-30,2025-10-29,4,On Time,Fulfilled,0,0
O000603,2025-07-02,West,P0033,S004,3,183.37,550.11,2025-07-07,2025-07-06,4,On Time,Fulfilled,0,0
O000604,2025-05-29,West,P0002,S007,5,244.65,1223.25,2025-05-31,2025-05-31,2,On Time,Fulfilled,0,0
O000605,2025-01-09,East,P0027,S010,3,275.2,825.6,2025-01-12,2025-01-11,2,On Time,Fulfilled,0,0
O000606,2025-04-28,Central,P0007,S010,3,85.99,257.97,2025-05-03,2025-05-03,5,On Time,Fulfilled,0,0
O000607,2025-08-20,Central,P0021,S004,5,179.24,896.2,2025-08-22,2025-08-23,3,Late,Fulfilled,0,1
O000608,2025-02-07,East,P0024,S001,7,64.9,454.3,2025-02-09,2025-02-14,7,Late,Fulfilled,0,1
O000609,2025-11-05,East,P0003,S010,2,294.12,588.24,2025-11-11,2025-11-12,7,Late,Fulfilled,0,1
O000610,2025-08-15,West,P0034,S007,5,263.25,1316.25,2025-08-17,2025-08-16,1,On Time,Fulfilled,0,0
O000611,2025-05-19,East,P0044,S001,1,281.48,281.48,2025-05-21,2025-05-22,3,Late,Fulfilled,0,1
O000612,2025-08-01,North,P0002,S007,2,244.65,489.3,2025-08-03,2025-08-04,3,Late,Fulfilled,0,1
O000613,2025-01-31,East,P0033,S004,4,183.37,733.48,2025-02-04,2025-02-08,8,Late,Fulfilled,0,1
O000614,2025-06-15,East,P0005,S004,4,247.38,989.52,2025-06-17,2025-06-17,2,On Time,Fulfilled,0,0
O000615,2025-04-19,North,P0019,S010,1,269.79,269.79,2025-04-23,2025-04-24,5,Late,Fulfilled,0,1
O000616,2025-12-23,East,P0031,S010,2,75.12,150.24,2025-12-29,2025-12-28,5,On Time,Fulfilled,0,0
O000617,2025-05-17,South,P0053,S004,3,133.42,400.26,2025-05-23,2025-05-24,7,Late,Fulfilled,0,1
O000618,2025-03-05,South,P0040,S001,3,216.21,648.63,2025-03-10,2025-03-11,6,Late,Fulfilled,0,1
O000619,2025-02-16,North,P0052,S001,4,57.76,231.04,2025-02-19,2025-02-18,2,On Time,Fulfilled,0,0
O000620,2025-07-25,West,P0003,S010,3,294.12,882.36,2025-07-31,2025-08-03,9,Late,Fulfilled,0,1
O000621,2025-04-22,West,P0039,S010,4,71.46,285.84,2025-04-28,2025-04-28,6,On Time,Fulfilled,0,0
O000622,2025-09-22,West,P0012,S001,2,86.98,173.96,2025-09-25,2025-09-26,4,Late,Fulfilled,0,1
O000623,2025-10-18,North,P0011,S010,5,132.12,660.6,2025-10-21,2025-10-25,7,Late,Fulfilled,0,1
O000624,2025-07-20,West,P0041,S004,8,162.16,1297.28,2025-07-23,2025-07-24,4,Late,Fulfilled,0,1
O000625,2025-10-04,Central,P0051,S010,1,159.11,159.11,2025-10-08,2025-10-09,5,Late,Fulfilled,0,1
O000626,2025-06-15,Central,P0054,S007,7,261.11,1827.77,2025-06-20,2025-06-19,4,On Time,Fulfilled,0,0
O000627,2025-04-15,Central,P0012,S001,3,86.98,260.94,2025-04-21,2025-04-21,6,On Time,Fulfilled,0,0
O000628,2025-07-22,South,P0024,S001,6,64.9,389.4,2025-07-26,2025-07-26,4,On Time,Fulfilled,0,0
O000629,2025-07-16,West,P0012,S001,4,86.98,347.92,2025-07-18,2025-07-18,2,On Time,Fulfilled,0,0
O000630,2025-08-23,East,P0060,S001,7,118.33,828.31,2025-08-25,2025-08-26,3,Late,Returned,1,1
O000631,2025-04-25,South,P0060,S001,7,118.33,828.31,2025-05-01,2025-05-01,6,On Time,Fulfilled,0,0
O000632,2025-01-28,Central,P0034,S007,5,263.25,1316.25,2025-02-03,2025-02-04,7,Late,Fulfilled,0,1
O000633,2025-09-21,Central,P0055,S010,7,76.46,535.22,2025-09-27,2025-09-28,7,Late,Fulfilled,0,1
O000634,2025-02-18,East,P0006,S007,1,73.03,73.03,2025-02-21,2025-02-22,4,Late,Fulfilled,0,1
O000635,2025-10-21,South,P0035,S010,6,211.82,1270.92,2025-10-26,2025-10-30,9,Late,Fulfilled,0,1
O000636,2025-03-31,South,P0056,S001,7,210.07,1470.49,2025-04-06,2025-04-07,7,Late,Fulfilled,0,1
O000637,2025-05-15,Central,P0031,S010,5,75.12,375.6,2025-05-18,2025-05-18,3,On Time,Fulfilled,0,0
O000638,2025-01-11,West,P0008,S001,4,158.77,635.08,2025-01-14,2025-01-13,2,On Time,Fulfilled,0,0
O000639,2025-09-16,West,P0023,S010,2,93.63,187.26,2025-09-22,2025-09-21,5,On Time,Fulfilled,0,0
O000640,2025-04-16,South,P0006,S007,6,73.03,438.18,2025-04-21,2025-04-21,5,On Time,Fulfilled,0,0
O000641,2025-12-20,Central,P0037,S004,6,84.71,508.26,2025-12-26,2025-12-29,9,Late,Fulfilled,0,1
O000642,2025-01-17,East,P0025,S004,5,171.85,859.25,2025-01-21,2025-01-21,4,On Time,Fulfilled,0,0
O000643,2025-03-17,South,P0024,S001,3,64.9,194.7,2025-03-21,2025-03-22,5,Late,Fulfilled,0,1
O000644,2025-06-16,West,P0036,S001,2,98.04,196.08,2025-06-21,2025-06-22,6,Late,Fulfilled,0,1
O000645,2025-03-05,Central,P0038,S007,1,97.26,97.26,2025-03-09,2025-03-10,5,Late,Fulfilled,0,1
O000646,2025-01-30,Central,P0043,S010,8,254.39,2035.12,2025-02-04,2025-02-04,5,On Time,Fulfilled,0,0
O000647,2025-12-04,West,P0007,S010,4,85.99,343.96,2025-12-07,2025-12-08,4,Late,Fulfilled,0,1
O000648,2025-06-20,East,P0034,S007,6,263.25,1579.5,2025-06-26,2025-06-27,7,Late,Fulfilled,0,1
O000649,2025-04-29,Central,P0048,S001,6,141.97,851.82,2025-05-01,2025-05-07,8,Late,Fulfilled,0,1
O000650,2025-07-27,North,P0057,S004,4,302.85,1211.4,2025-07-31,2025-07-31,4,On Time,Fulfilled,0,0
O000651,2025-05-04,North,P0016,S001,8,140.21,1121.68,2025-05-09,2025-05-10,6,Late,Fulfilled,0,1
O000652,2025-09-03,East,P0040,S001,4,216.21,864.84,2025-09-08,2025-09-09,6,Late,Fulfilled,0,1
O000653,2025-12-21,Central,P0038,S007,6,97.26,583.56,2025-12-26,2025-12-26,5,On Time,Fulfilled,0,0
O000654,2025-01-24,North,P0007,S010,1,85.99,85.99,2025-01-28,2025-01-27,3,On Time,Fulfilled,0,0
O000655,2025-04-23,West,P0007,S010,6,85.99,515.94,2025-04-28,2025-04-27,4,On Time,Fulfilled,0,0
O000656,2025-08-21,North,P0058,S007,3,66.02,198.06,2025-08-25,2025-08-27,6,Late,Fulfilled,0,1
O000657,2025-07-25,West,P0038,S007,6,97.26,583.56,2025-07-28,2025-07-29,4,Late,Fulfilled,0,1
O000658,2025-03-20,South,P0047,S010,3,108.12,324.36,2025-03-23,2025-03-22,2,On Time,Fulfilled,0,0
O000659,2025-02-01,Central,P0021,S004,7,179.24,1254.68,2025-02-04,2025-02-04,3,On Time,Fulfilled,0,0
O000660,2025-12-01,East,P0056,S001,6,210.07,1260.42,2025-12-04,2025-12-05,4,Late,Fulfilled,0,1
O000661,2025-01-21,West,P0051,S010,3,159.11,477.33,2025-01-24,2025-01-25,4,Late,Fulfilled,0,1
O000662,2025-09-19,West,P0034,S007,3,263.25,789.75,2025-09-22,2025-09-21,2,On Time,Fulfilled,0,0
O000663,2025-05-09,East,P0042,S007,8,315.31,2522.48,2025-05-12,2025-05-11,2,On Time,Fulfilled,0,0
O000664,2025-10-14,South,P0052,S001,6,57.76,346.56,2025-10-19,2025-10-19,5,On Time,Fulfilled,0,0
O000665,2025-10-25,North,P0051,S010,4,159.11,636.44,2025-10-28,2025-10-31,6,Late,Fulfilled,0,1
O000666,2025-03-29,South,P0056,S001,1,210.07,210.07,2025-04-03,2025-04-04,6,Late,Fulfilled,0,1
O000667,2025-05-14,West,P0033,S004,3,183.37,550.11,2025-05-19,2025-05-20,6,Late,Fulfilled,0,1
O000668,2025-06-02,Central,P0027,S010,7,275.2,1926.4,2025-06-08,2025-06-07,5,On Time,Fulfilled,0,0
O000669,2025-04-27,North,P0001,S004,2,289.3,578.6,2025-04-30,2025-05-01,4,Late,Fulfilled,0,1
O000670,2025-08-31,North,P0022,S007,7,174.48,1221.36,2025-09-06,2025-09-05,5,On Time,Fulfilled,0,0
O000671,2025-05-14,West,P0032,S001,7,166.64,1166.48,2025-05-19,2025-05-20,6,Late,Fulfilled,0,1
O000672,2025-11-18,West,P0008,S001,7,158.77,1111.39,2025-11-22,2025-11-21,3,On Time,Fulfilled,0,0
O000673,2025-09-20,East,P0026,S007,7,250.97,1756.79,2025-09-26,2025-09-25,5,On Time,Fulfilled,0,0
O000674,2025-10-11,Central,P0030,S007,6,299.53,1797.18,2025-10-17,2025-10-18,7,Late,Returned,1,1
O000675,2025-11-09,West,P0034,S007,6,263.25,1579.5,2025-11-15,2025-11-15,6,On Time,Fulfilled,0,0
O000676,2025-01-17,East,P0032,S001,5,166.64,833.2,2025-01-20,2025-01-21,4,Late,Fulfilled,0,1
O000677,2025-04-08,South,P0031,S010,2,75.12,150.24,2025-04-13,2025-04-13,5,On Time,Fulfilled,0,0
O000678,2025-06-21,Central,P0050,S007,6,37.5,225.0,2025-06-23,2025-06-25,4,Late,Fulfilled,0,1
O000679,2025-08-27,Central,P0051,S010,2,159.11,318.22,2025-09-01,2025-09-02,6,Late,Fulfilled,0,1
O000680,2025-03-19,South,P0022,S007,1,174.48,174.48,2025-03-23,2025-03-22,3,On Time,Fulfilled,0,0
O000681,2025-07-27,South,P0013,S004,4,290.72,1162.88,2025-07-31,2025-07-30,3,On Time,Fulfilled,0,0
O000682,2025-10-13,East,P0021,S004,4,179.24,716.96,2025-10-17,2025-10-18,5,Late,Fulfilled,0,1
O000683,2025-06-20,North,P0022,S007,8,174.48,1395.84,2025-06-24,2025-06-29,9,Late,Fulfilled,0,1
O000684,2025-02-09,East,P0039,S010,6,71.46,428.76,2025-02-13,2025-02-12,3,On Time,Fulfilled,0,0
O000685,2025-01-08,South,P0044,S001,2,281.48,562.96,2025-01-14,2025-01-17,9,Late,Fulfilled,0,1
O000686,2025-04-03,West,P0012,S001,7,86.98,608.86,2025-04-07,2025-04-07,4,On Time,Fulfilled,0,0
O000687,2025-01-28,West,P0002,S007,3,244.65,733.95,2025-02-03,2025-02-03,6,On Time,Fulfilled,0,0
O000688,2025-03-10,East,P0054,S007,7,261.11,1827.77,2025-03-13,2025-03-12,2,On Time,Fulfilled,0,0
O000689,2025-08-24,West,P0022,S007,8,174.48,1395.84,2025-08-30,2025-08-29,5,On Time,Fulfilled,0,0
O000690,2025-12-05,North,P0011,S010,2,132.12,264.24,2025-12-09,2025-12-08,3,On Time,Fulfilled,0,0
O000691,2025-01-29,Central,P0049,S004,8,224.76,1798.08,2025-02-01,2025-01-31,2,On Time,Fulfilled,0,0
O000692,2025-11-07,North,P0032,S001,8,166.64,1333.12,2025-11-12,2025-11-11,4,On Time,Fulfilled,0,0
O000693,2025-08-29,West,P0056,S001,1,210.07,210.07,2025-09-02,2025-09-01,3,On Time,Fulfilled,0,0
O000694,2025-10-23,Central,P0039,S010,7,71.46,500.22,2025-10-27,2025-10-27,4,On Time,Fulfilled,0,0
O000695,2025-09-12,Central,P0051,S010,3,159.11,477.33,2025-09-17,2025-09-18,6,Late,Returned,1,1
O000696,2025-04-27,Central,P0050,S007,5,37.5,187.5,2025-04-30,2025-04-29,2,On Time,Fulfilled,0,0
O000697,2025-11-15,East,P0023,S010,8,93.63,749.04,2025-11-17,2025-11-17,2,On Time,Fulfilled,0,0
O000698,2025-09-01,West,P0029,S004,5,76.33,381.65,2025-09-05,2025-09-05,4,On Time,Fulfilled,0,0
O000699,2025-09-06,East,P0014,S007,3,195.03,585.09,2025-09-09,2025-09-10,4,Late,Fulfilled,0,1
O000700,2025-06-05,South,P0010,S007,8,101.15,809.2,2025-06-07,2025-06-08,3,Late,Fulfilled,0,1
O000701,2025-04-18,West,P0049,S004,3,224.76,674.28,2025-04-21,2025-04-20,2,On Time,Fulfilled,0,0
O000702,2025-01-04,South,P0055,S010,5,76.46,382.3,2025-01-08,2025-01-09,5,Late,Fulfilled,0,1
O000703,2025-09-15,East,P0051,S010,1,159.11,159.11,2025-09-19,2025-09-20,5,Late,Fulfilled,0,1
O000704,2025-04-16,South,P0015,S010,4,312.58,1250.32,2025-04-22,2025-04-21,5,On Time,Fulfilled,0,0
O000705,2025-12-11,North,P0001,S004,2,289.3,578.6,2025-12-13,2025-12-12,1,On Time,Fulfilled,0,0
O000706,2025-11-16,West,P0023,S010,8,93.63,749.04,2025-11-22,2025-11-23,7,Late,Fulfilled,0,1
O000707,2025-02-11,Central,P0035,S010,7,211.82,1482.74,2025-02-17,2025-02-16,5,On Time,Fulfilled,0,0
O000708,2025-12-04,Central,P0048,S001,8,141.97,1135.76,2025-12-06,2025-12-06,2,On Time,Fulfilled,0,0
O000709,2025-10-06,West,P0005,S004,3,247.38,742.14,2025-10-09,2025-10-08,2,On Time,Fulfilled,0,0
O000710,2025-06-29,East,P0016,S001,4,140.21,560.84,2025-07-04,2025-07-03,4,On Time,Fulfilled,0,0
O000711,2025-07-27,Central,P0015,S010,2,312.58,625.16,2025-08-02,2025-08-02,6,On Time,Fulfilled,0,0
O000712,2025-06-30,East,P0058,S007,4,66.02,264.08,2025-07-05,2025-07-10,10,Late,Fulfilled,0,1
O000713,2025-04-25,West,P0006,S007,6,73.03,438.18,2025-04-29,2025-04-29,4,On Time,Fulfilled,0,0
O000714,2025-04-23,North,P0001,S004,1,289.3,289.3,2025-04-29,2025-04-28,5,On Time,Fulfilled,0,0
O000715,2025-08-11,North,P0043,S010,3,254.39,763.17,2025-08-14,2025-08-13,2,On Time,Fulfilled,0,0
O000716,2025-06-02,North,P0049,S004,4,224.76,899.04,2025-06-04,2025-06-04,2,On Time,Fulfilled,0,0
O000717,2025-06-09,West,P0025,S004,5,171.85,859.25,2025-06-12,2025-06-12,3,On Time,Fulfilled,0,0
O000718,2025-01-25,East,P0060,S001,2,118.33,236.66,2025-01-30,2025-01-29,4,On Time,Fulfilled,0,0
O000719,2025-09-13,North,P0050,S007,5,37.5,187.5,2025-09-17,2025-09-19,6,Late,Fulfilled,0,1
O000720,2025-11-21,Central,P0042,S007,4,315.31,1261.24,2025-11-26,2025-11-30,9,Late,Fulfilled,0,1
O000721,2025-04-14,East,P0029,S004,1,76.33,76.33,2025-04-16,2025-04-17,3,Late,Returned,1,1
O000722,2025-12-02,South,P0009,S004,1,209.42,209.42,2025-12-05,2025-12-05,3,On Time,Fulfilled,0,0
O000723,2025-07-30,North,P0022,S007,4,174.48,697.92,2025-08-04,2025-08-05,6,Late,Fulfilled,0,1
O000724,2025-01-15,East,P0007,S010,6,85.99,515.94,2025-01-18,2025-01-18,3,On Time,Fulfilled,0,0
O000725,2025-09-04,West,P0005,S004,7,247.38,1731.66,2025-09-09,2025-09-08,4,On Time,Fulfilled,0,0
O000726,2025-06-15,Central,P0009,S004,2,209.42,418.84,2025-06-20,2025-06-19,4,On Time,Fulfilled,0,0
O000727,2025-01-08,West,P0054,S007,4,261.11,1044.44,2025-01-14,2025-01-14,6,On Time,Fulfilled,0,0
O000728,2025-07-16,East,P0020,S001,4,148.59,594.36,2025-07-18,2025-07-23,7,Late,Fulfilled,0,1
O000729,2025-03-22,West,P0053,S004,2,133.42,266.84,2025-03-28,2025-03-29,7,Late,Fulfilled,0,1
O000730,2025-05-02,South,P0050,S007,4,37.5,150.0,2025-05-06,2025-05-07,5,Late,Fulfilled,0,1
O000731,2025-01-08,North,P0044,S001,7,281.48,1970.36,2025-01-14,2025-01-13,5,On Time,Fulfilled,0,0
O000732,2025-01-06,Central,P0038,S007,5,97.26,486.3,2025-01-08,2025-01-09,3,Late,Fulfilled,0,1
O000733,2025-10-22,Central,P0048,S001,3,141.97,425.91,2025-10-25,2025-10-24,2,On Time,Fulfilled,0,0
O000734,2025-07-04,West,P0045,S004,6,109.48,656.88,2025-07-07,2025-07-07,3,On Time,Fulfilled,0,0
O000735,2025-11-11,North,P0022,S007,3,174.48,523.44,2025-11-16,2025-11-15,4,On Time,Fulfilled,0,0
O000736,2025-11-07,West,P0005,S004,5,247.38,1236.9,2025-11-12,2025-11-11,4,On Time,Fulfilled,0,0
O000737,2025-02-19,South,P0010,S007,1,101.15,101.15,2025-02-23,2025-02-28,9,Late,Returned,1,1
O000738,2025-10-12,West,P0005,S004,7,247.38,1731.66,2025-10-16,2025-10-17,5,Late,Fulfilled,0,1
O000739,2025-02-06,East,P0052,S001,7,57.76,404.32,2025-02-08,2025-02-07,1,On Time,Fulfilled,0,0
O000740,2025-02-19,Central,P0055,S010,2,76.46,152.92,2025-02-23,2025-02-23,4,On Time,Fulfilled,0,0
O000741,2025-07-20,Central,P0034,S007,1,263.25,263.25,2025-07-25,2025-07-24,4,On Time,Fulfilled,0,0
O000742,2025-12-30,North,P0011,S010,2,132.12,264.24,2026-01-04,2026-01-03,4,On Time,Fulfilled,0,0
O000743,2025-07-05,North,P0046,S007,2,225.07,450.14,2025-07-09,2025-07-08,3,On Time,Fulfilled,0,0
O000744,2025-06-18,East,P0029,S004,7,76.33,534.31,2025-06-20,2025-06-20,2,On Time,Fulfilled,0,0
O000745,2025-06-03,North,P0019,S010,1,269.79,269.79,2025-06-09,2025-06-09,6,On Time,Fulfilled,0,0
O000746,2025-07-10,South,P0003,S010,7,294.12,2058.84,2025-07-16,2025-07-16,6,On Time,Fulfilled,0,0
O000747,2025-08-17,Central,P0034,S007,3,263.25,789.75,2025-08-22,2025-08-23,6,Late,Fulfilled,0,1
O000748,2025-10-07,Central,P0047,S010,1,108.12,108.12,2025-10-12,2025-10-17,10,Late,Returned,1,1
O000749,2025-06-07,East,P0027,S010,2,275.2,550.4,2025-06-12,2025-06-11,4,On Time,Fulfilled,0,0
O000750,2025-09-17,West,P0020,S001,8,148.59,1188.72,2025-09-21,2025-09-22,5,Late,Fulfilled,0,1
O000751,2025-11-25,East,P0056,S001,1,210.07,210.07,2025-11-29,2025-12-05,10,Late,Fulfilled,0,1
O000752,2025-08-29,East,P0049,S004,7,224.76,1573.32,2025-09-02,2025-09-02,4,On Time,Fulfilled,0,0
O000753,2025-09-08,North,P0038,S007,5,97.26,486.3,2025-09-11,2025-09-12,4,Late,Fulfilled,0,1
O000754,2025-10-28,East,P0046,S007,1,225.07,225.07,2025-11-01,2025-11-02,5,Late,Fulfilled,0,1
O000755,2025-02-23,East,P0022,S007,3,174.48,523.44,2025-02-27,2025-02-28,5,Late,Fulfilled,0,1
O000756,2025-03-12,Central,P0030,S007,6,299.53,1797.18,2025-03-14,2025-03-18,6,Late,Fulfilled,0,1
O000757,2025-07-21,North,P0006,S007,6,73.03,438.18,2025-07-24,2025-07-23,2,On Time,Fulfilled,0,0
O000758,2025-10-02,East,P0015,S010,1,312.58,312.58,2025-10-07,2025-10-07,5,On Time,Fulfilled,0,0
O000759,2025-10-20,Central,P0023,S010,2,93.63,187.26,2025-10-24,2025-10-23,3,On Time,Fulfilled,0,0
O000760,2025-06-22,North,P0018,S007,7,79.76,558.32,2025-06-26,2025-06-26,4,On Time,Fulfilled,0,0
O000761,2025-05-08,East,P0027,S010,4,275.2,1100.8,2025-05-14,2025-05-14,6,On Time,Fulfilled,0,0
O000762,2025-08-14,East,P0045,S004,5,109.48,547.4,2025-08-20,2025-08-19,5,On Time,Fulfilled,0,0
O000763,2025-03-10,East,P0023,S010,8,93.63,749.04,2025-03-16,2025-03-15,5,On Time,Fulfilled,0,0
O000764,2025-11-05,East,P0047,S010,7,108.12,756.84,2025-11-08,2025-11-07,2,On Time,Fulfilled,0,0
O000765,2025-11-18,Central,P0057,S004,5,302.85,1514.25,2025-11-20,2025-11-19,1,On Time,Fulfilled,0,0
O000766,2025-12-25,Central,P0043,S010,6,254.39,1526.34,2025-12-30,2025-12-30,5,On Time,Fulfilled,0,0
O000767,2025-02-20,West,P0006,S007,3,73.03,219.09,2025-02-23,2025-02-24,4,Late,Fulfilled,0,1
O000768,2025-01-09,South,P0037,S004,3,84.71,254.13,2025-01-15,2025-01-15,6,On Time,Fulfilled,0,0
O000769,2025-09-26,North,P0045,S004,7,109.48,766.36,2025-09-29,2025-09-30,4,Late,Fulfilled,0,1
O000770,2025-11-10,Central,P0044,S001,1,281.48,281.48,2025-11-14,2025-11-15,5,Late,Fulfilled,0,1
O000771,2025-04-26,West,P0039,S010,1,71.46,71.46,2025-04-30,2025-04-29,3,On Time,Fulfilled,0,0
O000772,2025-11-08,South,P0027,S010,3,275.2,825.6,2025-11-11,2025-11-11,3,On Time,Fulfilled,0,0
O000773,2025-04-29,West,P0058,S007,1,66.02,66.02,2025-05-04,2025-05-10,11,Late,Fulfilled,0,1
O000774,2025-07-20,West,P0024,S001,6,64.9,389.4,2025-07-26,2025-07-27,7,Late,Fulfilled,0,1
O000775,2025-07-09,North,P0057,S004,2,302.85,605.7,2025-07-14,2025-07-15,6,Late,Fulfilled,0,1
O000776,2025-09-12,East,P0039,S010,6,71.46,428.76,2025-09-16,2025-09-17,5,Late,Fulfilled,0,1
O000777,2025-06-12,North,P0028,S001,3,123.49,370.47,2025-06-18,2025-06-17,5,On Time,Fulfilled,0,0
O000778,2025-09-10,East,P0011,S010,7,132.12,924.84,2025-09-14,2025-09-13,3,On Time,Fulfilled,0,0
O000779,2025-04-24,North,P0035,S010,6,211.82,1270.92,2025-04-29,2025-04-30,6,Late,Fulfilled,0,1
O000780,2025-07-10,East,P0032,S001,7,166.64,1166.48,2025-07-15,2025-07-14,4,On Time,Fulfilled,0,0
O000781,2025-04-05,North,P0020,S001,8,148.59,1188.72,2025-04-08,2025-04-09,4,Late,Fulfilled,0,1
O000782,2025-11-19,North,P0002,S007,5,244.65,1223.25,2025-11-24,2025-11-25,6,Late,Fulfilled,0,1
O000783,2025-11-20,North,P0048,S001,1,141.97,141.97,2025-11-22,2025-11-23,3,Late,Fulfilled,0,1
O000784,2025-02-10,North,P0012,S001,2,86.98,173.96,2025-02-12,2025-02-12,2,On Time,Fulfilled,0,0
O000785,2025-09-14,West,P0002,S007,2,244.65,489.3,2025-09-20,2025-09-23,9,Late,Fulfilled,0,1
O000786,2025-01-30,West,P0040,S001,7,216.21,1513.47,2025-02-01,2025-02-01,2,On Time,Fulfilled,0,0
O000787,2025-10-08,North,P0008,S001,7,158.77,1111.39,2025-10-12,2025-10-13,5,Late,Fulfilled,0,1
O000788,2025-10-23,North,P0050,S007,5,37.5,187.5,2025-10-28,2025-10-28,5,On Time,Fulfilled,0,0
O000789,2025-03-31,South,P0003,S010,8,294.12,2352.96,2025-04-05,2025-04-04,4,On Time,Fulfilled,0,0
O000790,2025-02-20,Central,P0003,S010,5,294.12,1470.6,2025-02-24,2025-02-28,8,Late,Fulfilled,0,1
O000791,2025-10-04,West,P0004,S001,7,209.94,1469.58,2025-10-06,2025-10-06,2,On Time,Fulfilled,0,0
O000792,2025-12-22,North,P0017,S004,3,179.09,537.27,2025-12-24,2025-12-23,1,On Time,Fulfilled,0,0
O000793,2025-09-27,South,P0043,S010,7,254.39,1780.73,2025-10-03,2025-10-04,7,Late,Returned,1,1
O000794,2025-08-22,East,P0055,S010,7,76.46,535.22,2025-08-28,2025-08-30,8,Late,Fulfilled,0,1
O000795,2025-07-21,North,P0058,S007,7,66.02,462.14,2025-07-26,2025-07-27,6,Late,Fulfilled,0,1
O000796,2025-09-06,East,P0038,S007,7,97.26,680.82,2025-09-11,2025-09-11,5,On Time,Fulfilled,0,0
O000797,2025-07-30,East,P0050,S007,4,37.5,150.0,2025-08-01,2025-08-01,2,On Time,Fulfilled,0,0
O000798,2025-11-23,Central,P0015,S010,1,312.58,312.58,2025-11-27,2025-11-26,3,On Time,Fulfilled,0,0
O000799,2025-05-17,Central,P0024,S001,6,64.9,389.4,2025-05-20,2025-05-22,5,Late,Fulfilled,0,1
O000800,2025-11-12,South,P0038,S007,3,97.26,291.78,2025-11-15,2025-11-15,3,On Time,Fulfilled,0,0
O000801,2025-07-25,South,P0040,S001,1,216.21,216.21,2025-07-31,2025-07-30,5,On Time,Fulfilled,0,0
O000802,2025-01-12,East,P0033,S004,4,183.37,733.48,2025-01-16,2025-01-18,6,Late,Fulfilled,0,1
O000803,2025-12-09,North,P0055,S010,2,76.46,152.92,2025-12-13,2025-12-13,4,On Time,Fulfilled,0,0
O000804,2025-05-11,South,P0050,S007,5,37.5,187.5,2025-05-14,2025-05-19,8,Late,Fulfilled,0,1
O000805,2025-07-04,West,P0003,S010,3,294.12,882.36,2025-07-09,2025-07-10,6,Late,Fulfilled,0,1
O000806,2025-03-07,South,P0030,S007,4,299.53,1198.12,2025-03-13,2025-03-12,5,On Time,Fulfilled,0,0
O000807,2025-12-22,West,P0010,S007,1,101.15,101.15,2025-12-28,2025-12-29,7,Late,Fulfilled,0,1
O000808,2025-04-05,West,P0046,S007,6,225.07,1350.42,2025-04-09,2025-04-10,5,Late,Returned,1,1
O000809,2025-05-04,North,P0049,S004,6,224.76,1348.56,2025-05-06,2025-05-06,2,On Time,Fulfilled,0,0
O000810,2025-07-29,West,P0051,S010,1,159.11,159.11,2025-08-03,2025-08-03,5,On Time,Fulfilled,0,0
O000811,2025-12-02,North,P0060,S001,1,118.33,118.33,2025-12-08,2025-12-13,11,Late,Fulfilled,0,1
O000812,2025-07-08,West,P0060,S001,1,118.33,118.33,2025-07-10,2025-07-10,2,On Time,Fulfilled,0,0
O000813,2025-12-17,North,P0002,S007,5,244.65,1223.25,2025-12-19,2025-12-19,2,On Time,Fulfilled,0,0
O000814,2025-12-29,South,P0028,S001,1,123.49,123.49,2026-01-03,2026-01-07,9,Late,Fulfilled,0,1
O000815,2025-05-18,West,P0008,S001,1,158.77,158.77,2025-05-24,2025-05-24,6,On Time,Fulfilled,0,0
O000816,2025-12-27,West,P0007,S010,1,85.99,85.99,2025-12-29,2025-12-29,2,On Time,Fulfilled,0,0
O000817,2025-08-02,North,P0032,S001,8,166.64,1333.12,2025-08-07,2025-08-06,4,On Time,Fulfilled,0,0
O000818,2025-03-24,West,P0037,S004,1,84.71,84.71,2025-03-29,2025-03-30,6,Late,Fulfilled,0,1
O000819,2025-12-24,East,P0052,S001,8,57.76,462.08,2025-12-26,2025-12-25,1,On Time,Fulfilled,0,0
O000820,2025-01-19,South,P0011,S010,1,132.12,132.12,2025-01-23,2025-01-23,4,On Time,Fulfilled,0,0
O000821,2025-11-18,Central,P0031,S010,8,75.12,600.96,2025-11-20,2025-11-19,1,On Time,Returned,1,0
O000822,2025-05-29,West,P0023,S010,4,93.63,374.52,2025-05-31,2025-05-31,2,On Time,Fulfilled,0,0
O000823,2025-08-15,West,P0051,S010,4,159.11,636.44,2025-08-19,2025-08-20,5,Late,Fulfilled,0,1
O000824,2025-08-27,West,P0058,S007,6,66.02,396.12,2025-08-29,2025-08-30,3,Late,Fulfilled,0,1
O000825,2025-07-17,Central,P0044,S001,5,281.48,1407.4,2025-07-19,2025-07-21,4,Late,Fulfilled,0,1
O000826,2025-04-29,Central,P0059,S010,7,209.28,1464.96,2025-05-04,2025-05-10,11,Late,Fulfilled,0,1
O000827,2025-03-06,West,P0051,S010,1,159.11,159.11,2025-03-11,2025-03-11,5,On Time,Fulfilled,0,0
O000828,2025-05-06,North,P0047,S010,1,108.12,108.12,2025-05-08,2025-05-08,2,On Time,Fulfilled,0,0
O000829,2025-06-24,North,P0002,S007,1,244.65,244.65,2025-06-27,2025-06-26,2,On Time,Fulfilled,0,0
O000830,2025-07-12,West,P0031,S010,3,75.12,225.36,2025-07-18,2025-07-17,5,On Time,Fulfilled,0,0
O000831,2025-08-14,West,P0011,S010,5,132.12,660.6,2025-08-16,2025-08-17,3,Late,Fulfilled,0,1
O000832,2025-01-27,South,P0031,S010,6,75.12,450.72,2025-02-01,2025-02-01,5,On Time,Fulfilled,0,0
O000833,2025-02-24,West,P0031,S010,7,75.12,525.84,2025-03-02,2025-03-01,5,On Time,Fulfilled,0,0
O000834,2025-09-21,South,P0032,S001,2,166.64,333.28,2025-09-27,2025-09-28,7,Late,Fulfilled,0,1
O000835,2025-07-08,North,P0030,S007,3,299.53,898.59,2025-07-14,2025-07-16,8,Late,Fulfilled,0,1
O000836,2025-06-14,West,P0048,S001,3,141.97,425.91,2025-06-20,2025-06-19,5,On Time,Fulfilled,0,0
O000837,2025-12-11,Central,P0051,S010,3,159.11,477.33,2025-12-15,2025-12-19,8,Late,Fulfilled,0,1
O000838,2025-12-05,East,P0040,S001,6,216.21,1297.26,2025-12-08,2025-12-08,3,On Time,Fulfilled,0,0
O000839,2025-12-06,Central,P0011,S010,7,132.12,924.84,2025-12-11,2025-12-12,6,Late,Returned,1,1
O000840,2025-11-24,Central,P0025,S004,8,171.85,1374.8,2025-11-27,2025-11-28,4,Late,Fulfilled,0,1
O000841,2025-08-26,South,P0056,S001,3,210.07,630.21,2025-08-29,2025-08-28,2,On Time,Fulfilled,0,0
O000842,2025-05-04,East,P0042,S007,2,315.31,630.62,2025-05-07,2025-05-06,2,On Time,Returned,1,0
O000843,2025-09-10,South,P0012,S001,7,86.98,608.86,2025-09-16,2025-09-15,5,On Time,Fulfilled,0,0
O000844,2025-12-01,South,P0033,S004,3,183.37,550.11,2025-12-04,2025-12-10,9,Late,Fulfilled,0,1
O000845,2025-05-27,East,P0043,S010,6,254.39,1526.34,2025-05-31,2025-05-31,4,On Time,Fulfilled,0,0
O000846,2025-07-30,North,P0057,S004,7,302.85,2119.95,2025-08-03,2025-08-04,5,Late,Fulfilled,0,1
O000847,2025-05-06,South,P0029,S004,2,76.33,152.66,2025-05-12,2025-05-14,8,Late,Fulfilled,0,1
O000848,2025-09-14,Central,P0021,S004,8,179.24,1433.92,2025-09-16,2025-09-17,3,Late,Fulfilled,0,1
O000849,2025-02-10,West,P0003,S010,1,294.12,294.12,2025-02-15,2025-02-15,5,On Time,Fulfilled,0,0
O000850,2025-02-24,West,P0040,S001,2,216.21,432.42,2025-03-01,2025-03-02,6,Late,Fulfilled,0,1
O000851,2025-05-01,West,P0036,S001,7,98.04,686.28,2025-05-05,2025-05-05,4,On Time,Fulfilled,0,0
O000852,2025-09-13,North,P0059,S010,1,209.28,209.28,2025-09-18,2025-09-17,4,On Time,Fulfilled,0,0
O000853,2025-09-26,South,P0029,S004,6,76.33,457.98,2025-09-28,2025-09-28,2,On Time,Fulfilled,0,0
O000854,2025-09-30,West,P0010,S007,7,101.15,708.05,2025-10-06,2025-10-05,5,On Time,Fulfilled,0,0
O000855,2025-05-05,South,P0043,S010,5,254.39,1271.95,2025-05-10,2025-05-09,4,On Time,Returned,1,0
O000856,2025-03-17,Central,P0012,S001,1,86.98,86.98,2025-03-22,2025-03-22,5,On Time,Fulfilled,0,0
O000857,2025-01-16,East,P0009,S004,7,209.42,1465.94,2025-01-19,2025-01-20,4,Late,Fulfilled,0,1
O000858,2025-05-27,North,P0033,S004,4,183.37,733.48,2025-06-02,2025-06-01,5,On Time,Returned,1,0
O000859,2025-10-16,South,P0059,S010,3,209.28,627.84,2025-10-19,2025-10-20,4,Late,Fulfilled,0,1
O000860,2025-02-11,West,P0049,S004,7,224.76,1573.32,2025-02-15,2025-02-15,4,On Time,Fulfilled,0,0
O000861,2025-01-17,Central,P0034,S007,1,263.25,263.25,2025-01-20,2025-01-21,4,Late,Fulfilled,0,1
O000862,2025-09-23,East,P0010,S007,8,101.15,809.2,2025-09-28,2025-09-29,6,Late,Fulfilled,0,1
O000863,2025-05-14,Central,P0051,S010,5,159.11,795.55,2025-05-17,2025-05-17,3,On Time,Returned,1,0
O000864,2025-08-21,East,P0043,S010,2,254.39,508.78,2025-08-24,2025-08-25,4,Late,Fulfilled,0,1
O000865,2025-01-25,East,P0020,S001,8,148.59,1188.72,2025-01-31,2025-01-30,5,On Time,Fulfilled,0,0
O000866,2025-07-12,North,P0026,S007,3,250.97,752.91,2025-07-16,2025-07-17,5,Late,Fulfilled,0,1
O000867,2025-06-21,North,P0044,S001,7,281.48,1970.36,2025-06-25,2025-06-30,9,Late,Fulfilled,0,1
O000868,2025-11-27,West,P0047,S010,4,108.12,432.48,2025-12-01,2025-12-01,4,On Time,Fulfilled,0,0
O000869,2025-12-11,West,P0054,S007,4,261.11,1044.44,2025-12-16,2025-12-17,6,Late,Fulfilled,0,1
O000870,2025-12-16,Central,P0029,S004,8,76.33,610.64,2025-12-21,2025-12-20,4,On Time,Returned,1,0
O000871,2025-02-02,North,P0028,S001,7,123.49,864.43,2025-02-07,2025-02-08,6,Late,Fulfilled,0,1
O000872,2025-08-11,North,P0003,S010,2,294.12,588.24,2025-08-17,2025-08-18,7,Late,Fulfilled,0,1
O000873,2025-07-13,West,P0007,S010,4,85.99,343.96,2025-07-15,2025-07-15,2,On Time,Fulfilled,0,0
O000874,2025-12-09,South,P0033,S004,3,183.37,550.11,2025-12-15,2025-12-14,5,On Time,Fulfilled,0,0
O000875,2025-05-13,Central,P0040,S001,6,216.21,1297.26,2025-05-19,2025-05-18,5,On Time,Fulfilled,0,0
O000876,2025-01-10,West,P0033,S004,6,183.37,1100.22,2025-01-13,2025-01-14,4,Late,Fulfilled,0,1
O000877,2025-12-13,South,P0004,S001,6,209.94,1259.64,2025-12-19,2025-12-19,6,On Time,Fulfilled,0,0
O000878,2025-05-17,Central,P0015,S010,2,312.58,625.16,2025-05-23,2025-05-24,7,Late,Fulfilled,0,1
O000879,2025-06-02,Central,P0051,S010,2,159.11,318.22,2025-06-08,2025-06-09,7,Late,Fulfilled,0,1
O000880,2025-12-05,East,P0044,S001,8,281.48,2251.84,2025-12-07,2025-12-07,2,On Time,Fulfilled,0,0
O000881,2025-07-01,South,P0039,S010,4,71.46,285.84,2025-07-06,2025-07-06,5,On Time,Fulfilled,0,0
O000882,2025-10-20,South,P0003,S010,2,294.12,588.24,2025-10-24,2025-10-24,4,On Time,Fulfilled,0,0
O000883,2025-12-27,South,P0043,S010,8,254.39,2035.12,2026-01-02,2026-01-03,7,Late,Fulfilled,0,1
O000884,2025-09-03,South,P0048,S001,7,141.97,993.79,2025-09-08,2025-09-07,4,On Time,Fulfilled,0,0
O000885,2025-12-26,Central,P0021,S004,5,179.24,896.2,2026-01-01,2026-01-02,7,Late,Fulfilled,0,1
O000886,2025-06-22,East,P0019,S010,1,269.79,269.79,2025-06-27,2025-06-26,4,On Time,Fulfilled,0,0
O000887,2025-02-14,East,P0049,S004,6,224.76,1348.56,2025-02-16,2025-02-15,1,On Time,Fulfilled,0,0
O000888,2025-08-22,South,P0012,S001,6,86.98,521.88,2025-08-26,2025-08-25,3,On Time,Fulfilled,0,0
O000889,2025-03-16,East,P0059,S010,4,209.28,837.12,2025-03-19,2025-03-19,3,On Time,Fulfilled,0,0
O000890,2025-05-10,North,P0007,S010,2,85.99,171.98,2025-05-13,2025-05-12,2,On Time,Fulfilled,0,0
O000891,2025-01-05,Central,P0026,S007,3,250.97,752.91,2025-01-09,2025-01-09,4,On Time,Fulfilled,0,0
O000892,2025-02-27,North,P0027,S010,7,275.2,1926.4,2025-03-01,2025-03-02,3,Late,Returned,1,1
O000893,2025-08-29,East,P0034,S007,1,263.25,263.25,2025-09-04,2025-09-05,7,Late,Fulfilled,0,1
O000894,2025-12-22,West,P0047,S010,6,108.12,648.72,2025-12-27,2025-12-27,5,On Time,Fulfilled,0,0
O000895,2025-03-01,East,P0001,S004,7,289.3,2025.1,2025-03-05,2025-03-04,3,On Time,Fulfilled,0,0
O000896,2025-04-29,North,P0037,S004,2,84.71,169.42,2025-05-01,2025-05-01,2,On Time,Fulfilled,0,0
O000897,2025-06-05,East,P0056,S001,7,210.07,1470.49,2025-06-09,2025-06-11,6,Late,Fulfilled,0,1
O000898,2025-01-09,East,P0058,S007,4,66.02,264.08,2025-01-13,2025-01-13,4,On Time,Fulfilled,0,0
O000899,2025-07-09,South,P0029,S004,4,76.33,305.32,2025-07-13,2025-07-12,3,On Time,Fulfilled,0,0
O000900,2025-10-30,North,P0019,S010,8,269.79,2158.32,2025-11-01,2025-10-31,1,On Time,Fulfilled,0,0
O000901,2025-04-27,Central,P0040,S001,7,216.21,1513.47,2025-05-01,2025-05-02,5,Late,Fulfilled,0,1
O000902,2025-08-30,West,P0041,S004,1,162.16,162.16,2025-09-05,2025-09-05,6,On Time,Fulfilled,0,0
O000903,2025-04-16,South,P0025,S004,1,171.85,171.85,2025-04-21,2025-04-22,6,Late,Fulfilled,0,1
O000904,2025-12-26,Central,P0038,S007,6,97.26,583.56,2025-12-31,2025-12-31,5,On Time,Returned,1,0
O000905,2025-05-16,North,P0030,S007,8,299.53,2396.24,2025-05-22,2025-05-25,9,Late,Fulfilled,0,1
O000906,2025-07-26,Central,P0057,S004,2,302.85,605.7,2025-07-31,2025-08-01,6,Late,Fulfilled,0,1
O000907,2025-01-14,East,P0051,S010,4,159.11,636.44,2025-01-18,2025-01-17,3,On Time,Fulfilled,0,0
O000908,2025-05-01,Central,P0049,S004,1,224.76,224.76,2025-05-04,2025-05-04,3,On Time,Fulfilled,0,0
O000909,2025-03-10,East,P0001,S004,7,289.3,2025.1,2025-03-16,2025-03-15,5,On Time,Fulfilled,0,0
O000910,2025-08-27,Central,P0041,S004,7,162.16,1135.12,2025-08-31,2025-08-31,4,On Time,Fulfilled,0,0
O000911,2025-11-08,South,P0011,S010,7,132.12,924.84,2025-11-12,2025-11-12,4,On Time,Fulfilled,0,0
O000912,2025-06-21,South,P0024,S001,6,64.9,389.4,2025-06-23,2025-06-23,2,On Time,Fulfilled,0,0
O000913,2025-10-11,East,P0030,S007,3,299.53,898.59,2025-10-13,2025-10-14,3,Late,Fulfilled,0,1
O000914,2025-04-24,Central,P0003,S010,2,294.12,588.24,2025-04-28,2025-05-04,10,Late,Fulfilled,0,1
O000915,2025-01-12,South,P0006,S007,6,73.03,438.18,2025-01-16,2025-01-15,3,On Time,Fulfilled,0,0
O000916,2025-06-12,East,P0039,S010,2,71.46,142.92,2025-06-16,2025-06-20,8,Late,Fulfilled,0,1
O000917,2025-05-30,Central,P0029,S004,5,76.33,381.65,2025-06-01,2025-05-31,1,On Time,Fulfilled,0,0
O000918,2025-05-29,West,P0028,S001,6,123.49,740.94,2025-06-03,2025-06-09,11,Late,Fulfilled,0,1
O000919,2025-11-29,West,P0001,S004,7,289.3,2025.1,2025-12-04,2025-12-03,4,On Time,Fulfilled,0,0
O000920,2025-12-13,South,P0001,S004,4,289.3,1157.2,2025-12-19,2025-12-20,7,Late,Fulfilled,0,1
O000921,2025-05-02,South,P0006,S007,8,73.03,584.24,2025-05-04,2025-05-03,1,On Time,Fulfilled,0,0
O000922,2025-02-07,Central,P0036,S001,3,98.04,294.12,2025-02-12,2025-02-13,6,Late,Fulfilled,0,1
O000923,2025-07-26,East,P0057,S004,4,302.85,1211.4,2025-07-28,2025-07-27,1,On Time,Fulfilled,0,0
O000924,2025-06-26,Central,P0017,S004,5,179.09,895.45,2025-06-28,2025-06-28,2,On Time,Fulfilled,0,0
O000925,2025-10-21,East,P0038,S007,5,97.26,486.3,2025-10-23,2025-10-24,3,Late,Fulfilled,0,1
O000926,2025-08-22,South,P0028,S001,6,123.49,740.94,2025-08-27,2025-08-26,4,On Time,Fulfilled,0,0
O000927,2025-02-08,North,P0007,S010,8,85.99,687.92,2025-02-10,2025-02-12,4,Late,Fulfilled,0,1
O000928,2025-10-12,North,P0026,S007,2,250.97,501.94,2025-10-15,2025-10-16,4,Late,Fulfilled,0,1
O000929,2025-03-28,North,P0008,S001,6,158.77,952.62,2025-03-31,2025-04-05,8,Late,Fulfilled,0,1
O000930,2025-08-05,East,P0015,S010,8,312.58,2500.64,2025-08-07,2025-08-08,3,Late,Fulfilled,0,1
O000931,2025-05-22,North,P0056,S001,3,210.07,630.21,2025-05-25,2025-05-28,6,Late,Fulfilled,0,1
O000932,2025-03-07,West,P0040,S001,7,216.21,1513.47,2025-03-11,2025-03-12,5,Late,Fulfilled,0,1
O000933,2025-08-20,Central,P0046,S007,2,225.07,450.14,2025-08-25,2025-08-26,6,Late,Fulfilled,0,1
O000934,2025-09-05,East,P0008,S001,1,158.77,158.77,2025-09-09,2025-09-09,4,On Time,Fulfilled,0,0
O000935,2025-03-05,West,P0003,S010,6,294.12,1764.72,2025-03-07,2025-03-07,2,On Time,Fulfilled,0,0
O000936,2025-03-27,East,P0022,S007,1,174.48,174.48,2025-04-01,2025-04-02,6,Late,Fulfilled,0,1
O000937,2025-11-07,Central,P0006,S007,6,73.03,438.18,2025-11-09,2025-11-08,1,On Time,Fulfilled,0,0
O000938,2025-04-12,North,P0046,S007,1,225.07,225.07,2025-04-16,2025-04-16,4,On Time,Fulfilled,0,0
O000939,2025-11-03,Central,P0009,S004,1,209.42,209.42,2025-11-08,2025-11-13,10,Late,Fulfilled,0,1
O000940,2025-05-23,West,P0028,S001,8,123.49,987.92,2025-05-27,2025-06-02,10,Late,Fulfilled,0,1
O000941,2025-09-27,North,P0050,S007,6,37.5,225.0,2025-10-03,2025-10-03,6,On Time,Fulfilled,0,0
O000942,2025-10-19,Central,P0060,S001,2,118.33,236.66,2025-10-23,2025-10-23,4,On Time,Fulfilled,0,0
O000943,2025-01-19,South,P0059,S010,7,209.28,1464.96,2025-01-22,2025-01-22,3,On Time,Fulfilled,0,0
O000944,2025-06-14,East,P0002,S007,7,244.65,1712.55,2025-06-16,2025-06-17,3,Late,Fulfilled,0,1
O000945,2025-03-19,East,P0001,S004,4,289.3,1157.2,2025-03-25,2025-03-24,5,On Time,Fulfilled,0,0
O000946,2025-03-28,West,P0045,S004,3,109.48,328.44,2025-04-02,2025-04-03,6,Late,Fulfilled,0,1
O000947,2025-12-21,West,P0011,S010,8,132.12,1056.96,2025-12-25,2025-12-31,10,Late,Fulfilled,0,1
O000948,2025-04-18,East,P0023,S010,8,93.63,749.04,2025-04-21,2025-04-21,3,On Time,Fulfilled,0,0
O000949,2025-09-14,North,P0046,S007,4,225.07,900.28,2025-09-16,2025-09-17,3,Late,Fulfilled,0,1
O000950,2025-11-12,West,P0003,S010,5,294.12,1470.6,2025-11-16,2025-11-16,4,On Time,Fulfilled,0,0
O000951,2025-08-18,West,P0026,S007,7,250.97,1756.79,2025-08-22,2025-08-28,10,Late,Fulfilled,0,1
O000952,2025-06-22,South,P0038,S007,8,97.26,778.08,2025-06-27,2025-07-02,10,Late,Fulfilled,0,1
O000953,2025-08-30,East,P0057,S004,2,302.85,605.7,2025-09-03,2025-09-03,4,On Time,Fulfilled,0,0
O000954,2025-09-22,South,P0033,S004,5,183.37,916.85,2025-09-26,2025-10-02,10,Late,Fulfilled,0,1
O000955,2025-08-26,North,P0005,S004,2,247.38,494.76,2025-08-28,2025-08-29,3,Late,Fulfilled,0,1
O000956,2025-09-21,North,P0011,S010,7,132.12,924.84,2025-09-24,2025-09-29,8,Late,Fulfilled,0,1
O000957,2025-04-25,Central,P0058,S007,8,66.02,528.16,2025-04-28,2025-04-29,4,Late,Fulfilled,0,1
O000958,2025-08-17,Central,P0016,S001,5,140.21,701.05,2025-08-19,2025-08-18,1,On Time,Fulfilled,0,0
O000959,2025-12-14,North,P0047,S010,4,108.12,432.48,2025-12-19,2025-12-25,11,Late,Fulfilled,0,1
O000960,2025-10-21,South,P0035,S010,8,211.82,1694.56,2025-10-23,2025-10-24,3,Late,Fulfilled,0,1
O000961,2025-03-18,Central,P0028,S001,3,123.49,370.47,2025-03-20,2025-03-20,2,On Time,Fulfilled,0,0
O000962,2025-08-11,West,P0019,S010,4,269.79,1079.16,2025-08-13,2025-08-12,1,On Time,Fulfilled,0,0
O000963,2025-01-23,South,P0001,S004,6,289.3,1735.8,2025-01-25,2025-01-26,3,Late,Fulfilled,0,1
O000964,2025-09-13,East,P0018,S007,1,79.76,79.76,2025-09-18,2025-09-19,6,Late,Fulfilled,0,1
O000965,2025-09-22,East,P0015,S010,8,312.58,2500.64,2025-09-28,2025-09-29,7,Late,Fulfilled,0,1
O000966,2025-01-28,South,P0037,S004,5,84.71,423.55,2025-02-01,2025-01-31,3,On Time,Returned,1,0
O000967,2025-11-03,North,P0012,S001,7,86.98,608.86,2025-11-08,2025-11-09,6,Late,Fulfilled,0,1
O000968,2025-10-17,West,P0045,S004,4,109.48,437.92,2025-10-21,2025-10-21,4,On Time,Fulfilled,0,0
O000969,2025-05-30,North,P0033,S004,6,183.37,1100.22,2025-06-03,2025-06-02,3,On Time,Fulfilled,0,0
O000970,2025-01-06,East,P0018,S007,6,79.76,478.56,2025-01-08,2025-01-08,2,On Time,Fulfilled,0,0
O000971,2025-11-02,South,P0015,S010,4,312.58,1250.32,2025-11-06,2025-11-07,5,Late,Fulfilled,0,1
O000972,2025-04-22,Central,P0023,S010,6,93.63,561.78,2025-04-25,2025-04-24,2,On Time,Fulfilled,0,0
O000973,2025-09-04,West,P0001,S004,4,289.3,1157.2,2025-09-09,2025-09-14,10,Late,Fulfilled,0,1
O000974,2025-05-26,South,P0029,S004,4,76.33,305.32,2025-05-28,2025-05-31,5,Late,Fulfilled,0,1
O000975,2025-07-29,West,P0018,S007,8,79.76,638.08,2025-08-01,2025-08-01,3,On Time,Fulfilled,0,0
O000976,2025-10-28,South,P0041,S004,3,162.16,486.48,2025-11-01,2025-11-01,4,On Time,Fulfilled,0,0
O000977,2025-10-24,North,P0022,S007,5,174.48,872.4,2025-10-29,2025-10-29,5,On Time,Fulfilled,0,0
O000978,2025-05-12,North,P0011,S010,5,132.12,660.6,2025-05-16,2025-05-16,4,On Time,Fulfilled,0,0
O000979,2025-11-23,West,P0044,S001,4,281.48,1125.92,2025-11-27,2025-11-28,5,Late,Fulfilled,0,1
O000980,2025-09-13,South,P0001,S004,4,289.3,1157.2,2025-09-17,2025-09-22,9,Late,Fulfilled,0,1
O000981,2025-04-22,North,P0055,S010,5,76.46,382.3,2025-04-25,2025-04-26,4,Late,Fulfilled,0,1
O000982,2025-11-11,West,P0047,S010,2,108.12,216.24,2025-11-17,2025-11-18,7,Late,Fulfilled,0,1
O000983,2025-08-22,Central,P0051,S010,5,159.11,795.55,2025-08-28,2025-08-28,6,On Time,Fulfilled,0,0
O000984,2025-09-30,South,P0004,S001,3,209.94,629.82,2025-10-04,2025-10-04,4,On Time,Fulfilled,0,0
O000985,2025-12-17,Central,P0059,S010,3,209.28,627.84,2025-12-21,2025-12-20,3,On Time,Fulfilled,0,0
O000986,2025-09-22,Central,P0012,S001,3,86.98,260.94,2025-09-28,2025-09-28,6,On Time,Fulfilled,0,0
O000987,2025-07-26,East,P0028,S001,7,123.49,864.43,2025-08-01,2025-08-02,7,Late,Fulfilled,0,1
O000988,2025-08-25,Central,P0025,S004,8,171.85,1374.8,2025-08-31,2025-09-01,7,Late,Fulfilled,0,1
O000989,2025-04-25,South,P0037,S004,1,84.71,84.71,2025-04-28,2025-04-29,4,Late,Fulfilled,0,1
O000990,2025-06-13,Central,P0024,S001,5,64.9,324.5,2025-06-19,2025-06-25,12,Late,Fulfilled,0,1
O000991,2025-07-02,Central,P0032,S001,7,166.64,1166.48,2025-07-07,2025-07-12,10,Late,Fulfilled,0,1
O000992,2025-03-27,East,P0026,S007,6,250.97,1505.82,2025-04-02,2025-04-02,6,On Time,Fulfilled,0,0
O000993,2025-11-11,Central,P0009,S004,7,209.42,1465.94,2025-11-13,2025-11-12,1,On Time,Fulfilled,0,0
O000994,2025-05-14,West,P0049,S004,7,224.76,1573.32,2025-05-18,2025-05-17,3,On Time,Fulfilled,0,0
O000995,2025-07-23,East,P0054,S007,6,261.11,1566.66,2025-07-26,2025-07-26,3,On Time,Fulfilled,0,0
O000996,2025-12-18,North,P0002,S007,4,244.65,978.6,2025-12-23,2025-12-24,6,Late,Fulfilled,0,1
O000997,2025-07-14,East,P0038,S007,5,97.26,486.3,2025-07-16,2025-07-16,2,On Time,Fulfilled,0,0
O000998,2025-12-31,South,P0059,S010,3,209.28,627.84,2026-01-04,2026-01-04,4,On Time,Fulfilled,0,0
O000999,2025-05-06,East,P0033,S004,1,183.37,183.37,2025-05-08,2025-05-09,3,Late,Fulfilled,0,1
O001000,2025-12-17,East,P0043,S010,3,254.39,763.17,2025-12-22,2025-12-21,4,On Time,Fulfilled,0,0
O001001,2025-05-10,West,P0002,S007,5,244.65,1223.25,2025-05-16,2025-05-15,5,On Time,Fulfilled,0,0
O001002,2025-10-11,Central,P0009,S004,5,209.42,1047.1,2025-10-15,2025-10-15,4,On Time,Fulfilled,0,0
O001003,2025-10-26,East,P0057,S004,1,302.85,302.85,2025-10-30,2025-10-29,3,On Time,Returned,1,0
O001004,2025-01-30,South,P0004,S001,8,209.94,1679.52,2025-02-01,2025-01-31,1,On Time,Fulfilled,0,0
O001005,2025-05-29,South,P0034,S007,8,263.25,2106.0,2025-06-02,2025-06-01,3,On Time,Fulfilled,0,0
O001006,2025-12-15,North,P0004,S001,7,209.94,1469.58,2025-12-17,2025-12-18,3,Late,Fulfilled,0,1
O001007,2025-02-20,East,P0020,S001,3,148.59,445.77,2025-02-25,2025-02-26,6,Late,Fulfilled,0,1
O001008,2025-12-07,East,P0002,S007,2,244.65,489.3,2025-12-10,2025-12-09,2,On Time,Fulfilled,0,0
O001009,2025-06-06,North,P0032,S001,5,166.64,833.2,2025-06-11,2025-06-11,5,On Time,Fulfilled,0,0
O001010,2025-02-28,East,P0047,S010,7,108.12,756.84,2025-03-06,2025-03-05,5,On Time,Fulfilled,0,0
O001011,2025-10-07,East,P0042,S007,4,315.31,1261.24,2025-10-10,2025-10-12,5,Late,Fulfilled,0,1
O001012,2025-12-07,South,P0008,S001,1,158.77,158.77,2025-12-09,2025-12-08,1,On Time,Fulfilled,0,0
O001013,2025-07-14,Central,P0046,S007,3,225.07,675.21,2025-07-18,2025-07-19,5,Late,Fulfilled,0,1
O001014,2025-08-21,East,P0037,S004,1,84.71,84.71,2025-08-24,2025-08-24,3,On Time,Fulfilled,0,0
O001015,2025-11-01,East,P0013,S004,4,290.72,1162.88,2025-11-07,2025-11-08,7,Late,Fulfilled,0,1
O001016,2025-03-10,Central,P0010,S007,2,101.15,202.3,2025-03-13,2025-03-14,4,Late,Fulfilled,0,1
O001017,2025-12-25,South,P0033,S004,6,183.37,1100.22,2025-12-27,2025-12-27,2,On Time,Fulfilled,0,0
O001018,2025-06-14,East,P0041,S004,3,162.16,486.48,2025-06-18,2025-06-18,4,On Time,Fulfilled,0,0
O001019,2025-11-04,West,P0039,S010,4,71.46,285.84,2025-11-09,2025-11-08,4,On Time,Fulfilled,0,0
O001020,2025-09-15,East,P0021,S004,6,179.24,1075.44,2025-09-21,2025-09-22,7,Late,Fulfilled,0,1
O001021,2025-04-05,East,P0039,S010,5,71.46,357.3,2025-04-07,2025-04-08,3,Late,Fulfilled,0,1
O001022,2025-06-22,East,P0030,S007,5,299.53,1497.65,2025-06-26,2025-06-28,6,Late,Fulfilled,0,1
O001023,2025-01-31,East,P0013,S004,6,290.72,1744.32,2025-02-05,2025-02-04,4,On Time,Fulfilled,0,0
O001024,2025-05-02,North,P0060,S001,7,118.33,828.31,2025-05-05,2025-05-06,4,Late,Returned,1,1
O001025,2025-09-04,West,P0029,S004,8,76.33,610.64,2025-09-08,2025-09-09,5,Late,Fulfilled,0,1
O001026,2025-08-15,West,P0008,S001,7,158.77,1111.39,2025-08-21,2025-08-22,7,Late,Fulfilled,0,1
O001027,2025-03-25,West,P0018,S007,5,79.76,398.8,2025-03-30,2025-03-29,4,On Time,Fulfilled,0,0
O001028,2025-01-05,East,P0047,S010,2,108.12,216.24,2025-01-08,2025-01-08,3,On Time,Returned,1,0
O001029,2025-09-30,West,P0046,S007,3,225.07,675.21,2025-10-02,2025-10-03,3,Late,Fulfilled,0,1
O001030,2025-04-05,South,P0033,S004,3,183.37,550.11,2025-04-09,2025-04-10,5,Late,Fulfilled,0,1
O001031,2025-12-21,West,P0059,S010,3,209.28,627.84,2025-12-23,2025-12-24,3,Late,Fulfilled,0,1
O001032,2025-09-02,East,P0025,S004,4,171.85,687.4,2025-09-05,2025-09-06,4,Late,Fulfilled,0,1
O001033,2025-04-16,Central,P0039,S010,4,71.46,285.84,2025-04-19,2025-04-23,7,Late,Fulfilled,0,1
O001034,2025-01-23,East,P0009,S004,7,209.42,1465.94,2025-01-29,2025-01-29,6,On Time,Fulfilled,0,0
O001035,2025-03-31,North,P0038,S007,4,97.26,389.04,2025-04-02,2025-04-03,3,Late,Fulfilled,0,1
O001036,2025-09-16,Central,P0023,S010,5,93.63,468.15,2025-09-22,2025-09-22,6,On Time,Fulfilled,0,0
O001037,2025-04-22,South,P0006,S007,8,73.03,584.24,2025-04-27,2025-04-26,4,On Time,Fulfilled,0,0
O001038,2025-11-25,South,P0025,S004,7,171.85,1202.95,2025-11-27,2025-11-28,3,Late,Fulfilled,0,1
O001039,2025-04-12,South,P0004,S001,1,209.94,209.94,2025-04-14,2025-04-13,1,On Time,Fulfilled,0,0
O001040,2025-06-23,West,P0053,S004,3,133.42,400.26,2025-06-27,2025-06-26,3,On Time,Fulfilled,0,0
O001041,2025-07-01,East,P0016,S001,4,140.21,560.84,2025-07-07,2025-07-07,6,On Time,Fulfilled,0,0
O001042,2025-02-23,Central,P0005,S004,3,247.38,742.14,2025-02-27,2025-02-28,5,Late,Fulfilled,0,1
O001043,2025-05-16,East,P0001,S004,2,289.3,578.6,2025-05-19,2025-05-20,4,Late,Fulfilled,0,1
O001044,2025-05-22,South,P0005,S004,8,247.38,1979.04,2025-05-27,2025-05-28,6,Late,Fulfilled,0,1
O001045,2025-07-03,North,P0008,S001,3,158.77,476.31,2025-07-08,2025-07-12,9,Late,Fulfilled,0,1
O001046,2025-06-12,West,P0016,S001,2,140.21,280.42,2025-06-18,2025-06-18,6,On Time,Fulfilled,0,0
O001047,2025-03-15,North,P0046,S007,2,225.07,450.14,2025-03-21,2025-03-21,6,On Time,Fulfilled,0,0
O001048,2025-03-02,South,P0015,S010,5,312.58,1562.9,2025-03-05,2025-03-06,4,Late,Fulfilled,0,1
O001049,2025-01-15,Central,P0034,S007,5,263.25,1316.25,2025-01-17,2025-01-16,1,On Time,Fulfilled,0,0
O001050,2025-10-27,Central,P0052,S001,3,57.76,173.28,2025-11-01,2025-11-01,5,On Time,Fulfilled,0,0
O001051,2025-10-10,West,P0032,S001,2,166.64,333.28,2025-10-15,2025-10-15,5,On Time,Fulfilled,0,0
O001052,2025-05-09,East,P0002,S007,7,244.65,1712.55,2025-05-15,2025-05-15,6,On Time,Fulfilled,0,0
O001053,2025-02-15,South,P0030,S007,7,299.53,2096.71,2025-02-20,2025-02-21,6,Late,Fulfilled,0,1
O001054,2025-02-10,Central,P0001,S004,6,289.3,1735.8,2025-02-13,2025-02-13,3,On Time,Fulfilled,0,0
O001055,2025-06-12,South,P0047,S010,4,108.12,432.48,2025-06-16,2025-06-15,3,On Time,Fulfilled,0,0
O001056,2025-06-16,North,P0042,S007,4,315.31,1261.24,2025-06-22,2025-06-28,12,Late,Fulfilled,0,1
O001057,2025-08-29,South,P0020,S001,7,148.59,1040.13,2025-09-01,2025-09-02,4,Late,Fulfilled,0,1
O001058,2025-11-29,North,P0051,S010,1,159.11,159.11,2025-12-02,2025-12-03,4,Late,Fulfilled,0,1
O001059,2025-03-12,Central,P0002,S007,7,244.65,1712.55,2025-03-18,2025-03-18,6,On Time,Fulfilled,0,0
O001060,2025-07-01,North,P0029,S004,5,76.33,381.65,2025-07-04,2025-07-04,3,On Time,Fulfilled,0,0
O001061,2025-05-23,Central,P0014,S007,8,195.03,1560.24,2025-05-25,2025-05-26,3,Late,Fulfilled,0,1
O001062,2025-11-18,Central,P0016,S001,4,140.21,560.84,2025-11-22,2025-11-24,6,Late,Fulfilled,0,1
O001063,2025-05-14,East,P0007,S010,8,85.99,687.92,2025-05-18,2025-05-19,5,Late,Returned,1,1
O001064,2025-08-20,West,P0022,S007,4,174.48,697.92,2025-08-25,2025-08-26,6,Late,Fulfilled,0,1
O001065,2025-10-14,Central,P0036,S001,7,98.04,686.28,2025-10-18,2025-10-19,5,Late,Fulfilled,0,1
O001066,2025-12-23,West,P0053,S004,6,133.42,800.52,2025-12-28,2025-12-27,4,On Time,Fulfilled,0,0
O001067,2025-05-13,South,P0036,S001,2,98.04,196.08,2025-05-17,2025-05-23,10,Late,Fulfilled,0,1
O001068,2025-10-26,West,P0011,S010,5,132.12,660.6,2025-10-28,2025-10-28,2,On Time,Fulfilled,0,0
O001069,2025-06-09,East,P0022,S007,1,174.48,174.48,2025-06-15,2025-06-16,7,Late,Fulfilled,0,1
O001070,2025-03-01,South,P0053,S004,7,133.42,933.94,2025-03-06,2025-03-07,6,Late,Fulfilled,0,1
O001071,2025-04-04,North,P0036,S001,1,98.04,98.04,2025-04-07,2025-04-08,4,Late,Fulfilled,0,1
O001072,2025-05-15,South,P0008,S001,8,158.77,1270.16,2025-05-18,2025-05-19,4,Late,Fulfilled,0,1
O001073,2025-08-21,East,P0007,S010,7,85.99,601.93,2025-08-24,2025-08-23,2,On Time,Fulfilled,0,0
O001074,2025-09-10,Central,P0006,S007,2,73.03,146.06,2025-09-14,2025-09-13,3,On Time,Fulfilled,0,0
O001075,2025-03-09,West,P0022,S007,2,174.48,348.96,2025-03-14,2025-03-16,7,Late,Returned,1,1
O001076,2025-08-17,Central,P0046,S007,3,225.07,675.21,2025-08-22,2025-08-21,4,On Time,Fulfilled,0,0
O001077,2025-01-24,East,P0004,S001,7,209.94,1469.58,2025-01-28,2025-01-28,4,On Time,Fulfilled,0,0
O001078,2025-02-03,South,P0009,S004,2,209.42,418.84,2025-02-05,2025-02-06,3,Late,Fulfilled,0,1
O001079,2025-01-10,West,P0032,S001,5,166.64,833.2,2025-01-16,2025-01-16,6,On Time,Fulfilled,0,0
O001080,2025-12-24,Central,P0026,S007,6,250.97,1505.82,2025-12-26,2026-01-01,8,Late,Fulfilled,0,1
O001081,2025-05-31,West,P0027,S010,1,275.2,275.2,2025-06-05,2025-06-05,5,On Time,Fulfilled,0,0
O001082,2025-11-09,West,P0025,S004,1,171.85,171.85,2025-11-13,2025-11-13,4,On Time,Returned,1,0
O001083,2025-05-07,West,P0007,S010,7,85.99,601.93,2025-05-09,2025-05-10,3,Late,Fulfilled,0,1
O001084,2025-09-18,West,P0059,S010,6,209.28,1255.68,2025-09-21,2025-09-22,4,Late,Fulfilled,0,1
O001085,2025-11-03,South,P0059,S010,4,209.28,837.12,2025-11-09,2025-11-08,5,On Time,Fulfilled,0,0
O001086,2025-10-26,South,P0016,S001,2,140.21,280.42,2025-10-28,2025-10-27,1,On Time,Fulfilled,0,0
O001087,2025-02-21,North,P0001,S004,1,289.3,289.3,2025-02-25,2025-02-24,3,On Time,Fulfilled,0,0
O001088,2025-04-17,West,P0030,S007,7,299.53,2096.71,2025-04-20,2025-04-20,3,On Time,Fulfilled,0,0
O001089,2025-03-01,North,P0008,S001,8,158.77,1270.16,2025-03-06,2025-03-07,6,Late,Fulfilled,0,1
O001090,2025-10-15,West,P0002,S007,6,244.65,1467.9,2025-10-21,2025-10-20,5,On Time,Fulfilled,0,0
O001091,2025-03-23,South,P0034,S007,1,263.25,263.25,2025-03-29,2025-03-28,5,On Time,Fulfilled,0,0
O001092,2025-10-16,Central,P0058,S007,4,66.02,264.08,2025-10-20,2025-10-21,5,Late,Fulfilled,0,1
O001093,2025-10-01,West,P0025,S004,2,171.85,343.7,2025-10-07,2025-10-08,7,Late,Fulfilled,0,1
O001094,2025-04-21,North,P0028,S001,2,123.49,246.98,2025-04-27,2025-04-27,6,On Time,Fulfilled,0,0
O001095,2025-10-19,West,P0016,S001,2,140.21,280.42,2025-10-24,2025-10-24,5,On Time,Fulfilled,0,0
O001096,2025-11-07,West,P0028,S001,8,123.49,987.92,2025-11-09,2025-11-09,2,On Time,Fulfilled,0,0
O001097,2025-01-15,Central,P0043,S010,2,254.39,508.78,2025-01-18,2025-01-18,3,On Time,Fulfilled,0,0
O001098,2025-09-20,West,P0005,S004,5,247.38,1236.9,2025-09-22,2025-09-23,3,Late,Fulfilled,0,1
O001099,2025-11-12,West,P0053,S004,8,133.42,1067.36,2025-11-15,2025-11-16,4,Late,Fulfilled,0,1
O001100,2025-03-16,South,P0015,S010,2,312.58,625.16,2025-03-20,2025-03-21,5,Late,Fulfilled,0,1
O001101,2025-10-27,Central,P0003,S010,8,294.12,2352.96,2025-11-02,2025-11-03,7,Late,Fulfilled,0,1
O001102,2025-10-06,West,P0041,S004,8,162.16,1297.28,2025-10-12,2025-10-12,6,On Time,Fulfilled,0,0
O001103,2025-05-09,West,P0001,S004,4,289.3,1157.2,2025-05-11,2025-05-11,2,On Time,Fulfilled,0,0
O001104,2025-10-09,North,P0043,S010,4,254.39,1017.56,2025-10-12,2025-10-12,3,On Time,Fulfilled,0,0
O001105,2025-05-24,Central,P0008,S001,8,158.77,1270.16,2025-05-28,2025-05-27,3,On Time,Fulfilled,0,0
O001106,2025-07-13,North,P0028,S001,4,123.49,493.96,2025-07-16,2025-07-16,3,On Time,Fulfilled,0,0
O001107,2025-01-10,North,P0009,S004,2,209.42,418.84,2025-01-15,2025-01-14,4,On Time,Fulfilled,0,0
O001108,2025-11-22,East,P0035,S010,1,211.82,211.82,2025-11-27,2025-11-26,4,On Time,Fulfilled,0,0
O001109,2025-08-09,West,P0021,S004,3,179.24,537.72,2025-08-12,2025-08-11,2,On Time,Fulfilled,0,0
O001110,2025-01-25,West,P0042,S007,1,315.31,315.31,2025-01-30,2025-01-30,5,On Time,Fulfilled,0,0
O001111,2025-07-20,East,P0020,S001,4,148.59,594.36,2025-07-26,2025-07-26,6,On Time,Fulfilled,0,0
O001112,2025-07-08,North,P0023,S010,3,93.63,280.89,2025-07-14,2025-07-13,5,On Time,Fulfilled,0,0
O001113,2025-04-23,East,P0017,S004,1,179.09,179.09,2025-04-26,2025-04-26,3,On Time,Fulfilled,0,0
O001114,2025-12-27,West,P0032,S001,1,166.64,166.64,2026-01-01,2026-01-02,6,Late,Fulfilled,0,1
O001115,2025-11-06,West,P0056,S001,2,210.07,420.14,2025-11-11,2025-11-11,5,On Time,Fulfilled,0,0
O001116,2025-02-23,South,P0053,S004,6,133.42,800.52,2025-02-27,2025-02-28,5,Late,Fulfilled,0,1
O001117,2025-08-08,North,P0010,S007,6,101.15,606.9,2025-08-13,2025-08-14,6,Late,Fulfilled,0,1
O001118,2025-08-20,East,P0010,S007,6,101.15,606.9,2025-08-22,2025-08-23,3,Late,Returned,1,1
O001119,2025-08-22,North,P0036,S001,4,98.04,392.16,2025-08-27,2025-08-30,8,Late,Fulfilled,0,1
O001120,2025-09-08,Central,P0029,S004,2,76.33,152.66,2025-09-13,2025-09-12,4,On Time,Fulfilled,0,0
O001121,2025-03-08,Central,P0004,S001,5,209.94,1049.7,2025-03-10,2025-03-16,8,Late,Returned,1,1
O001122,2025-09-21,West,P0043,S010,6,254.39,1526.34,2025-09-25,2025-09-26,5,Late,Fulfilled,0,1
O001123,2025-10-19,North,P0053,S004,1,133.42,133.42,2025-10-21,2025-10-20,1,On Time,Fulfilled,0,0
O001124,2025-10-31,East,P0004,S001,2,209.94,419.88,2025-11-03,2025-11-02,2,On Time,Fulfilled,0,0
O001125,2025-02-26,West,P0060,S001,4,118.33,473.32,2025-03-04,2025-03-05,7,Late,Fulfilled,0,1
O001126,2025-04-28,East,P0016,S001,7,140.21,981.47,2025-05-04,2025-05-05,7,Late,Fulfilled,0,1
O001127,2025-08-08,East,P0019,S010,5,269.79,1348.95,2025-08-12,2025-08-11,3,On Time,Fulfilled,0,0
O001128,2025-08-08,North,P0050,S007,7,37.5,262.5,2025-08-10,2025-08-11,3,Late,Fulfilled,0,1
O001129,2025-08-16,North,P0018,S007,3,79.76,239.28,2025-08-21,2025-08-22,6,Late,Fulfilled,0,1
O001130,2025-01-24,Central,P0046,S007,2,225.07,450.14,2025-01-26,2025-01-26,2,On Time,Fulfilled,0,0
O001131,2025-02-26,West,P0005,S004,7,247.38,1731.66,2025-02-28,2025-02-27,1,On Time,Fulfilled,0,0
O001132,2025-03-08,South,P0027,S010,8,275.2,2201.6,2025-03-13,2025-03-14,6,Late,Fulfilled,0,1
O001133,2025-05-22,West,P0005,S004,4,247.38,989.52,2025-05-26,2025-05-27,5,Late,Fulfilled,0,1
O001134,2025-12-03,North,P0036,S001,5,98.04,490.2,2025-12-07,2025-12-08,5,Late,Returned,1,1
O001135,2025-12-25,North,P0035,S010,4,211.82,847.28,2025-12-31,2026-01-05,11,Late,Returned,1,1
O001136,2025-03-27,West,P0019,S010,4,269.79,1079.16,2025-03-29,2025-03-28,1,On Time,Fulfilled,0,0
O001137,2025-04-14,North,P0052,S001,8,57.76,462.08,2025-04-17,2025-04-18,4,Late,Fulfilled,0,1
O001138,2025-12-25,South,P0008,S001,8,158.77,1270.16,2025-12-28,2026-01-03,9,Late,Returned,1,1
O001139,2025-06-13,East,P0014,S007,7,195.03,1365.21,2025-06-19,2025-06-18,5,On Time,Fulfilled,0,0
O001140,2025-05-17,North,P0035,S010,5,211.82,1059.1,2025-05-20,2025-05-19,2,On Time,Fulfilled,0,0
O001141,2025-10-05,North,P0049,S004,5,224.76,1123.8,2025-10-11,2025-10-12,7,Late,Fulfilled,0,1
O001142,2025-04-08,South,P0046,S007,3,225.07,675.21,2025-04-14,2025-04-14,6,On Time,Fulfilled,0,0
O001143,2025-07-26,North,P0053,S004,5,133.42,667.1,2025-07-28,2025-07-29,3,Late,Fulfilled,0,1
O001144,2025-10-25,South,P0029,S004,3,76.33,228.99,2025-10-31,2025-11-01,7,Late,Fulfilled,0,1
O001145,2025-11-27,North,P0006,S007,2,73.03,146.06,2025-12-03,2025-12-03,6,On Time,Fulfilled,0,0
O001146,2025-04-11,South,P0049,S004,4,224.76,899.04,2025-04-15,2025-04-20,9,Late,Fulfilled,0,1
O001147,2025-08-25,Central,P0058,S007,8,66.02,528.16,2025-08-28,2025-08-29,4,Late,Fulfilled,0,1
O001148,2025-11-17,East,P0045,S004,4,109.48,437.92,2025-11-19,2025-11-19,2,On Time,Fulfilled,0,0
O001149,2025-04-04,East,P0039,S010,3,71.46,214.38,2025-04-08,2025-04-09,5,Late,Fulfilled,0,1
O001150,2025-02-26,West,P0059,S010,8,209.28,1674.24,2025-03-04,2025-03-04,6,On Time,Fulfilled,0,0
O001151,2025-10-16,Central,P0035,S010,1,211.82,211.82,2025-10-21,2025-10-21,5,On Time,Returned,1,0
O001152,2025-07-16,South,P0003,S010,6,294.12,1764.72,2025-07-19,2025-07-19,3,On Time,Fulfilled,0,0
O001153,2025-08-27,North,P0059,S010,3,209.28,627.84,2025-08-30,2025-08-29,2,On Time,Fulfilled,0,0
O001154,2025-03-08,East,P0004,S001,6,209.94,1259.64,2025-03-12,2025-03-12,4,On Time,Fulfilled,0,0
O001155,2025-02-22,North,P0001,S004,3,289.3,867.9,2025-02-28,2025-03-01,7,Late,Returned,1,1
O001156,2025-11-25,East,P0027,S010,7,275.2,1926.4,2025-11-28,2025-11-29,4,Late,Fulfilled,0,1
O001157,2025-03-26,Central,P0014,S007,1,195.03,195.03,2025-03-28,2025-03-28,2,On Time,Fulfilled,0,0
O001158,2025-04-29,East,P0058,S007,1,66.02,66.02,2025-05-04,2025-05-03,4,On Time,Fulfilled,0,0
O001159,2025-11-18,West,P0057,S004,1,302.85,302.85,2025-11-22,2025-11-23,5,Late,Fulfilled,0,1
O001160,2025-04-09,West,P0031,S010,4,75.12,300.48,2025-04-14,2025-04-13,4,On Time,Fulfilled,0,0
O001161,2025-03-29,East,P0003,S010,4,294.12,1176.48,2025-04-03,2025-04-02,4,On Time,Fulfilled,0,0
O001162,2025-02-27,Central,P0056,S001,4,210.07,840.28,2025-03-05,2025-03-04,5,On Time,Fulfilled,0,0
O001163,2025-07-21,West,P0004,S001,4,209.94,839.76,2025-07-23,2025-07-22,1,On Time,Fulfilled,0,0
O001164,2025-04-26,Central,P0044,S001,6,281.48,1688.88,2025-04-28,2025-04-28,2,On Time,Fulfilled,0,0
O001165,2025-07-21,West,P0052,S001,8,57.76,462.08,2025-07-26,2025-07-26,5,On Time,Fulfilled,0,0
O001166,2025-06-26,East,P0054,S007,2,261.11,522.22,2025-06-28,2025-06-28,2,On Time,Fulfilled,0,0
O001167,2025-06-30,Central,P0014,S007,4,195.03,780.12,2025-07-06,2025-07-10,10,Late,Fulfilled,0,1
O001168,2025-07-16,South,P0046,S007,8,225.07,1800.56,2025-07-19,2025-07-19,3,On Time,Fulfilled,0,0
O001169,2025-07-10,West,P0006,S007,1,73.03,73.03,2025-07-15,2025-07-14,4,On Time,Fulfilled,0,0
O001170,2025-05-29,South,P0060,S001,7,118.33,828.31,2025-06-01,2025-05-31,2,On Time,Fulfilled,0,0
O001171,2025-03-27,East,P0046,S007,7,225.07,1575.49,2025-04-01,2025-04-02,6,Late,Fulfilled,0,1
O001172,2025-12-31,West,P0020,S001,3,148.59,445.77,2026-01-02,2026-01-01,1,On Time,Fulfilled,0,0
O001173,2025-02-07,South,P0053,S004,5,133.42,667.1,2025-02-10,2025-02-11,4,Late,Fulfilled,0,1
O001174,2025-07-11,West,P0060,S001,2,118.33,236.66,2025-07-13,2025-07-13,2,On Time,Returned,1,0
O001175,2025-06-16,West,P0041,S004,4,162.16,648.64,2025-06-22,2025-06-23,7,Late,Fulfilled,0,1
O001176,2025-01-25,North,P0047,S010,6,108.12,648.72,2025-01-31,2025-01-30,5,On Time,Fulfilled,0,0
O001177,2025-11-12,North,P0057,S004,8,302.85,2422.8,2025-11-15,2025-11-16,4,Late,Fulfilled,0,1
O001178,2025-03-30,North,P0002,S007,2,244.65,489.3,2025-04-05,2025-04-04,5,On Time,Fulfilled,0,0
O001179,2025-10-03,East,P0056,S001,1,210.07,210.07,2025-10-06,2025-10-05,2,On Time,Fulfilled,0,0
O001180,2025-06-23,West,P0026,S007,7,250.97,1756.79,2025-06-25,2025-06-26,3,Late,Fulfilled,0,1
O001181,2025-10-15,Central,P0057,S004,2,302.85,605.7,2025-10-19,2025-10-22,7,Late,Fulfilled,0,1
O001182,2025-05-17,North,P0042,S007,5,315.31,1576.55,2025-05-20,2025-05-19,2,On Time,Fulfilled,0,0
O001183,2025-06-28,South,P0036,S001,1,98.04,98.04,2025-07-04,2025-07-03,5,On Time,Fulfilled,0,0
O001184,2025-01-03,North,P0016,S001,4,140.21,560.84,2025-01-09,2025-01-09,6,On Time,Returned,1,0
O001185,2025-02-08,West,P0046,S007,7,225.07,1575.49,2025-02-13,2025-02-13,5,On Time,Fulfilled,0,0
O001186,2025-09-17,Central,P0057,S004,3,302.85,908.55,2025-09-21,2025-09-22,5,Late,Fulfilled,0,1
O001187,2025-12-09,North,P0012,S001,5,86.98,434.9,2025-12-13,2025-12-12,3,On Time,Fulfilled,0,0
O001188,2025-03-15,East,P0016,S001,5,140.21,701.05,2025-03-18,2025-03-17,2,On Time,Fulfilled,0,0
O001189,2025-05-05,Central,P0018,S007,7,79.76,558.32,2025-05-11,2025-05-11,6,On Time,Fulfilled,0,0
O001190,2025-09-04,Central,P0008,S001,5,158.77,793.85,2025-09-10,2025-09-11,7,Late,Fulfilled,0,1
O001191,2025-12-03,East,P0046,S007,2,225.07,450.14,2025-12-08,2025-12-09,6,Late,Fulfilled,0,1
O001192,2025-11-16,East,P0054,S007,6,261.11,1566.66,2025-11-21,2025-11-21,5,On Time,Fulfilled,0,0
O001193,2025-03-30,East,P0056,S001,3,210.07,630.21,2025-04-03,2025-04-02,3,On Time,Fulfilled,0,0
O001194,2025-12-14,South,P0010,S007,8,101.15,809.2,2025-12-17,2025-12-17,3,On Time,Fulfilled,0,0
O001195,2025-06-03,North,P0032,S001,8,166.64,1333.12,2025-06-08,2025-06-07,4,On Time,Fulfilled,0,0
O001196,2025-10-03,North,P0038,S007,7,97.26,680.82,2025-10-09,2025-10-14,11,Late,Fulfilled,0,1
O001197,2025-02-23,West,P0055,S010,2,76.46,152.92,2025-02-27,2025-02-26,3,On Time,Fulfilled,0,0
O001198,2025-12-15,Central,P0016,S001,2,140.21,280.42,2025-12-19,2025-12-18,3,On Time,Fulfilled,0,0
O001199,2025-03-28,East,P0019,S010,4,269.79,1079.16,2025-04-03,2025-04-02,5,On Time,Fulfilled,0,0
O001200,2025-11-18,South,P0020,S001,6,148.59,891.54,2025-11-22,2025-11-23,5,Late,Fulfilled,0,1
O001201,2025-04-18,Central,P0010,S007,5,101.15,505.75,2025-04-24,2025-04-30,12,Late,Fulfilled,0,1
O001202,2025-03-19,South,P0016,S001,4,140.21,560.84,2025-03-21,2025-03-21,2,On Time,Fulfilled,0,0
O001203,2025-03-22,West,P0031,S010,2,75.12,150.24,2025-03-28,2025-03-27,5,On Time,Fulfilled,0,0
O001204,2025-03-19,East,P0044,S001,2,281.48,562.96,2025-03-25,2025-03-26,7,Late,Fulfilled,0,1
O001205,2025-03-17,West,P0014,S007,1,195.03,195.03,2025-03-23,2025-03-22,5,On Time,Fulfilled,0,0
O001206,2025-06-27,North,P0036,S001,2,98.04,196.08,2025-07-02,2025-07-01,4,On Time,Fulfilled,0,0
O001207,2025-06-03,East,P0005,S004,1,247.38,247.38,2025-06-07,2025-06-06,3,On Time,Returned,1,0
O001208,2025-11-14,North,P0047,S010,2,108.12,216.24,2025-11-20,2025-11-21,7,Late,Fulfilled,0,1
O001209,2025-01-13,East,P0024,S001,1,64.9,64.9,2025-01-16,2025-01-18,5,Late,Fulfilled,0,1
O001210,2025-03-18,North,P0040,S001,6,216.21,1297.26,2025-03-21,2025-03-22,4,Late,Fulfilled,0,1
O001211,2025-07-03,South,P0023,S010,3,93.63,280.89,2025-07-05,2025-07-05,2,On Time,Fulfilled,0,0
O001212,2025-12-27,West,P0045,S004,1,109.48,109.48,2026-01-02,2026-01-02,6,On Time,Fulfilled,0,0
O001213,2025-09-24,East,P0013,S004,8,290.72,2325.76,2025-09-27,2025-09-26,2,On Time,Fulfilled,0,0
O001214,2025-11-01,North,P0009,S004,4,209.42,837.68,2025-11-05,2025-11-05,4,On Time,Fulfilled,0,0
O001215,2025-03-12,Central,P0058,S007,6,66.02,396.12,2025-03-18,2025-03-18,6,On Time,Fulfilled,0,0
O001216,2025-07-18,Central,P0030,S007,7,299.53,2096.71,2025-07-20,2025-07-20,2,On Time,Fulfilled,0,0
O001217,2025-06-05,West,P0044,S001,1,281.48,281.48,2025-06-11,2025-06-11,6,On Time,Fulfilled,0,0
O001218,2025-05-01,North,P0054,S007,6,261.11,1566.66,2025-05-03,2025-05-03,2,On Time,Fulfilled,0,0
O001219,2025-01-18,Central,P0011,S010,4,132.12,528.48,2025-01-21,2025-01-20,2,On Time,Returned,1,0
O001220,2025-09-04,East,P0016,S001,1,140.21,140.21,2025-09-10,2025-09-09,5,On Time,Fulfilled,0,0
O001221,2025-01-10,West,P0057,S004,8,302.85,2422.8,2025-01-15,2025-01-14,4,On Time,Fulfilled,0,0
O001222,2025-02-27,South,P0039,S010,3,71.46,214.38,2025-03-01,2025-02-28,1,On Time,Fulfilled,0,0
O001223,2025-07-28,East,P0049,S004,2,224.76,449.52,2025-07-30,2025-07-29,1,On Time,Fulfilled,0,0
O001224,2025-04-06,North,P0043,S010,6,254.39,1526.34,2025-04-12,2025-04-13,7,Late,Fulfilled,0,1
O001225,2025-06-11,Central,P0037,S004,7,84.71,592.97,2025-06-14,2025-06-20,9,Late,Fulfilled,0,1
O001226,2025-06-30,North,P0023,S010,5,93.63,468.15,2025-07-06,2025-07-05,5,On Time,Fulfilled,0,0
O001227,2025-08-09,East,P0008,S001,1,158.77,158.77,2025-08-11,2025-08-10,1,On Time,Fulfilled,0,0
O001228,2025-09-29,East,P0019,S010,2,269.79,539.58,2025-10-01,2025-10-02,3,Late,Fulfilled,0,1
O001229,2025-11-12,South,P0004,S001,3,209.94,629.82,2025-11-16,2025-11-15,3,On Time,Fulfilled,0,0
O001230,2025-06-05,West,P0003,S010,4,294.12,1176.48,2025-06-08,2025-06-08,3,On Time,Fulfilled,0,0
O001231,2025-05-21,West,P0051,S010,2,159.11,318.22,2025-05-26,2025-05-26,5,On Time,Fulfilled,0,0
O001232,2025-05-23,Central,P0048,S001,3,141.97,425.91,2025-05-28,2025-05-29,6,Late,Fulfilled,0,1
O001233,2025-05-20,Central,P0047,S010,5,108.12,540.6,2025-05-24,2025-05-25,5,Late,Fulfilled,0,1
O001234,2025-05-13,South,P0009,S004,8,209.42,1675.36,2025-05-18,2025-05-19,6,Late,Fulfilled,0,1
O001235,2025-08-08,Central,P0006,S007,4,73.03,292.12,2025-08-10,2025-08-10,2,On Time,Fulfilled,0,0
O001236,2025-09-05,South,P0051,S010,5,159.11,795.55,2025-09-09,2025-09-09,4,On Time,Fulfilled,0,0
O001237,2025-03-04,Central,P0057,S004,5,302.85,1514.25,2025-03-06,2025-03-05,1,On Time,Fulfilled,0,0
O001238,2025-05-02,South,P0011,S010,3,132.12,396.36,2025-05-06,2025-05-05,3,On Time,Fulfilled,0,0
O001239,2025-12-21,North,P0058,S007,8,66.02,528.16,2025-12-24,2025-12-25,4,Late,Fulfilled,0,1
O001240,2025-03-22,West,P0004,S001,6,209.94,1259.64,2025-03-28,2025-03-29,7,Late,Fulfilled,0,1
O001241,2025-11-25,Central,P0020,S001,5,148.59,742.95,2025-11-27,2025-11-28,3,Late,Fulfilled,0,1
O001242,2025-06-29,South,P0008,S001,5,158.77,793.85,2025-07-02,2025-07-03,4,Late,Fulfilled,0,1
O001243,2025-09-14,East,P0054,S007,3,261.11,783.33,2025-09-18,2025-09-17,3,On Time,Fulfilled,0,0
O001244,2025-11-29,East,P0003,S010,2,294.12,588.24,2025-12-04,2025-12-06,7,Late,Fulfilled,0,1
O001245,2025-01-19,North,P0056,S001,5,210.07,1050.35,2025-01-25,2025-01-24,5,On Time,Returned,1,0
O001246,2025-09-21,West,P0003,S010,7,294.12,2058.84,2025-09-24,2025-09-24,3,On Time,Fulfilled,0,0
O001247,2025-04-07,North,P0047,S010,2,108.12,216.24,2025-04-12,2025-04-11,4,On Time,Fulfilled,0,0
O001248,2025-02-11,South,P0048,S001,3,141.97,425.91,2025-02-14,2025-02-13,2,On Time,Fulfilled,0,0
O001249,2025-10-07,Central,P0016,S001,3,140.21,420.63,2025-10-13,2025-10-16,9,Late,Fulfilled,0,1
O001250,2025-11-16,South,P0039,S010,8,71.46,571.68,2025-11-22,2025-11-23,7,Late,Fulfilled,0,1
O001251,2025-05-31,East,P0023,S010,6,93.63,561.78,2025-06-05,2025-06-06,6,Late,Fulfilled,0,1
O001252,2025-06-27,East,P0047,S010,8,108.12,864.96,2025-06-30,2025-07-02,5,Late,Fulfilled,0,1
O001253,2025-12-09,Central,P0023,S010,8,93.63,749.04,2025-12-11,2025-12-17,8,Late,Fulfilled,0,1
O001254,2025-09-24,Central,P0044,S001,4,281.48,1125.92,2025-09-26,2025-09-27,3,Late,Fulfilled,0,1
O001255,2025-02-25,East,P0014,S007,4,195.03,780.12,2025-03-03,2025-03-02,5,On Time,Fulfilled,0,0
O001256,2025-12-14,South,P0041,S004,2,162.16,324.32,2025-12-19,2025-12-23,9,Late,Fulfilled,0,1
O001257,2025-04-01,Central,P0031,S010,5,75.12,375.6,2025-04-07,2025-04-07,6,On Time,Fulfilled,0,0
O001258,2025-06-29,West,P0021,S004,1,179.24,179.24,2025-07-05,2025-07-05,6,On Time,Fulfilled,0,0
O001259,2025-11-16,Central,P0019,S010,1,269.79,269.79,2025-11-22,2025-11-22,6,On Time,Fulfilled,0,0
O001260,2025-03-20,West,P0049,S004,4,224.76,899.04,2025-03-26,2025-03-25,5,On Time,Fulfilled,0,0
O001261,2025-03-14,West,P0028,S001,5,123.49,617.45,2025-03-17,2025-03-17,3,On Time,Fulfilled,0,0
O001262,2025-10-19,West,P0001,S004,4,289.3,1157.2,2025-10-23,2025-10-23,4,On Time,Fulfilled,0,0
O001263,2025-10-31,West,P0026,S007,3,250.97,752.91,2025-11-02,2025-11-08,8,Late,Fulfilled,0,1
O001264,2025-11-06,West,P0051,S010,2,159.11,318.22,2025-11-08,2025-11-09,3,Late,Fulfilled,0,1
O001265,2025-09-07,East,P0049,S004,3,224.76,674.28,2025-09-09,2025-09-08,1,On Time,Fulfilled,0,0
O001266,2025-11-26,East,P0051,S010,4,159.11,636.44,2025-11-29,2025-11-29,3,On Time,Fulfilled,0,0
O001267,2025-11-12,East,P0038,S007,1,97.26,97.26,2025-11-16,2025-11-17,5,Late,Fulfilled,0,1
O001268,2025-06-09,East,P0060,S001,7,118.33,828.31,2025-06-12,2025-06-11,2,On Time,Fulfilled,0,0
O001269,2025-02-25,North,P0008,S001,4,158.77,635.08,2025-02-28,2025-02-28,3,On Time,Fulfilled,0,0
O001270,2025-09-01,Central,P0038,S007,7,97.26,680.82,2025-09-07,2025-09-13,12,Late,Fulfilled,0,1
O001271,2025-10-08,East,P0058,S007,8,66.02,528.16,2025-10-10,2025-10-09,1,On Time,Fulfilled,0,0
O001272,2025-02-28,Central,P0016,S001,2,140.21,280.42,2025-03-03,2025-03-05,5,Late,Fulfilled,0,1
O001273,2025-05-14,West,P0033,S004,7,183.37,1283.59,2025-05-17,2025-05-17,3,On Time,Fulfilled,0,0
O001274,2025-09-20,North,P0050,S007,3,37.5,112.5,2025-09-25,2025-09-29,9,Late,Fulfilled,0,1
O001275,2025-08-05,West,P0052,S001,3,57.76,173.28,2025-08-09,2025-08-10,5,Late,Fulfilled,0,1
O001276,2025-12-22,West,P0051,S010,5,159.11,795.55,2025-12-25,2025-12-29,7,Late,Fulfilled,0,1
O001277,2025-05-11,West,P0007,S010,4,85.99,343.96,2025-05-13,2025-05-13,2,On Time,Fulfilled,0,0
O001278,2025-03-28,South,P0024,S001,2,64.9,129.8,2025-03-30,2025-04-02,5,Late,Fulfilled,0,1
O001279,2025-01-21,West,P0018,S007,1,79.76,79.76,2025-01-25,2025-01-24,3,On Time,Fulfilled,0,0
O001280,2025-04-26,North,P0040,S001,2,216.21,432.42,2025-04-29,2025-05-05,9,Late,Fulfilled,0,1
O001281,2025-12-31,North,P0021,S004,3,179.24,537.72,2026-01-04,2026-01-05,5,Late,Fulfilled,0,1
O001282,2025-01-22,East,P0031,S010,3,75.12,225.36,2025-01-27,2025-01-26,4,On Time,Fulfilled,0,0
O001283,2025-09-01,East,P0006,S007,5,73.03,365.15,2025-09-07,2025-09-12,11,Late,Fulfilled,0,1
O001284,2025-04-28,East,P0041,S004,3,162.16,486.48,2025-05-02,2025-05-02,4,On Time,Fulfilled,0,0
O001285,2025-10-28,South,P0009,S004,3,209.42,628.26,2025-10-30,2025-10-31,3,Late,Fulfilled,0,1
O001286,2025-10-22,South,P0025,S004,7,171.85,1202.95,2025-10-26,2025-10-25,3,On Time,Returned,1,0
O001287,2025-12-29,East,P0010,S007,8,101.15,809.2,2026-01-02,2026-01-02,4,On Time,Fulfilled,0,0
O001288,2025-10-12,Central,P0012,S001,1,86.98,86.98,2025-10-15,2025-10-16,4,Late,Fulfilled,0,1
O001289,2025-05-16,North,P0015,S010,8,312.58,2500.64,2025-05-18,2025-05-21,5,Late,Fulfilled,0,1
O001290,2025-07-21,Central,P0036,S001,2,98.04,196.08,2025-07-25,2025-07-25,4,On Time,Fulfilled,0,0
O001291,2025-03-20,South,P0013,S004,7,290.72,2035.04,2025-03-22,2025-03-21,1,On Time,Fulfilled,0,0
O001292,2025-02-02,West,P0050,S007,1,37.5,37.5,2025-02-06,2025-02-05,3,On Time,Fulfilled,0,0
O001293,2025-09-07,West,P0002,S007,5,244.65,1223.25,2025-09-12,2025-09-13,6,Late,Fulfilled,0,1
O001294,2025-06-21,South,P0038,S007,1,97.26,97.26,2025-06-23,2025-06-23,2,On Time,Fulfilled,0,0
O001295,2025-01-16,Central,P0021,S004,3,179.24,537.72,2025-01-19,2025-01-19,3,On Time,Fulfilled,0,0
O001296,2025-08-27,West,P0033,S004,4,183.37,733.48,2025-08-29,2025-08-30,3,Late,Fulfilled,0,1
O001297,2025-04-30,West,P0019,S010,1,269.79,269.79,2025-05-03,2025-05-04,4,Late,Fulfilled,0,1
O001298,2025-12-15,North,P0011,S010,1,132.12,132.12,2025-12-18,2025-12-17,2,On Time,Fulfilled,0,0
O001299,2025-02-23,North,P0032,S001,6,166.64,999.84,2025-02-26,2025-02-26,3,On Time,Fulfilled,0,0
O001300,2025-06-11,North,P0010,S007,4,101.15,404.6,2025-06-14,2025-06-13,2,On Time,Fulfilled,0,0
O001301,2025-07-28,South,P0013,S004,8,290.72,2325.76,2025-07-31,2025-07-30,2,On Time,Fulfilled,0,0
O001302,2025-12-30,North,P0054,S007,8,261.11,2088.88,2026-01-04,2026-01-08,9,Late,Fulfilled,0,1
O001303,2025-06-28,East,P0046,S007,4,225.07,900.28,2025-07-04,2025-07-03,5,On Time,Fulfilled,0,0
O001304,2025-09-03,North,P0024,S001,7,64.9,454.3,2025-09-07,2025-09-07,4,On Time,Fulfilled,0,0
O001305,2025-08-13,North,P0041,S004,2,162.16,324.32,2025-08-16,2025-08-17,4,Late,Fulfilled,0,1
O001306,2025-01-27,East,P0055,S010,8,76.46,611.68,2025-01-31,2025-01-30,3,On Time,Fulfilled,0,0
O001307,2025-03-14,North,P0022,S007,1,174.48,174.48,2025-03-17,2025-03-17,3,On Time,Fulfilled,0,0
O001308,2025-03-09,South,P0036,S001,2,98.04,196.08,2025-03-14,2025-03-13,4,On Time,Fulfilled,0,0
O001309,2025-08-02,West,P0054,S007,6,261.11,1566.66,2025-08-06,2025-08-07,5,Late,Returned,1,1
O001310,2025-06-14,South,P0044,S001,5,281.48,1407.4,2025-06-19,2025-06-18,4,On Time,Fulfilled,0,0
O001311,2025-07-06,Central,P0054,S007,7,261.11,1827.77,2025-07-11,2025-07-14,8,Late,Fulfilled,0,1
O001312,2025-03-25,South,P0009,S004,1,209.42,209.42,2025-03-30,2025-03-29,4,On Time,Fulfilled,0,0
O001313,2025-08-11,East,P0047,S010,5,108.12,540.6,2025-08-16,2025-08-15,4,On Time,Fulfilled,0,0
O001314,2025-02-18,Central,P0030,S007,1,299.53,299.53,2025-02-23,2025-02-24,6,Late,Fulfilled,0,1
O001315,2025-08-11,East,P0022,S007,8,174.48,1395.84,2025-08-14,2025-08-15,4,Late,Returned,1,1
O001316,2025-06-16,West,P0017,S004,6,179.09,1074.54,2025-06-21,2025-06-21,5,On Time,Fulfilled,0,0
O001317,2025-03-25,West,P0013,S004,2,290.72,581.44,2025-03-31,2025-04-01,7,Late,Fulfilled,0,1
O001318,2025-09-12,West,P0020,S001,3,148.59,445.77,2025-09-17,2025-09-16,4,On Time,Fulfilled,0,0
O001319,2025-08-31,South,P0026,S007,3,250.97,752.91,2025-09-04,2025-09-05,5,Late,Fulfilled,0,1
O001320,2025-05-31,West,P0040,S001,3,216.21,648.63,2025-06-05,2025-06-05,5,On Time,Fulfilled,0,0
O001321,2025-05-03,East,P0051,S010,3,159.11,477.33,2025-05-07,2025-05-07,4,On Time,Fulfilled,0,0
O001322,2025-08-14,East,P0059,S010,8,209.28,1674.24,2025-08-16,2025-08-15,1,On Time,Fulfilled,0,0
O001323,2025-03-02,South,P0025,S004,4,171.85,687.4,2025-03-07,2025-03-07,5,On Time,Fulfilled,0,0
O001324,2025-01-30,Central,P0055,S010,6,76.46,458.76,2025-02-03,2025-02-03,4,On Time,Fulfilled,0,0
O001325,2025-01-04,South,P0013,S004,3,290.72,872.16,2025-01-07,2025-01-08,4,Late,Fulfilled,0,1
O001326,2025-04-22,East,P0060,S001,4,118.33,473.32,2025-04-24,2025-04-23,1,On Time,Fulfilled,0,0
O001327,2025-11-12,West,P0058,S007,1,66.02,66.02,2025-11-16,2025-11-16,4,On Time,Fulfilled,0,0
O001328,2025-01-11,Central,P0057,S004,4,302.85,1211.4,2025-01-15,2025-01-15,4,On Time,Fulfilled,0,0
O001329,2025-09-30,East,P0007,S010,6,85.99,515.94,2025-10-03,2025-10-03,3,On Time,Fulfilled,0,0
O001330,2025-05-30,East,P0038,S007,1,97.26,97.26,2025-06-05,2025-06-08,9,Late,Fulfilled,0,1
O001331,2025-04-09,North,P0002,S007,1,244.65,244.65,2025-04-14,2025-04-14,5,On Time,Fulfilled,0,0
O001332,2025-12-27,South,P0045,S004,4,109.48,437.92,2025-12-31,2025-12-31,4,On Time,Returned,1,0
O001333,2025-06-05,West,P0053,S004,8,133.42,1067.36,2025-06-07,2025-06-08,3,Late,Fulfilled,0,1
O001334,2025-01-28,South,P0037,S004,4,84.71,338.84,2025-01-30,2025-01-30,2,On Time,Fulfilled,0,0
O001335,2025-05-19,West,P0052,S001,5,57.76,288.8,2025-05-22,2025-05-22,3,On Time,Fulfilled,0,0
O001336,2025-09-08,South,P0005,S004,3,247.38,742.14,2025-09-13,2025-09-12,4,On Time,Fulfilled,0,0
O001337,2025-03-17,West,P0023,S010,6,93.63,561.78,2025-03-21,2025-03-21,4,On Time,Fulfilled,0,0
O001338,2025-04-12,Central,P0060,S001,7,118.33,828.31,2025-04-18,2025-04-21,9,Late,Fulfilled,0,1
O001339,2025-09-28,Central,P0006,S007,6,73.03,438.18,2025-10-02,2025-10-04,6,Late,Fulfilled,0,1
O001340,2025-05-24,East,P0008,S001,1,158.77,158.77,2025-05-29,2025-05-29,5,On Time,Fulfilled,0,0
O001341,2025-10-27,West,P0047,S010,7,108.12,756.84,2025-10-30,2025-10-31,4,Late,Fulfilled,0,1
O001342,2025-02-02,North,P0047,S010,2,108.12,216.24,2025-02-08,2025-02-09,7,Late,Fulfilled,0,1
O001343,2025-10-07,South,P0033,S004,7,183.37,1283.59,2025-10-12,2025-10-15,8,Late,Fulfilled,0,1
O001344,2025-12-28,West,P0028,S001,7,123.49,864.43,2025-12-31,2025-12-30,2,On Time,Fulfilled,0,0
O001345,2025-06-30,Central,P0042,S007,3,315.31,945.93,2025-07-03,2025-07-02,2,On Time,Fulfilled,0,0
O001346,2025-03-22,South,P0056,S001,4,210.07,840.28,2025-03-25,2025-03-26,4,Late,Fulfilled,0,1
O001347,2025-01-16,East,P0055,S010,6,76.46,458.76,2025-01-19,2025-01-20,4,Late,Fulfilled,0,1
O001348,2025-05-19,Central,P0029,S004,4,76.33,305.32,2025-05-23,2025-05-24,5,Late,Fulfilled,0,1
O001349,2025-01-29,West,P0047,S010,1,108.12,108.12,2025-02-01,2025-02-04,6,Late,Fulfilled,0,1
O001350,2025-08-15,North,P0044,S001,7,281.48,1970.36,2025-08-20,2025-08-21,6,Late,Returned,1,1
O001351,2025-09-12,Central,P0031,S010,7,75.12,525.84,2025-09-15,2025-09-15,3,On Time,Fulfilled,0,0
O001352,2025-03-09,Central,P0049,S004,6,224.76,1348.56,2025-03-12,2025-03-11,2,On Time,Fulfilled,0,0
O001353,2025-11-26,North,P0049,S004,6,224.76,1348.56,2025-11-30,2025-11-30,4,On Time,Fulfilled,0,0
O001354,2025-11-21,South,P0016,S001,7,140.21,981.47,2025-11-26,2025-11-26,5,On Time,Fulfilled,0,0
O001355,2025-03-11,East,P0057,S004,6,302.85,1817.1,2025-03-15,2025-03-15,4,On Time,Fulfilled,0,0
O001356,2025-08-02,East,P0001,S004,1,289.3,289.3,2025-08-06,2025-08-05,3,On Time,Fulfilled,0,0
O001357,2025-03-25,Central,P0019,S010,7,269.79,1888.53,2025-03-27,2025-03-27,2,On Time,Fulfilled,0,0
O001358,2025-01-21,West,P0035,S010,4,211.82,847.28,2025-01-25,2025-01-24,3,On Time,Fulfilled,0,0
O001359,2025-12-04,West,P0015,S010,8,312.58,2500.64,2025-12-09,2025-12-08,4,On Time,Fulfilled,0,0
O001360,2025-08-08,South,P0047,S010,3,108.12,324.36,2025-08-11,2025-08-12,4,Late,Fulfilled,0,1
O001361,2025-05-16,West,P0014,S007,7,195.03,1365.21,2025-05-19,2025-05-18,2,On Time,Fulfilled,0,0
O001362,2025-10-17,Central,P0056,S001,5,210.07,1050.35,2025-10-19,2025-10-18,1,On Time,Fulfilled,0,0
O001363,2025-12-30,North,P0060,S001,7,118.33,828.31,2026-01-01,2026-01-01,2,On Time,Fulfilled,0,0
O001364,2025-03-30,North,P0039,S010,5,71.46,357.3,2025-04-05,2025-04-09,10,Late,Fulfilled,0,1
O001365,2025-10-06,West,P0012,S001,5,86.98,434.9,2025-10-10,2025-10-09,3,On Time,Fulfilled,0,0
O001366,2025-12-19,East,P0019,S010,4,269.79,1079.16,2025-12-21,2025-12-20,1,On Time,Fulfilled,0,0
O001367,2025-01-29,Central,P0047,S010,2,108.12,216.24,2025-02-03,2025-02-02,4,On Time,Fulfilled,0,0
O001368,2025-02-25,East,P0016,S001,4,140.21,560.84,2025-03-02,2025-03-03,6,Late,Fulfilled,0,1
O001369,2025-03-06,West,P0005,S004,2,247.38,494.76,2025-03-09,2025-03-13,7,Late,Returned,1,1
O001370,2025-02-16,Central,P0010,S007,5,101.15,505.75,2025-02-21,2025-02-20,4,On Time,Fulfilled,0,0
O001371,2025-09-27,North,P0036,S001,2,98.04,196.08,2025-10-03,2025-10-02,5,On Time,Fulfilled,0,0
O001372,2025-06-21,North,P0044,S001,4,281.48,1125.92,2025-06-23,2025-06-24,3,Late,Fulfilled,0,1
O001373,2025-06-22,West,P0018,S007,4,79.76,319.04,2025-06-24,2025-06-24,2,On Time,Fulfilled,0,0
O001374,2025-09-26,South,P0006,S007,1,73.03,73.03,2025-10-02,2025-10-01,5,On Time,Fulfilled,0,0
O001375,2025-01-30,East,P0022,S007,6,174.48,1046.88,2025-02-03,2025-02-03,4,On Time,Fulfilled,0,0
O001376,2025-09-24,West,P0052,S001,2,57.76,115.52,2025-09-29,2025-09-28,4,On Time,Fulfilled,0,0
O001377,2025-11-19,South,P0010,S007,1,101.15,101.15,2025-11-25,2025-11-25,6,On Time,Fulfilled,0,0
O001378,2025-11-17,North,P0021,S004,4,179.24,716.96,2025-11-22,2025-11-23,6,Late,Fulfilled,0,1
O001379,2025-07-26,Central,P0013,S004,2,290.72,581.44,2025-07-28,2025-07-27,1,On Time,Fulfilled,0,0
O001380,2025-12-25,North,P0013,S004,3,290.72,872.16,2025-12-27,2025-12-27,2,On Time,Fulfilled,0,0
O001381,2025-11-21,East,P0025,S004,6,171.85,1031.1,2025-11-26,2025-11-27,6,Late,Fulfilled,0,1
O001382,2025-10-20,West,P0033,S004,3,183.37,550.11,2025-10-23,2025-10-24,4,Late,Fulfilled,0,1
O001383,2025-03-14,South,P0011,S010,1,132.12,132.12,2025-03-16,2025-03-17,3,Late,Fulfilled,0,1
O001384,2025-10-24,South,P0011,S010,4,132.12,528.48,2025-10-30,2025-10-30,6,On Time,Fulfilled,0,0
O001385,2025-08-23,North,P0036,S001,6,98.04,588.24,2025-08-26,2025-08-25,2,On Time,Fulfilled,0,0
O001386,2025-08-15,South,P0026,S007,8,250.97,2007.76,2025-08-20,2025-08-21,6,Late,Fulfilled,0,1
O001387,2025-03-02,Central,P0017,S004,1,179.09,179.09,2025-03-05,2025-03-05,3,On Time,Fulfilled,0,0
O001388,2025-03-28,West,P0013,S004,7,290.72,2035.04,2025-03-31,2025-04-01,4,Late,Fulfilled,0,1
O001389,2025-01-08,South,P0007,S010,8,85.99,687.92,2025-01-14,2025-01-14,6,On Time,Fulfilled,0,0
O001390,2025-09-17,South,P0034,S007,7,263.25,1842.75,2025-09-22,2025-09-22,5,On Time,Fulfilled,0,0
O001391,2025-04-15,South,P0038,S007,5,97.26,486.3,2025-04-18,2025-04-17,2,On Time,Fulfilled,0,0
O001392,2025-08-24,Central,P0020,S001,4,148.59,594.36,2025-08-27,2025-08-28,4,Late,Fulfilled,0,1
O001393,2025-04-06,South,P0013,S004,4,290.72,1162.88,2025-04-11,2025-04-11,5,On Time,Returned,1,0
O001394,2025-09-20,East,P0026,S007,5,250.97,1254.85,2025-09-23,2025-09-24,4,Late,Fulfilled,0,1
O001395,2025-02-11,West,P0045,S004,5,109.48,547.4,2025-02-16,2025-02-16,5,On Time,Fulfilled,0,0
O001396,2025-07-28,Central,P0015,S010,1,312.58,312.58,2025-08-03,2025-08-03,6,On Time,Fulfilled,0,0
O001397,2025-12-25,West,P0045,S004,8,109.48,875.84,2025-12-28,2025-12-29,4,Late,Fulfilled,0,1
O001398,2025-10-19,North,P0014,S007,4,195.03,780.12,2025-10-24,2025-10-25,6,Late,Fulfilled,0,1
O001399,2025-10-13,East,P0012,S001,3,86.98,260.94,2025-10-17,2025-10-17,4,On Time,Fulfilled,0,0
O001400,2025-06-14,North,P0039,S010,5,71.46,357.3,2025-06-16,2025-06-17,3,Late,Returned,1,1
O001401,2025-06-21,South,P0005,S004,7,247.38,1731.66,2025-06-27,2025-07-01,10,Late,Fulfilled,0,1
O001402,2025-01-16,Central,P0023,S010,5,93.63,468.15,2025-01-19,2025-01-22,6,Late,Fulfilled,0,1
O001403,2025-02-04,South,P0038,S007,2,97.26,194.52,2025-02-10,2025-02-11,7,Late,Fulfilled,0,1
O001404,2025-08-01,South,P0032,S001,5,166.64,833.2,2025-08-07,2025-08-08,7,Late,Fulfilled,0,1
O001405,2025-02-02,Central,P0001,S004,1,289.3,289.3,2025-02-07,2025-02-07,5,On Time,Fulfilled,0,0
O001406,2025-04-04,Central,P0014,S007,7,195.03,1365.21,2025-04-09,2025-04-09,5,On Time,Fulfilled,0,0
O001407,2025-03-07,Central,P0051,S010,1,159.11,159.11,2025-03-11,2025-03-10,3,On Time,Fulfilled,0,0
O001408,2025-06-22,Central,P0043,S010,3,254.39,763.17,2025-06-27,2025-06-26,4,On Time,Fulfilled,0,0
O001409,2025-01-17,Central,P0017,S004,8,179.09,1432.72,2025-01-19,2025-01-18,1,On Time,Fulfilled,0,0
O001410,2025-09-15,West,P0047,S010,7,108.12,756.84,2025-09-21,2025-09-20,5,On Time,Fulfilled,0,0
O001411,2025-09-22,East,P0014,S007,1,195.03,195.03,2025-09-27,2025-09-26,4,On Time,Returned,1,0
O001412,2025-09-01,West,P0024,S001,7,64.9,454.3,2025-09-07,2025-09-06,5,On Time,Returned,1,0
O001413,2025-07-25,Central,P0060,S001,4,118.33,473.32,2025-07-29,2025-07-30,5,Late,Fulfilled,0,1
O001414,2025-12-21,North,P0027,S010,4,275.2,1100.8,2025-12-23,2025-12-23,2,On Time,Fulfilled,0,0
O001415,2025-04-15,West,P0057,S004,1,302.85,302.85,2025-04-17,2025-04-18,3,Late,Fulfilled,0,1
O001416,2025-11-21,West,P0049,S004,2,224.76,449.52,2025-11-25,2025-11-26,5,Late,Fulfilled,0,1
O001417,2025-06-16,North,P0008,S001,1,158.77,158.77,2025-06-22,2025-06-23,7,Late,Returned,1,1
O001418,2025-01-09,Central,P0053,S004,8,133.42,1067.36,2025-01-11,2025-01-11,2,On Time,Fulfilled,0,0
O001419,2025-09-25,South,P0051,S010,8,159.11,1272.88,2025-09-28,2025-09-28,3,On Time,Fulfilled,0,0
O001420,2025-10-27,East,P0013,S004,2,290.72,581.44,2025-11-01,2025-11-02,6,Late,Fulfilled,0,1
O001421,2025-01-24,East,P0057,S004,3,302.85,908.55,2025-01-30,2025-01-30,6,On Time,Returned,1,0
O001422,2025-07-30,North,P0058,S007,6,66.02,396.12,2025-08-01,2025-08-02,3,Late,Fulfilled,0,1
O001423,2025-02-20,North,P0030,S007,1,299.53,299.53,2025-02-22,2025-02-26,6,Late,Fulfilled,0,1
O001424,2025-06-06,East,P0057,S004,5,302.85,1514.25,2025-06-08,2025-06-09,3,Late,Fulfilled,0,1
O001425,2025-10-24,East,P0014,S007,2,195.03,390.06,2025-10-27,2025-10-27,3,On Time,Fulfilled,0,0
O001426,2025-04-06,South,P0020,S001,1,148.59,148.59,2025-04-11,2025-04-11,5,On Time,Fulfilled,0,0
O001427,2025-12-20,East,P0047,S010,1,108.12,108.12,2025-12-24,2025-12-24,4,On Time,Fulfilled,0,0
O001428,2025-10-13,Central,P0044,S001,6,281.48,1688.88,2025-10-19,2025-10-18,5,On Time,Fulfilled,0,0
O001429,2025-12-29,North,P0059,S010,6,209.28,1255.68,2026-01-04,2026-01-06,8,Late,Fulfilled,0,1
O001430,2025-12-31,South,P0010,S007,5,101.15,505.75,2026-01-03,2026-01-09,9,Late,Fulfilled,0,1
O001431,2025-07-08,East,P0023,S010,6,93.63,561.78,2025-07-11,2025-07-12,4,Late,Fulfilled,0,1
O001432,2025-05-01,North,P0034,S007,5,263.25,1316.25,2025-05-03,2025-05-04,3,Late,Fulfilled,0,1
O001433,2025-02-28,South,P0017,S004,5,179.09,895.45,2025-03-05,2025-03-08,8,Late,Fulfilled,0,1
O001434,2025-05-26,South,P0026,S007,6,250.97,1505.82,2025-06-01,2025-06-06,11,Late,Fulfilled,0,1
O001435,2025-07-16,West,P0005,S004,2,247.38,494.76,2025-07-22,2025-07-21,5,On Time,Fulfilled,0,0
O001436,2025-11-17,East,P0002,S007,4,244.65,978.6,2025-11-19,2025-11-20,3,Late,Fulfilled,0,1
O001437,2025-03-14,North,P0026,S007,6,250.97,1505.82,2025-03-19,2025-03-20,6,Late,Fulfilled,0,1
O001438,2025-04-22,Central,P0043,S010,6,254.39,1526.34,2025-04-24,2025-04-25,3,Late,Fulfilled,0,1
O001439,2025-06-04,North,P0051,S010,8,159.11,1272.88,2025-06-08,2025-06-07,3,On Time,Fulfilled,0,0
O001440,2025-04-17,West,P0014,S007,5,195.03,975.15,2025-04-22,2025-04-23,6,Late,Fulfilled,0,1
O001441,2025-06-01,South,P0003,S010,4,294.12,1176.48,2025-06-07,2025-06-06,5,On Time,Returned,1,0
O001442,2025-12-24,East,P0056,S001,8,210.07,1680.56,2025-12-27,2025-12-26,2,On Time,Fulfilled,0,0
O001443,2025-07-27,North,P0038,S007,5,97.26,486.3,2025-07-31,2025-07-31,4,On Time,Fulfilled,0,0
O001444,2025-08-04,East,P0016,S001,1,140.21,140.21,2025-08-06,2025-08-10,6,Late,Fulfilled,0,1
O001445,2025-03-23,Central,P0022,S007,7,174.48,1221.36,2025-03-26,2025-03-27,4,Late,Fulfilled,0,1
O001446,2025-12-07,Central,P0057,S004,7,302.85,2119.95,2025-12-12,2025-12-12,5,On Time,Fulfilled,0,0
O001447,2025-11-05,North,P0044,S001,6,281.48,1688.88,2025-11-10,2025-11-09,4,On Time,Fulfilled,0,0
O001448,2025-04-08,South,P0052,S001,3,57.76,173.28,2025-04-11,2025-04-11,3,On Time,Fulfilled,0,0
O001449,2025-05-06,East,P0018,S007,1,79.76,79.76,2025-05-10,2025-05-10,4,On Time,Fulfilled,0,0
O001450,2025-11-16,East,P0056,S001,5,210.07,1050.35,2025-11-21,2025-11-20,4,On Time,Fulfilled,0,0
O001451,2025-12-20,West,P0028,S001,5,123.49,617.45,2025-12-25,2025-12-26,6,Late,Fulfilled,0,1
O001452,2025-06-15,East,P0037,S004,2,84.71,169.42,2025-06-21,2025-06-21,6,On Time,Fulfilled,0,0
O001453,2025-08-28,North,P0011,S010,1,132.12,132.12,2025-08-31,2025-08-30,2,On Time,Fulfilled,0,0
O001454,2025-06-26,North,P0007,S010,8,85.99,687.92,2025-06-28,2025-06-29,3,Late,Fulfilled,0,1
O001455,2025-04-04,West,P0036,S001,6,98.04,588.24,2025-04-06,2025-04-05,1,On Time,Fulfilled,0,0
O001456,2025-10-18,Central,P0019,S010,1,269.79,269.79,2025-10-21,2025-10-22,4,Late,Fulfilled,0,1
O001457,2025-07-23,West,P0029,S004,5,76.33,381.65,2025-07-28,2025-07-28,5,On Time,Fulfilled,0,0
O001458,2025-10-26,Central,P0024,S001,2,64.9,129.8,2025-11-01,2025-10-31,5,On Time,Fulfilled,0,0
O001459,2025-11-07,East,P0021,S004,7,179.24,1254.68,2025-11-12,2025-11-12,5,On Time,Fulfilled,0,0
O001460,2025-07-18,North,P0024,S001,7,64.9,454.3,2025-07-24,2025-07-24,6,On Time,Fulfilled,0,0
O001461,2025-07-06,South,P0028,S001,4,123.49,493.96,2025-07-10,2025-07-10,4,On Time,Fulfilled,0,0
O001462,2025-11-16,East,P0003,S010,7,294.12,2058.84,2025-11-19,2025-11-19,3,On Time,Fulfilled,0,0
O001463,2025-02-20,South,P0055,S010,4,76.46,305.84,2025-02-25,2025-02-24,4,On Time,Fulfilled,0,0
O001464,2025-02-20,Central,P0013,S004,7,290.72,2035.04,2025-02-25,2025-02-25,5,On Time,Fulfilled,0,0
O001465,2025-06-25,Central,P0054,S007,4,261.11,1044.44,2025-06-30,2025-06-29,4,On Time,Fulfilled,0,0
O001466,2025-02-09,West,P0048,S001,4,141.97,567.88,2025-02-13,2025-02-14,5,Late,Fulfilled,0,1
O001467,2025-06-09,East,P0044,S001,7,281.48,1970.36,2025-06-14,2025-06-14,5,On Time,Fulfilled,0,0
O001468,2025-11-11,South,P0016,S001,5,140.21,701.05,2025-11-15,2025-11-15,4,On Time,Fulfilled,0,0
O001469,2025-01-17,South,P0013,S004,2,290.72,581.44,2025-01-19,2025-01-20,3,Late,Fulfilled,0,1
O001470,2025-10-03,South,P0006,S007,8,73.03,584.24,2025-10-07,2025-10-06,3,On Time,Fulfilled,0,0
O001471,2025-04-09,Central,P0044,S001,6,281.48,1688.88,2025-04-12,2025-04-12,3,On Time,Fulfilled,0,0
O001472,2025-09-04,Central,P0056,S001,8,210.07,1680.56,2025-09-09,2025-09-10,6,Late,Fulfilled,0,1
O001473,2025-11-27,Central,P0004,S001,7,209.94,1469.58,2025-11-29,2025-11-28,1,On Time,Fulfilled,0,0
O001474,2025-06-10,North,P0040,S001,3,216.21,648.63,2025-06-13,2025-06-14,4,Late,Fulfilled,0,1
O001475,2025-10-28,South,P0004,S001,5,209.94,1049.7,2025-10-30,2025-10-30,2,On Time,Fulfilled,0,0
O001476,2025-10-15,Central,P0021,S004,5,179.24,896.2,2025-10-19,2025-10-19,4,On Time,Fulfilled,0,0
O001477,2025-06-27,East,P0046,S007,6,225.07,1350.42,2025-07-02,2025-07-02,5,On Time,Fulfilled,0,0
O001478,2025-02-22,Central,P0018,S007,1,79.76,79.76,2025-02-25,2025-02-25,3,On Time,Fulfilled,0,0
O001479,2025-10-25,North,P0001,S004,3,289.3,867.9,2025-10-28,2025-10-28,3,On Time,Fulfilled,0,0
O001480,2025-11-25,North,P0026,S007,2,250.97,501.94,2025-11-30,2025-12-01,6,Late,Fulfilled,0,1
O001481,2025-09-22,West,P0055,S010,1,76.46,76.46,2025-09-26,2025-09-25,3,On Time,Fulfilled,0,0
O001482,2025-12-14,Central,P0059,S010,4,209.28,837.12,2025-12-16,2025-12-15,1,On Time,Fulfilled,0,0
O001483,2025-07-18,West,P0024,S001,5,64.9,324.5,2025-07-24,2025-07-23,5,On Time,Returned,1,0
O001484,2025-04-25,East,P0009,S004,6,209.42,1256.52,2025-04-30,2025-05-01,6,Late,Fulfilled,0,1
O001485,2025-02-10,South,P0002,S007,2,244.65,489.3,2025-02-12,2025-02-15,5,Late,Fulfilled,0,1
O001486,2025-07-16,Central,P0010,S007,8,101.15,809.2,2025-07-21,2025-07-21,5,On Time,Fulfilled,0,0
O001487,2025-01-02,North,P0026,S007,6,250.97,1505.82,2025-01-05,2025-01-04,2,On Time,Fulfilled,0,0
O001488,2025-04-02,East,P0007,S010,3,85.99,257.97,2025-04-05,2025-04-08,6,Late,Fulfilled,0,1
O001489,2025-07-30,South,P0010,S007,1,101.15,101.15,2025-08-02,2025-08-01,2,On Time,Fulfilled,0,0
O001490,2025-02-06,Central,P0052,S001,6,57.76,346.56,2025-02-08,2025-02-09,3,Late,Fulfilled,0,1
O001491,2025-10-12,South,P0060,S001,7,118.33,828.31,2025-10-15,2025-10-14,2,On Time,Fulfilled,0,0
O001492,2025-10-01,North,P0012,S001,6,86.98,521.88,2025-10-04,2025-10-03,2,On Time,Fulfilled,0,0
O001493,2025-02-08,South,P0047,S010,3,108.12,324.36,2025-02-13,2025-02-17,9,Late,Returned,1,1
O001494,2025-06-21,North,P0018,S007,1,79.76,79.76,2025-06-24,2025-06-25,4,Late,Fulfilled,0,1
O001495,2025-08-04,North,P0005,S004,8,247.38,1979.04,2025-08-07,2025-08-13,9,Late,Fulfilled,0,1
O001496,2025-10-24,South,P0016,S001,2,140.21,280.42,2025-10-27,2025-10-28,4,Late,Fulfilled,0,1
O001497,2025-07-31,North,P0002,S007,7,244.65,1712.55,2025-08-02,2025-08-02,2,On Time,Fulfilled,0,0
O001498,2025-11-21,Central,P0044,S001,8,281.48,2251.84,2025-11-23,2025-11-24,3,Late,Fulfilled,0,1
O001499,2025-02-03,West,P0029,S004,3,76.33,228.99,2025-02-08,2025-02-09,6,Late,Fulfilled,0,1
O001500,2025-12-05,Central,P0022,S007,1,174.48,174.48,2025-12-09,2025-12-11,6,Late,Fulfilled,0,1
O001501,2025-04-18,North,P0019,S010,1,269.79,269.79,2025-04-21,2025-04-21,3,On Time,Fulfilled,0,0
O001502,2025-11-19,Central,P0011,S010,8,132.12,1056.96,2025-11-23,2025-11-23,4,On Time,Fulfilled,0,0
O001503,2025-11-18,Central,P0015,S010,6,312.58,1875.48,2025-11-22,2025-11-25,7,Late,Fulfilled,0,1
O001504,2025-07-23,Central,P0029,S004,6,76.33,457.98,2025-07-27,2025-07-28,5,Late,Fulfilled,0,1
O001505,2025-05-28,North,P0032,S001,3,166.64,499.92,2025-05-31,2025-06-01,4,Late,Fulfilled,0,1
O001506,2025-07-31,West,P0057,S004,2,302.85,605.7,2025-08-04,2025-08-03,3,On Time,Fulfilled,0,0
O001507,2025-01-19,North,P0035,S010,2,211.82,423.64,2025-01-25,2025-01-26,7,Late,Fulfilled,0,1
O001508,2025-03-31,South,P0023,S010,4,93.63,374.52,2025-04-05,2025-04-05,5,On Time,Fulfilled,0,0
O001509,2025-05-28,North,P0006,S007,5,73.03,365.15,2025-06-02,2025-06-01,4,On Time,Fulfilled,0,0
O001510,2025-09-29,West,P0015,S010,5,312.58,1562.9,2025-10-05,2025-10-05,6,On Time,Fulfilled,0,0
O001511,2025-01-06,Central,P0041,S004,1,162.16,162.16,2025-01-08,2025-01-09,3,Late,Fulfilled,0,1
O001512,2025-06-01,South,P0036,S001,1,98.04,98.04,2025-06-05,2025-06-06,5,Late,Fulfilled,0,1
O001513,2025-09-05,North,P0050,S007,2,37.5,75.0,2025-09-11,2025-09-11,6,On Time,Fulfilled,0,0
O001514,2025-01-07,East,P0018,S007,1,79.76,79.76,2025-01-12,2025-01-13,6,Late,Fulfilled,0,1
O001515,2025-10-28,South,P0045,S004,1,109.48,109.48,2025-11-03,2025-11-02,5,On Time,Fulfilled,0,0
O001516,2025-05-13,West,P0049,S004,3,224.76,674.28,2025-05-19,2025-05-24,11,Late,Fulfilled,0,1
O001517,2025-11-13,West,P0038,S007,1,97.26,97.26,2025-11-16,2025-11-15,2,On Time,Fulfilled,0,0
O001518,2025-12-04,West,P0009,S004,7,209.42,1465.94,2025-12-08,2025-12-09,5,Late,Fulfilled,0,1
O001519,2025-11-04,North,P0037,S004,5,84.71,423.55,2025-11-09,2025-11-09,5,On Time,Fulfilled,0,0
O001520,2025-08-01,North,P0010,S007,5,101.15,505.75,2025-08-05,2025-08-05,4,On Time,Fulfilled,0,0
O001521,2025-06-08,South,P0050,S007,6,37.5,225.0,2025-06-14,2025-06-14,6,On Time,Fulfilled,0,0
O001522,2025-05-22,Central,P0054,S007,4,261.11,1044.44,2025-05-28,2025-05-28,6,On Time,Fulfilled,0,0
O001523,2025-02-22,Central,P0010,S007,4,101.15,404.6,2025-02-26,2025-02-25,3,On Time,Fulfilled,0,0
O001524,2025-04-14,South,P0031,S010,4,75.12,300.48,2025-04-18,2025-04-17,3,On Time,Fulfilled,0,0
O001525,2025-01-25,Central,P0059,S010,7,209.28,1464.96,2025-01-30,2025-01-30,5,On Time,Fulfilled,0,0
O001526,2025-01-31,South,P0056,S001,5,210.07,1050.35,2025-02-05,2025-02-04,4,On Time,Fulfilled,0,0
O001527,2025-09-22,Central,P0046,S007,1,225.07,225.07,2025-09-26,2025-09-29,7,Late,Fulfilled,0,1
O001528,2025-08-01,South,P0015,S010,1,312.58,312.58,2025-08-03,2025-08-06,5,Late,Fulfilled,0,1
O001529,2025-09-16,Central,P0019,S010,5,269.79,1348.95,2025-09-19,2025-09-21,5,Late,Fulfilled,0,1
O001530,2025-06-14,West,P0017,S004,5,179.09,895.45,2025-06-20,2025-06-20,6,On Time,Fulfilled,0,0
O001531,2025-08-12,West,P0007,S010,8,85.99,687.92,2025-08-15,2025-08-15,3,On Time,Fulfilled,0,0
O001532,2025-01-09,West,P0030,S007,8,299.53,2396.24,2025-01-11,2025-01-11,2,On Time,Fulfilled,0,0
O001533,2025-02-02,North,P0011,S010,4,132.12,528.48,2025-02-04,2025-02-04,2,On Time,Fulfilled,0,0
O001534,2025-12-08,Central,P0029,S004,6,76.33,457.98,2025-12-12,2025-12-13,5,Late,Fulfilled,0,1
O001535,2025-12-24,South,P0059,S010,6,209.28,1255.68,2025-12-27,2026-01-02,9,Late,Fulfilled,0,1
O001536,2025-07-02,South,P0037,S004,7,84.71,592.97,2025-07-05,2025-07-06,4,Late,Fulfilled,0,1
O001537,2025-04-01,West,P0038,S007,6,97.26,583.56,2025-04-07,2025-04-07,6,On Time,Fulfilled,0,0
O001538,2025-06-22,East,P0059,S010,8,209.28,1674.24,2025-06-28,2025-06-29,7,Late,Fulfilled,0,1
O001539,2025-09-06,East,P0014,S007,4,195.03,780.12,2025-09-10,2025-09-10,4,On Time,Fulfilled,0,0
O001540,2025-04-05,South,P0032,S001,4,166.64,666.56,2025-04-10,2025-04-10,5,On Time,Fulfilled,0,0
O001541,2025-12-30,East,P0019,S010,6,269.79,1618.74,2026-01-03,2026-01-02,3,On Time,Fulfilled,0,0
O001542,2025-04-17,South,P0043,S010,1,254.39,254.39,2025-04-20,2025-04-23,6,Late,Fulfilled,0,1
O001543,2025-08-04,Central,P0044,S001,1,281.48,281.48,2025-08-06,2025-08-06,2,On Time,Fulfilled,0,0
O001544,2025-03-15,North,P0052,S001,5,57.76,288.8,2025-03-20,2025-03-21,6,Late,Fulfilled,0,1
O001545,2025-08-14,West,P0060,S001,2,118.33,236.66,2025-08-17,2025-08-17,3,On Time,Returned,1,0
O001546,2025-10-15,South,P0016,S001,4,140.21,560.84,2025-10-19,2025-10-20,5,Late,Returned,1,1
O001547,2025-12-19,South,P0024,S001,4,64.9,259.6,2025-12-24,2025-12-23,4,On Time,Fulfilled,0,0
O001548,2025-05-30,Central,P0006,S007,7,73.03,511.21,2025-06-05,2025-06-05,6,On Time,Fulfilled,0,0
O001549,2025-10-06,East,P0038,S007,1,97.26,97.26,2025-10-12,2025-10-12,6,On Time,Fulfilled,0,0
O001550,2025-12-18,North,P0005,S004,7,247.38,1731.66,2025-12-20,2025-12-19,1,On Time,Fulfilled,0,0
O001551,2025-01-16,West,P0023,S010,8,93.63,749.04,2025-01-19,2025-01-19,3,On Time,Fulfilled,0,0
O001552,2025-11-13,South,P0053,S004,5,133.42,667.1,2025-11-16,2025-11-15,2,On Time,Fulfilled,0,0
O001553,2025-12-23,East,P0006,S007,1,73.03,73.03,2025-12-25,2025-12-25,2,On Time,Fulfilled,0,0
O001554,2025-07-17,East,P0021,S004,7,179.24,1254.68,2025-07-19,2025-07-20,3,Late,Fulfilled,0,1
O001555,2025-05-09,East,P0059,S010,3,209.28,627.84,2025-05-13,2025-05-13,4,On Time,Fulfilled,0,0
O001556,2025-04-04,Central,P0033,S004,4,183.37,733.48,2025-04-10,2025-04-11,7,Late,Fulfilled,0,1
O001557,2025-06-28,West,P0017,S004,6,179.09,1074.54,2025-06-30,2025-07-01,3,Late,Returned,1,1
O001558,2025-12-13,West,P0059,S010,8,209.28,1674.24,2025-12-18,2025-12-19,6,Late,Fulfilled,0,1
O001559,2025-03-11,East,P0048,S001,8,141.97,1135.76,2025-03-17,2025-03-18,7,Late,Fulfilled,0,1
O001560,2025-04-30,South,P0046,S007,2,225.07,450.14,2025-05-03,2025-05-03,3,On Time,Returned,1,0
O001561,2025-11-29,South,P0018,S007,5,79.76,398.8,2025-12-01,2025-12-01,2,On Time,Fulfilled,0,0
O001562,2025-01-09,Central,P0004,S001,5,209.94,1049.7,2025-01-13,2025-01-13,4,On Time,Fulfilled,0,0
O001563,2025-12-04,East,P0008,S001,5,158.77,793.85,2025-12-08,2025-12-10,6,Late,Fulfilled,0,1
O001564,2025-01-31,South,P0033,S004,2,183.37,366.74,2025-02-05,2025-02-06,6,Late,Fulfilled,0,1
O001565,2025-08-02,East,P0017,S004,6,179.09,1074.54,2025-08-07,2025-08-08,6,Late,Fulfilled,0,1
O001566,2025-02-05,North,P0051,S010,1,159.11,159.11,2025-02-07,2025-02-07,2,On Time,Fulfilled,0,0
O001567,2025-04-25,South,P0033,S004,3,183.37,550.11,2025-05-01,2025-04-30,5,On Time,Fulfilled,0,0
O001568,2025-01-19,West,P0004,S001,1,209.94,209.94,2025-01-25,2025-01-25,6,On Time,Fulfilled,0,0
O001569,2025-12-21,West,P0004,S001,7,209.94,1469.58,2025-12-25,2025-12-25,4,On Time,Fulfilled,0,0
O001570,2025-01-31,North,P0004,S001,7,209.94,1469.58,2025-02-03,2025-02-03,3,On Time,Fulfilled,0,0
O001571,2025-07-08,North,P0002,S007,1,244.65,244.65,2025-07-14,2025-07-15,7,Late,Returned,1,1
O001572,2025-01-27,North,P0051,S010,3,159.11,477.33,2025-01-29,2025-01-29,2,On Time,Fulfilled,0,0
O001573,2025-05-04,West,P0035,S010,5,211.82,1059.1,2025-05-08,2025-05-08,4,On Time,Fulfilled,0,0
O001574,2025-12-02,West,P0044,S001,8,281.48,2251.84,2025-12-07,2025-12-06,4,On Time,Fulfilled,0,0
O001575,2025-12-11,South,P0031,S010,3,75.12,225.36,2025-12-15,2025-12-16,5,Late,Fulfilled,0,1
O001576,2025-11-16,South,P0027,S010,4,275.2,1100.8,2025-11-21,2025-11-20,4,On Time,Fulfilled,0,0
O001577,2025-07-08,South,P0002,S007,7,244.65,1712.55,2025-07-11,2025-07-12,4,Late,Returned,1,1
O001578,2025-06-14,South,P0047,S010,8,108.12,864.96,2025-06-16,2025-06-16,2,On Time,Fulfilled,0,0
O001579,2025-02-05,North,P0048,S001,3,141.97,425.91,2025-02-10,2025-02-10,5,On Time,Fulfilled,0,0
O001580,2025-11-08,North,P0056,S001,5,210.07,1050.35,2025-11-14,2025-11-13,5,On Time,Fulfilled,0,0
O001581,2025-06-27,West,P0006,S007,6,73.03,438.18,2025-06-30,2025-07-01,4,Late,Fulfilled,0,1
O001582,2025-04-27,West,P0037,S004,8,84.71,677.68,2025-05-01,2025-05-01,4,On Time,Fulfilled,0,0
O001583,2025-07-09,East,P0048,S001,2,141.97,283.94,2025-07-11,2025-07-12,3,Late,Fulfilled,0,1
O001584,2025-08-14,South,P0019,S010,5,269.79,1348.95,2025-08-20,2025-08-22,8,Late,Fulfilled,0,1
O001585,2025-06-18,West,P0008,S001,8,158.77,1270.16,2025-06-23,2025-06-22,4,On Time,Fulfilled,0,0
O001586,2025-11-27,West,P0005,S004,7,247.38,1731.66,2025-11-30,2025-11-29,2,On Time,Fulfilled,0,0
O001587,2025-01-08,West,P0035,S010,7,211.82,1482.74,2025-01-12,2025-01-17,9,Late,Fulfilled,0,1
O001588,2025-05-08,West,P0043,S010,4,254.39,1017.56,2025-05-10,2025-05-09,1,On Time,Fulfilled,0,0
O001589,2025-01-20,Central,P0035,S010,1,211.82,211.82,2025-01-25,2025-01-24,4,On Time,Fulfilled,0,0
O001590,2025-09-12,West,P0008,S001,1,158.77,158.77,2025-09-18,2025-09-19,7,Late,Fulfilled,0,1
O001591,2025-10-12,East,P0012,S001,1,86.98,86.98,2025-10-14,2025-10-15,3,Late,Fulfilled,0,1
O001592,2025-09-03,South,P0049,S004,2,224.76,449.52,2025-09-09,2025-09-09,6,On Time,Fulfilled,0,0
O001593,2025-01-22,West,P0028,S001,6,123.49,740.94,2025-01-25,2025-01-25,3,On Time,Fulfilled,0,0
O001594,2025-06-21,South,P0028,S001,8,123.49,987.92,2025-06-23,2025-06-24,3,Late,Fulfilled,0,1
O001595,2025-04-04,Central,P0036,S001,5,98.04,490.2,2025-04-06,2025-04-05,1,On Time,Fulfilled,0,0
O001596,2025-01-28,North,P0009,S004,6,209.42,1256.52,2025-02-03,2025-02-03,6,On Time,Fulfilled,0,0
O001597,2025-09-13,East,P0029,S004,8,76.33,610.64,2025-09-18,2025-09-17,4,On Time,Fulfilled,0,0
O001598,2025-03-19,Central,P0012,S001,1,86.98,86.98,2025-03-23,2025-03-23,4,On Time,Fulfilled,0,0
O001599,2025-10-26,West,P0046,S007,4,225.07,900.28,2025-10-28,2025-10-29,3,Late,Fulfilled,0,1
O001600,2025-08-11,West,P0012,S001,8,86.98,695.84,2025-08-16,2025-08-15,4,On Time,Fulfilled,0,0
O001601,2025-08-26,South,P0045,S004,4,109.48,437.92,2025-08-30,2025-08-30,4,On Time,Fulfilled,0,0
O001602,2025-10-20,West,P0028,S001,1,123.49,123.49,2025-10-24,2025-10-24,4,On Time,Fulfilled,0,0
O001603,2025-07-14,West,P0018,S007,6,79.76,478.56,2025-07-20,2025-07-20,6,On Time,Fulfilled,0,0
O001604,2025-07-09,Central,P0059,S010,1,209.28,209.28,2025-07-12,2025-07-11,2,On Time,Fulfilled,0,0
O001605,2025-02-22,South,P0012,S001,6,86.98,521.88,2025-02-27,2025-02-27,5,On Time,Fulfilled,0,0
O001606,2025-10-19,Central,P0041,S004,8,162.16,1297.28,2025-10-23,2025-10-24,5,Late,Fulfilled,0,1
O001607,2025-07-03,West,P0010,S007,4,101.15,404.6,2025-07-05,2025-07-04,1,On Time,Fulfilled,0,0
O001608,2025-08-26,South,P0029,S004,2,76.33,152.66,2025-09-01,2025-09-01,6,On Time,Returned,1,0
O001609,2025-04-06,Central,P0031,S010,4,75.12,300.48,2025-04-12,2025-04-11,5,On Time,Fulfilled,0,0
O001610,2025-12-22,South,P0003,S010,7,294.12,2058.84,2025-12-24,2025-12-24,2,On Time,Fulfilled,0,0
O001611,2025-09-07,East,P0015,S010,4,312.58,1250.32,2025-09-10,2025-09-10,3,On Time,Fulfilled,0,0
O001612,2025-08-15,East,P0011,S010,5,132.12,660.6,2025-08-19,2025-08-19,4,On Time,Fulfilled,0,0
O001613,2025-01-16,East,P0002,S007,4,244.65,978.6,2025-01-19,2025-01-20,4,Late,Fulfilled,0,1
O001614,2025-12-03,South,P0028,S001,6,123.49,740.94,2025-12-07,2025-12-11,8,Late,Fulfilled,0,1
O001615,2025-11-11,West,P0043,S010,6,254.39,1526.34,2025-11-15,2025-11-15,4,On Time,Fulfilled,0,0
O001616,2025-04-05,Central,P0041,S004,8,162.16,1297.28,2025-04-08,2025-04-09,4,Late,Fulfilled,0,1
O001617,2025-02-05,South,P0032,S001,3,166.64,499.92,2025-02-07,2025-02-08,3,Late,Returned,1,1
O001618,2025-03-19,South,P0013,S004,7,290.72,2035.04,2025-03-25,2025-03-28,9,Late,Fulfilled,0,1
O001619,2025-03-15,East,P0041,S004,5,162.16,810.8,2025-03-19,2025-03-18,3,On Time,Fulfilled,0,0
O001620,2025-01-03,North,P0058,S007,7,66.02,462.14,2025-01-08,2025-01-09,6,Late,Fulfilled,0,1
O001621,2025-10-05,North,P0025,S004,7,171.85,1202.95,2025-10-08,2025-10-08,3,On Time,Fulfilled,0,0
O001622,2025-04-23,South,P0053,S004,1,133.42,133.42,2025-04-26,2025-04-25,2,On Time,Fulfilled,0,0
O001623,2025-05-06,West,P0024,S001,6,64.9,389.4,2025-05-11,2025-05-10,4,On Time,Fulfilled,0,0
O001624,2025-11-01,West,P0021,S004,4,179.24,716.96,2025-11-03,2025-11-03,2,On Time,Fulfilled,0,0
O001625,2025-09-27,West,P0028,S001,4,123.49,493.96,2025-09-30,2025-09-30,3,On Time,Fulfilled,0,0
O001626,2025-01-11,East,P0004,S001,5,209.94,1049.7,2025-01-16,2025-01-15,4,On Time,Fulfilled,0,0
O001627,2025-01-23,East,P0008,S001,6,158.77,952.62,2025-01-27,2025-01-27,4,On Time,Fulfilled,0,0
O001628,2025-11-19,South,P0019,S010,1,269.79,269.79,2025-11-25,2025-11-24,5,On Time,Fulfilled,0,0
O001629,2025-01-23,South,P0006,S007,2,73.03,146.06,2025-01-26,2025-01-26,3,On Time,Fulfilled,0,0
O001630,2025-04-11,North,P0045,S004,4,109.48,437.92,2025-04-14,2025-04-18,7,Late,Fulfilled,0,1
O001631,2025-03-16,West,P0024,S001,6,64.9,389.4,2025-03-18,2025-03-17,1,On Time,Fulfilled,0,0
O001632,2025-05-22,South,P0024,S001,4,64.9,259.6,2025-05-24,2025-05-24,2,On Time,Fulfilled,0,0
O001633,2025-04-21,North,P0052,S001,7,57.76,404.32,2025-04-24,2025-04-25,4,Late,Fulfilled,0,1
O001634,2025-06-15,East,P0045,S004,8,109.48,875.84,2025-06-21,2025-06-22,7,Late,Fulfilled,0,1
O001635,2025-04-14,West,P0024,S001,5,64.9,324.5,2025-04-19,2025-04-20,6,Late,Fulfilled,0,1
O001636,2025-01-22,West,P0023,S010,1,93.63,93.63,2025-01-28,2025-01-29,7,Late,Fulfilled,0,1
O001637,2025-02-16,West,P0051,S010,2,159.11,318.22,2025-02-21,2025-02-21,5,On Time,Fulfilled,0,0
O001638,2025-11-06,South,P0049,S004,6,224.76,1348.56,2025-11-12,2025-11-12,6,On Time,Fulfilled,0,0
O001639,2025-04-13,North,P0021,S004,8,179.24,1433.92,2025-04-15,2025-04-15,2,On Time,Fulfilled,0,0
O001640,2025-03-08,South,P0020,S001,3,148.59,445.77,2025-03-10,2025-03-10,2,On Time,Fulfilled,0,0
O001641,2025-10-23,East,P0052,S001,7,57.76,404.32,2025-10-29,2025-10-30,7,Late,Fulfilled,0,1
O001642,2025-12-05,West,P0031,S010,6,75.12,450.72,2025-12-11,2025-12-10,5,On Time,Fulfilled,0,0
O001643,2025-09-23,East,P0049,S004,6,224.76,1348.56,2025-09-27,2025-09-27,4,On Time,Fulfilled,0,0
O001644,2025-08-07,East,P0054,S007,4,261.11,1044.44,2025-08-09,2025-08-08,1,On Time,Returned,1,0
O001645,2025-04-08,North,P0028,S001,5,123.49,617.45,2025-04-12,2025-04-12,4,On Time,Fulfilled,0,0
O001646,2025-11-01,North,P0034,S007,2,263.25,526.5,2025-11-06,2025-11-07,6,Late,Fulfilled,0,1
O001647,2025-03-12,East,P0059,S010,5,209.28,1046.4,2025-03-17,2025-03-17,5,On Time,Fulfilled,0,0
O001648,2025-07-09,North,P0059,S010,4,209.28,837.12,2025-07-12,2025-07-12,3,On Time,Fulfilled,0,0
O001649,2025-08-01,South,P0007,S010,1,85.99,85.99,2025-08-07,2025-08-08,7,Late,Fulfilled,0,1
O001650,2025-05-07,West,P0055,S010,4,76.46,305.84,2025-05-10,2025-05-10,3,On Time,Fulfilled,0,0
O001651,2025-08-11,West,P0052,S001,8,57.76,462.08,2025-08-15,2025-08-14,3,On Time,Fulfilled,0,0
O001652,2025-02-14,North,P0060,S001,4,118.33,473.32,2025-02-20,2025-02-22,8,Late,Fulfilled,0,1
O001653,2025-06-07,North,P0016,S001,6,140.21,841.26,2025-06-13,2025-06-13,6,On Time,Fulfilled,0,0
O001654,2025-11-04,West,P0032,S001,8,166.64,1333.12,2025-11-07,2025-11-07,3,On Time,Fulfilled,0,0
O001655,2025-02-02,East,P0051,S010,3,159.11,477.33,2025-02-04,2025-02-03,1,On Time,Fulfilled,0,0
O001656,2025-09-26,East,P0026,S007,1,250.97,250.97,2025-09-29,2025-09-29,3,On Time,Returned,1,0
O001657,2025-01-24,North,P0008,S001,8,158.77,1270.16,2025-01-29,2025-01-29,5,On Time,Fulfilled,0,0
O001658,2025-08-22,East,P0036,S001,2,98.04,196.08,2025-08-28,2025-08-28,6,On Time,Fulfilled,0,0
O001659,2025-05-13,North,P0028,S001,8,123.49,987.92,2025-05-15,2025-05-19,6,Late,Fulfilled,0,1
O001660,2025-02-27,West,P0046,S007,1,225.07,225.07,2025-03-03,2025-03-09,10,Late,Fulfilled,0,1
O001661,2025-12-07,East,P0034,S007,3,263.25,789.75,2025-12-11,2025-12-12,5,Late,Fulfilled,0,1
O001662,2025-12-27,Central,P0058,S007,1,66.02,66.02,2026-01-01,2025-12-31,4,On Time,Fulfilled,0,0
O001663,2025-09-27,East,P0001,S004,2,289.3,578.6,2025-09-30,2025-10-01,4,Late,Fulfilled,0,1
O001664,2025-01-07,West,P0042,S007,3,315.31,945.93,2025-01-09,2025-01-10,3,Late,Fulfilled,0,1
O001665,2025-02-28,West,P0036,S001,3,98.04,294.12,2025-03-02,2025-03-01,1,On Time,Fulfilled,0,0
O001666,2025-06-25,Central,P0027,S010,1,275.2,275.2,2025-06-30,2025-06-30,5,On Time,Fulfilled,0,0
O001667,2025-02-01,South,P0058,S007,8,66.02,528.16,2025-02-05,2025-02-11,10,Late,Fulfilled,0,1
O001668,2025-11-21,Central,P0058,S007,5,66.02,330.1,2025-11-23,2025-11-23,2,On Time,Fulfilled,0,0
O001669,2025-06-04,Central,P0015,S010,7,312.58,2188.06,2025-06-08,2025-06-08,4,On Time,Fulfilled,0,0
O001670,2025-11-17,North,P0046,S007,8,225.07,1800.56,2025-11-22,2025-11-21,4,On Time,Fulfilled,0,0
O001671,2025-03-06,South,P0032,S001,8,166.64,1333.12,2025-03-12,2025-03-13,7,Late,Fulfilled,0,1
O001672,2025-09-11,West,P0023,S010,6,93.63,561.78,2025-09-13,2025-09-13,2,On Time,Fulfilled,0,0
O001673,2025-08-24,South,P0045,S004,3,109.48,328.44,2025-08-30,2025-08-29,5,On Time,Fulfilled,0,0
O001674,2025-01-04,Central,P0043,S010,2,254.39,508.78,2025-01-07,2025-01-07,3,On Time,Fulfilled,0,0
O001675,2025-11-27,North,P0048,S001,5,141.97,709.85,2025-12-02,2025-12-02,5,On Time,Fulfilled,0,0
O001676,2025-10-15,West,P0012,S001,2,86.98,173.96,2025-10-21,2025-10-20,5,On Time,Fulfilled,0,0
O001677,2025-06-19,West,P0059,S010,4,209.28,837.12,2025-06-24,2025-06-23,4,On Time,Fulfilled,0,0
O001678,2025-11-24,East,P0043,S010,4,254.39,1017.56,2025-11-30,2025-11-30,6,On Time,Fulfilled,0,0
O001679,2025-01-12,South,P0037,S004,6,84.71,508.26,2025-01-15,2025-01-14,2,On Time,Fulfilled,0,0
O001680,2025-04-05,West,P0048,S001,2,141.97,283.94,2025-04-08,2025-04-09,4,Late,Fulfilled,0,1
O001681,2025-06-07,West,P0009,S004,7,209.42,1465.94,2025-06-10,2025-06-12,5,Late,Fulfilled,0,1
O001682,2025-10-20,Central,P0057,S004,3,302.85,908.55,2025-10-22,2025-10-21,1,On Time,Fulfilled,0,0
O001683,2025-02-25,Central,P0017,S004,7,179.09,1253.63,2025-03-03,2025-03-03,6,On Time,Fulfilled,0,0
O001684,2025-05-28,West,P0051,S010,4,159.11,636.44,2025-06-01,2025-05-31,3,On Time,Fulfilled,0,0
O001685,2025-10-01,East,P0012,S001,4,86.98,347.92,2025-10-04,2025-10-03,2,On Time,Fulfilled,0,0
O001686,2025-05-18,Central,P0029,S004,2,76.33,152.66,2025-05-23,2025-05-24,6,Late,Fulfilled,0,1
O001687,2025-05-14,South,P0016,S001,8,140.21,1121.68,2025-05-19,2025-05-18,4,On Time,Fulfilled,0,0
O001688,2025-01-16,East,P0009,S004,5,209.42,1047.1,2025-01-21,2025-01-20,4,On Time,Fulfilled,0,0
O001689,2025-03-30,Central,P0037,S004,6,84.71,508.26,2025-04-05,2025-04-04,5,On Time,Fulfilled,0,0
O001690,2025-12-04,East,P0017,S004,2,179.09,358.18,2025-12-07,2025-12-08,4,Late,Fulfilled,0,1
O001691,2025-09-22,East,P0042,S007,1,315.31,315.31,2025-09-24,2025-09-23,1,On Time,Fulfilled,0,0
O001692,2025-09-20,West,P0052,S001,4,57.76,231.04,2025-09-26,2025-09-27,7,Late,Fulfilled,0,1
O001693,2025-12-04,East,P0008,S001,3,158.77,476.31,2025-12-06,2025-12-06,2,On Time,Fulfilled,0,0
O001694,2025-05-26,West,P0031,S010,7,75.12,525.84,2025-05-28,2025-05-29,3,Late,Fulfilled,0,1
O001695,2025-03-18,North,P0024,S001,7,64.9,454.3,2025-03-22,2025-03-22,4,On Time,Fulfilled,0,0
O001696,2025-06-28,West,P0028,S001,7,123.49,864.43,2025-07-03,2025-07-02,4,On Time,Fulfilled,0,0
O001697,2025-11-02,West,P0041,S004,6,162.16,972.96,2025-11-07,2025-11-06,4,On Time,Returned,1,0
O001698,2025-01-11,East,P0031,S010,3,75.12,225.36,2025-01-13,2025-01-14,3,Late,Fulfilled,0,1
O001699,2025-06-28,Central,P0048,S001,5,141.97,709.85,2025-07-02,2025-07-01,3,On Time,Fulfilled,0,0
O001700,2025-04-24,Central,P0027,S010,6,275.2,1651.2,2025-04-30,2025-04-29,5,On Time,Returned,1,0
O001701,2025-03-11,East,P0012,S001,4,86.98,347.92,2025-03-13,2025-03-13,2,On Time,Fulfilled,0,0
O001702,2025-09-19,Central,P0013,S004,4,290.72,1162.88,2025-09-22,2025-09-23,4,Late,Fulfilled,0,1
O001703,2025-01-08,East,P0046,S007,1,225.07,225.07,2025-01-11,2025-01-10,2,On Time,Fulfilled,0,0
O001704,2025-03-06,West,P0040,S001,6,216.21,1297.26,2025-03-10,2025-03-09,3,On Time,Fulfilled,0,0
O001705,2025-08-08,East,P0011,S010,1,132.12,132.12,2025-08-12,2025-08-11,3,On Time,Fulfilled,0,0
O001706,2025-03-19,South,P0039,S010,5,71.46,357.3,2025-03-25,2025-03-24,5,On Time,Fulfilled,0,0
O001707,2025-01-19,East,P0059,S010,7,209.28,1464.96,2025-01-24,2025-01-25,6,Late,Fulfilled,0,1
O001708,2025-02-21,East,P0050,S007,7,37.5,262.5,2025-02-27,2025-02-28,7,Late,Fulfilled,0,1
O001709,2025-04-06,East,P0001,S004,6,289.3,1735.8,2025-04-08,2025-04-09,3,Late,Fulfilled,0,1
O001710,2025-10-10,South,P0048,S001,3,141.97,425.91,2025-10-14,2025-10-14,4,On Time,Fulfilled,0,0
O001711,2025-07-13,West,P0034,S007,6,263.25,1579.5,2025-07-17,2025-07-17,4,On Time,Fulfilled,0,0
O001712,2025-04-11,South,P0003,S010,1,294.12,294.12,2025-04-14,2025-04-15,4,Late,Fulfilled,0,1
O001713,2025-02-24,West,P0021,S004,6,179.24,1075.44,2025-02-27,2025-02-27,3,On Time,Returned,1,0
O001714,2025-03-31,North,P0019,S010,3,269.79,809.37,2025-04-03,2025-04-04,4,Late,Fulfilled,0,1
O001715,2025-11-22,Central,P0038,S007,7,97.26,680.82,2025-11-28,2025-11-27,5,On Time,Fulfilled,0,0
O001716,2025-01-16,South,P0045,S004,2,109.48,218.96,2025-01-22,2025-01-22,6,On Time,Fulfilled,0,0
O001717,2025-02-09,West,P0050,S007,4,37.5,150.0,2025-02-12,2025-02-12,3,On Time,Fulfilled,0,0
O001718,2025-01-21,West,P0050,S007,1,37.5,37.5,2025-01-23,2025-01-24,3,Late,Returned,1,1
O001719,2025-10-16,North,P0034,S007,6,263.25,1579.5,2025-10-19,2025-10-20,4,Late,Fulfilled,0,1
O001720,2025-05-31,East,P0012,S001,7,86.98,608.86,2025-06-02,2025-06-02,2,On Time,Fulfilled,0,0
O001721,2025-03-22,West,P0045,S004,8,109.48,875.84,2025-03-28,2025-03-28,6,On Time,Fulfilled,0,0
O001722,2025-06-11,Central,P0055,S010,7,76.46,535.22,2025-06-13,2025-06-14,3,Late,Fulfilled,0,1
O001723,2025-11-17,Central,P0055,S010,5,76.46,382.3,2025-11-21,2025-11-20,3,On Time,Fulfilled,0,0
O001724,2025-01-22,Central,P0029,S004,5,76.33,381.65,2025-01-27,2025-01-27,5,On Time,Fulfilled,0,0
O001725,2025-07-18,North,P0027,S010,8,275.2,2201.6,2025-07-21,2025-07-22,4,Late,Fulfilled,0,1
O001726,2025-02-09,North,P0053,S004,2,133.42,266.84,2025-02-13,2025-02-13,4,On Time,Fulfilled,0,0
O001727,2025-05-19,East,P0048,S001,6,141.97,851.82,2025-05-25,2025-05-26,7,Late,Fulfilled,0,1
O001728,2025-05-10,East,P0016,S001,5,140.21,701.05,2025-05-13,2025-05-14,4,Late,Fulfilled,0,1
O001729,2025-08-06,West,P0042,S007,3,315.31,945.93,2025-08-09,2025-08-09,3,On Time,Fulfilled,0,0
O001730,2025-06-28,West,P0044,S001,1,281.48,281.48,2025-07-04,2025-07-05,7,Late,Fulfilled,0,1
O001731,2025-07-15,North,P0043,S010,4,254.39,1017.56,2025-07-17,2025-07-18,3,Late,Fulfilled,0,1
O001732,2025-06-30,South,P0004,S001,2,209.94,419.88,2025-07-02,2025-07-01,1,On Time,Fulfilled,0,0
O001733,2025-02-13,East,P0044,S001,4,281.48,1125.92,2025-02-19,2025-02-19,6,On Time,Fulfilled,0,0
O001734,2025-07-28,West,P0004,S001,8,209.94,1679.52,2025-08-03,2025-08-02,5,On Time,Returned,1,0
O001735,2025-09-15,South,P0040,S001,4,216.21,864.84,2025-09-20,2025-09-19,4,On Time,Fulfilled,0,0
O001736,2025-01-10,Central,P0026,S007,5,250.97,1254.85,2025-01-12,2025-01-12,2,On Time,Fulfilled,0,0
O001737,2025-02-22,North,P0040,S001,4,216.21,864.84,2025-02-25,2025-02-25,3,On Time,Fulfilled,0,0
O001738,2025-03-01,South,P0035,S010,2,211.82,423.64,2025-03-03,2025-03-02,1,On Time,Fulfilled,0,0
O001739,2025-11-21,South,P0003,S010,4,294.12,1176.48,2025-11-26,2025-12-02,11,Late,Fulfilled,0,1
O001740,2025-10-14,West,P0055,S010,7,76.46,535.22,2025-10-20,2025-10-19,5,On Time,Fulfilled,0,0
O001741,2025-07-26,Central,P0054,S007,7,261.11,1827.77,2025-07-28,2025-07-29,3,Late,Fulfilled,0,1
O001742,2025-05-16,North,P0001,S004,6,289.3,1735.8,2025-05-21,2025-05-22,6,Late,Fulfilled,0,1
O001743,2025-11-02,Central,P0014,S007,3,195.03,585.09,2025-11-08,2025-11-09,7,Late,Fulfilled,0,1
O001744,2025-12-23,East,P0039,S010,8,71.46,571.68,2025-12-26,2025-12-25,2,On Time,Fulfilled,0,0
O001745,2025-03-27,West,P0004,S001,3,209.94,629.82,2025-04-01,2025-04-02,6,Late,Fulfilled,0,1
O001746,2025-01-30,Central,P0008,S001,6,158.77,952.62,2025-02-01,2025-02-06,7,Late,Fulfilled,0,1
O001747,2025-08-21,North,P0024,S001,6,64.9,389.4,2025-08-26,2025-08-29,8,Late,Fulfilled,0,1
O001748,2025-12-06,Central,P0057,S004,2,302.85,605.7,2025-12-11,2025-12-13,7,Late,Fulfilled,0,1
O001749,2025-01-29,Central,P0008,S001,2,158.77,317.54,2025-02-01,2025-02-06,8,Late,Fulfilled,0,1
O001750,2025-05-21,West,P0017,S004,7,179.09,1253.63,2025-05-25,2025-05-24,3,On Time,Fulfilled,0,0
O001751,2025-04-10,Central,P0001,S004,8,289.3,2314.4,2025-04-15,2025-04-14,4,On Time,Fulfilled,0,0
O001752,2025-09-28,Central,P0017,S004,1,179.09,179.09,2025-10-03,2025-10-03,5,On Time,Fulfilled,0,0
O001753,2025-03-02,West,P0046,S007,5,225.07,1125.35,2025-03-04,2025-03-04,2,On Time,Fulfilled,0,0
O001754,2025-10-02,Central,P0044,S001,4,281.48,1125.92,2025-10-06,2025-10-06,4,On Time,Fulfilled,0,0
O001755,2025-01-20,East,P0012,S001,1,86.98,86.98,2025-01-25,2025-01-24,4,On Time,Fulfilled,0,0
O001756,2025-01-13,East,P0059,S010,8,209.28,1674.24,2025-01-18,2025-01-17,4,On Time,Fulfilled,0,0
O001757,2025-09-17,West,P0048,S001,6,141.97,851.82,2025-09-20,2025-09-20,3,On Time,Fulfilled,0,0
O001758,2025-04-13,East,P0016,S001,2,140.21,280.42,2025-04-16,2025-04-15,2,On Time,Fulfilled,0,0
O001759,2025-04-19,Central,P0007,S010,1,85.99,85.99,2025-04-24,2025-04-26,7,Late,Fulfilled,0,1
O001760,2025-02-24,West,P0047,S010,5,108.12,540.6,2025-02-27,2025-02-28,4,Late,Fulfilled,0,1
O001761,2025-02-13,Central,P0031,S010,2,75.12,150.24,2025-02-16,2025-02-16,3,On Time,Returned,1,0
O001762,2025-11-22,Central,P0016,S001,8,140.21,1121.68,2025-11-25,2025-11-24,2,On Time,Fulfilled,0,0
O001763,2025-04-25,East,P0009,S004,2,209.42,418.84,2025-05-01,2025-05-04,9,Late,Fulfilled,0,1
O001764,2025-09-02,West,P0038,S007,5,97.26,486.3,2025-09-07,2025-09-08,6,Late,Fulfilled,0,1
O001765,2025-09-09,Central,P0047,S010,5,108.12,540.6,2025-09-13,2025-09-14,5,Late,Fulfilled,0,1
O001766,2025-05-16,East,P0054,S007,1,261.11,261.11,2025-05-20,2025-05-21,5,Late,Fulfilled,0,1
O001767,2025-06-19,South,P0015,S010,6,312.58,1875.48,2025-06-25,2025-06-25,6,On Time,Returned,1,0
O001768,2025-12-16,East,P0028,S001,3,123.49,370.47,2025-12-22,2025-12-21,5,On Time,Fulfilled,0,0
O001769,2025-04-15,East,P0054,S007,3,261.11,783.33,2025-04-18,2025-04-17,2,On Time,Fulfilled,0,0
O001770,2025-03-24,South,P0052,S001,8,57.76,462.08,2025-03-29,2025-03-30,6,Late,Fulfilled,0,1
O001771,2025-04-22,West,P0051,S010,8,159.11,1272.88,2025-04-28,2025-04-29,7,Late,Fulfilled,0,1
O001772,2025-05-19,North,P0009,S004,5,209.42,1047.1,2025-05-22,2025-05-22,3,On Time,Fulfilled,0,0
O001773,2025-12-23,East,P0042,S007,5,315.31,1576.55,2025-12-25,2025-12-24,1,On Time,Fulfilled,0,0
O001774,2025-11-30,Central,P0030,S007,7,299.53,2096.71,2025-12-02,2025-12-03,3,Late,Fulfilled,0,1
O001775,2025-12-01,South,P0028,S001,5,123.49,617.45,2025-12-03,2025-12-09,8,Late,Fulfilled,0,1
O001776,2025-11-10,West,P0016,S001,2,140.21,280.42,2025-11-16,2025-11-15,5,On Time,Fulfilled,0,0
O001777,2025-07-16,West,P0039,S010,8,71.46,571.68,2025-07-21,2025-07-20,4,On Time,Fulfilled,0,0
O001778,2025-01-16,North,P0041,S004,7,162.16,1135.12,2025-01-21,2025-01-20,4,On Time,Returned,1,0
O001779,2025-11-11,West,P0018,S007,4,79.76,319.04,2025-11-15,2025-11-14,3,On Time,Fulfilled,0,0
O001780,2025-08-17,North,P0048,S001,8,141.97,1135.76,2025-08-23,2025-08-24,7,Late,Fulfilled,0,1
O001781,2025-10-23,North,P0008,S001,7,158.77,1111.39,2025-10-28,2025-10-29,6,Late,Fulfilled,0,1
O001782,2025-11-20,North,P0002,S007,4,244.65,978.6,2025-11-24,2025-11-25,5,Late,Fulfilled,0,1
O001783,2025-03-24,North,P0037,S004,7,84.71,592.97,2025-03-28,2025-03-29,5,Late,Fulfilled,0,1
O001784,2025-12-08,North,P0024,S001,6,64.9,389.4,2025-12-11,2025-12-12,4,Late,Fulfilled,0,1
O001785,2025-05-12,East,P0052,S001,2,57.76,115.52,2025-05-16,2025-05-17,5,Late,Fulfilled,0,1
O001786,2025-09-04,North,P0059,S010,2,209.28,418.56,2025-09-08,2025-09-09,5,Late,Fulfilled,0,1
O001787,2025-02-08,South,P0056,S001,2,210.07,420.14,2025-02-12,2025-02-12,4,On Time,Fulfilled,0,0
O001788,2025-03-24,South,P0050,S007,6,37.5,225.0,2025-03-28,2025-03-27,3,On Time,Fulfilled,0,0
O001789,2025-08-09,North,P0007,S010,3,85.99,257.97,2025-08-11,2025-08-11,2,On Time,Fulfilled,0,0
O001790,2025-11-20,North,P0048,S001,5,141.97,709.85,2025-11-24,2025-11-29,9,Late,Fulfilled,0,1
O001791,2025-09-26,North,P0050,S007,6,37.5,225.0,2025-09-28,2025-09-29,3,Late,Fulfilled,0,1
O001792,2025-06-21,East,P0058,S007,6,66.02,396.12,2025-06-25,2025-06-26,5,Late,Fulfilled,0,1
O001793,2025-02-02,West,P0017,S004,3,179.09,537.27,2025-02-05,2025-02-05,3,On Time,Fulfilled,0,0
O001794,2025-06-08,West,P0011,S010,8,132.12,1056.96,2025-06-11,2025-06-11,3,On Time,Fulfilled,0,0
O001795,2025-08-07,West,P0047,S010,8,108.12,864.96,2025-08-13,2025-08-13,6,On Time,Fulfilled,0,0
O001796,2025-10-22,East,P0053,S004,2,133.42,266.84,2025-10-27,2025-10-26,4,On Time,Fulfilled,0,0
O001797,2025-08-28,South,P0011,S010,4,132.12,528.48,2025-08-30,2025-08-30,2,On Time,Fulfilled,0,0
O001798,2025-03-21,South,P0004,S001,5,209.94,1049.7,2025-03-27,2025-03-27,6,On Time,Fulfilled,0,0
O001799,2025-07-14,South,P0017,S004,7,179.09,1253.63,2025-07-16,2025-07-16,2,On Time,Returned,1,0
O001800,2025-05-27,North,P0002,S007,2,244.65,489.3,2025-05-30,2025-05-29,2,On Time,Fulfilled,0,0
O001801,2025-08-22,South,P0039,S010,7,71.46,500.22,2025-08-25,2025-08-26,4,Late,Fulfilled,0,1
O001802,2025-05-17,West,P0018,S007,3,79.76,239.28,2025-05-23,2025-05-24,7,Late,Fulfilled,0,1
O001803,2025-10-22,Central,P0050,S007,5,37.5,187.5,2025-10-25,2025-10-29,7,Late,Fulfilled,0,1
O001804,2025-09-08,South,P0020,S001,2,148.59,297.18,2025-09-12,2025-09-12,4,On Time,Fulfilled,0,0
O001805,2025-03-26,Central,P0013,S004,3,290.72,872.16,2025-03-30,2025-03-29,3,On Time,Fulfilled,0,0
O001806,2025-06-02,West,P0048,S001,6,141.97,851.82,2025-06-05,2025-06-07,5,Late,Fulfilled,0,1
O001807,2025-08-19,West,P0053,S004,8,133.42,1067.36,2025-08-22,2025-08-21,2,On Time,Fulfilled,0,0
O001808,2025-11-21,East,P0042,S007,6,315.31,1891.86,2025-11-24,2025-11-25,4,Late,Returned,1,1
O001809,2025-02-09,West,P0054,S007,2,261.11,522.22,2025-02-11,2025-02-11,2,On Time,Fulfilled,0,0
O001810,2025-02-24,East,P0046,S007,2,225.07,450.14,2025-02-28,2025-03-01,5,Late,Fulfilled,0,1
O001811,2025-11-05,East,P0033,S004,5,183.37,916.85,2025-11-10,2025-11-12,7,Late,Fulfilled,0,1
O001812,2025-07-22,North,P0037,S004,3,84.71,254.13,2025-07-28,2025-07-27,5,On Time,Fulfilled,0,0
O001813,2025-10-03,East,P0021,S004,7,179.24,1254.68,2025-10-08,2025-10-07,4,On Time,Fulfilled,0,0
O001814,2025-12-07,West,P0044,S001,5,281.48,1407.4,2025-12-12,2025-12-12,5,On Time,Fulfilled,0,0
O001815,2025-10-04,Central,P0013,S004,5,290.72,1453.6,2025-10-08,2025-10-11,7,Late,Fulfilled,0,1
O001816,2025-04-30,South,P0046,S007,1,225.07,225.07,2025-05-04,2025-05-03,3,On Time,Fulfilled,0,0
O001817,2025-09-16,North,P0041,S004,1,162.16,162.16,2025-09-19,2025-09-18,2,On Time,Returned,1,0
O001818,2025-03-27,Central,P0037,S004,6,84.71,508.26,2025-03-30,2025-03-31,4,Late,Fulfilled,0,1
O001819,2025-07-06,West,P0033,S004,6,183.37,1100.22,2025-07-11,2025-07-12,6,Late,Returned,1,1
O001820,2025-05-25,West,P0006,S007,6,73.03,438.18,2025-05-29,2025-06-03,9,Late,Fulfilled,0,1
O001821,2025-06-18,East,P0016,S001,2,140.21,280.42,2025-06-23,2025-06-23,5,On Time,Fulfilled,0,0
O001822,2025-05-04,Central,P0016,S001,7,140.21,981.47,2025-05-10,2025-05-14,10,Late,Fulfilled,0,1
O001823,2025-08-10,Central,P0027,S010,4,275.2,1100.8,2025-08-12,2025-08-13,3,Late,Fulfilled,0,1
O001824,2025-03-11,North,P0007,S010,2,85.99,171.98,2025-03-17,2025-03-16,5,On Time,Fulfilled,0,0
O001825,2025-06-26,East,P0049,S004,2,224.76,449.52,2025-07-02,2025-07-02,6,On Time,Fulfilled,0,0
O001826,2025-03-04,West,P0040,S001,7,216.21,1513.47,2025-03-06,2025-03-05,1,On Time,Fulfilled,0,0
O001827,2025-11-29,East,P0020,S001,6,148.59,891.54,2025-12-01,2025-12-02,3,Late,Fulfilled,0,1
O001828,2025-05-01,Central,P0015,S010,4,312.58,1250.32,2025-05-07,2025-05-08,7,Late,Fulfilled,0,1
O001829,2025-05-26,South,P0043,S010,8,254.39,2035.12,2025-05-28,2025-05-28,2,On Time,Fulfilled,0,0
O001830,2025-11-15,West,P0011,S010,7,132.12,924.84,2025-11-20,2025-11-20,5,On Time,Fulfilled,0,0
O001831,2025-12-02,North,P0034,S007,3,263.25,789.75,2025-12-07,2025-12-07,5,On Time,Fulfilled,0,0
O001832,2025-06-22,North,P0046,S007,5,225.07,1125.35,2025-06-26,2025-06-27,5,Late,Fulfilled,0,1
O001833,2025-08-27,East,P0032,S001,8,166.64,1333.12,2025-08-29,2025-08-30,3,Late,Fulfilled,0,1
O001834,2025-04-21,East,P0014,S007,8,195.03,1560.24,2025-04-24,2025-04-23,2,On Time,Returned,1,0
O001835,2025-04-02,North,P0001,S004,7,289.3,2025.1,2025-04-06,2025-04-05,3,On Time,Fulfilled,0,0
O001836,2025-11-13,Central,P0031,S010,3,75.12,225.36,2025-11-17,2025-11-18,5,Late,Fulfilled,0,1
O001837,2025-09-08,Central,P0036,S001,6,98.04,588.24,2025-09-14,2025-09-15,7,Late,Fulfilled,0,1
O001838,2025-05-14,Central,P0004,S001,5,209.94,1049.7,2025-05-19,2025-05-18,4,On Time,Fulfilled,0,0
O001839,2025-12-18,North,P0023,S010,6,93.63,561.78,2025-12-22,2025-12-24,6,Late,Fulfilled,0,1
O001840,2025-06-18,East,P0020,S001,2,148.59,297.18,2025-06-21,2025-06-22,4,Late,Fulfilled,0,1
O001841,2025-08-16,West,P0052,S001,6,57.76,346.56,2025-08-20,2025-08-21,5,Late,Fulfilled,0,1
O001842,2025-12-05,West,P0043,S010,7,254.39,1780.73,2025-12-10,2025-12-10,5,On Time,Fulfilled,0,0
O001843,2025-03-17,West,P0032,S001,3,166.64,499.92,2025-03-23,2025-03-23,6,On Time,Fulfilled,0,0
O001844,2025-10-01,South,P0038,S007,6,97.26,583.56,2025-10-04,2025-10-04,3,On Time,Fulfilled,0,0
O001845,2025-03-31,South,P0008,S001,2,158.77,317.54,2025-04-04,2025-04-04,4,On Time,Fulfilled,0,0
O001846,2025-08-12,East,P0010,S007,7,101.15,708.05,2025-08-17,2025-08-16,4,On Time,Fulfilled,0,0
O001847,2025-02-18,South,P0029,S004,5,76.33,381.65,2025-02-23,2025-02-23,5,On Time,Fulfilled,0,0
O001848,2025-09-27,West,P0025,S004,5,171.85,859.25,2025-10-01,2025-10-01,4,On Time,Fulfilled,0,0
O001849,2025-08-19,West,P0004,S001,1,209.94,209.94,2025-08-25,2025-08-24,5,On Time,Fulfilled,0,0
O001850,2025-04-24,North,P0059,S010,4,209.28,837.12,2025-04-26,2025-04-27,3,Late,Fulfilled,0,1
O001851,2025-08-13,Central,P0009,S004,2,209.42,418.84,2025-08-17,2025-08-19,6,Late,Fulfilled,0,1
O001852,2025-01-17,South,P0042,S007,7,315.31,2207.17,2025-01-22,2025-01-23,6,Late,Fulfilled,0,1
O001853,2025-01-23,East,P0024,S001,8,64.9,519.2,2025-01-25,2025-01-28,5,Late,Fulfilled,0,1
O001854,2025-12-05,East,P0051,S010,6,159.11,954.66,2025-12-07,2025-12-07,2,On Time,Fulfilled,0,0
O001855,2025-08-11,West,P0044,S001,4,281.48,1125.92,2025-08-17,2025-08-17,6,On Time,Fulfilled,0,0
O001856,2025-01-20,South,P0047,S010,2,108.12,216.24,2025-01-25,2025-01-24,4,On Time,Fulfilled,0,0
O001857,2025-11-22,South,P0035,S010,3,211.82,635.46,2025-11-24,2025-11-24,2,On Time,Fulfilled,0,0
O001858,2025-11-07,Central,P0059,S010,5,209.28,1046.4,2025-11-10,2025-11-09,2,On Time,Fulfilled,0,0
O001859,2025-04-26,Central,P0020,S001,6,148.59,891.54,2025-04-29,2025-04-29,3,On Time,Fulfilled,0,0
O001860,2025-06-07,Central,P0033,S004,1,183.37,183.37,2025-06-10,2025-06-16,9,Late,Fulfilled,0,1
O001861,2025-02-05,East,P0004,S001,6,209.94,1259.64,2025-02-08,2025-02-08,3,On Time,Fulfilled,0,0
O001862,2025-04-11,West,P0039,S010,7,71.46,500.22,2025-04-13,2025-04-14,3,Late,Fulfilled,0,1
O001863,2025-11-02,East,P0052,S001,5,57.76,288.8,2025-11-05,2025-11-05,3,On Time,Fulfilled,0,0
O001864,2025-12-10,North,P0006,S007,7,73.03,511.21,2025-12-14,2025-12-13,3,On Time,Fulfilled,0,0
O001865,2025-05-21,West,P0044,S001,7,281.48,1970.36,2025-05-23,2025-05-24,3,Late,Fulfilled,0,1
O001866,2025-10-29,Central,P0014,S007,5,195.03,975.15,2025-11-01,2025-11-01,3,On Time,Fulfilled,0,0
O001867,2025-09-10,West,P0021,S004,4,179.24,716.96,2025-09-12,2025-09-17,7,Late,Fulfilled,0,1
O001868,2025-05-15,North,P0042,S007,5,315.31,1576.55,2025-05-21,2025-05-20,5,On Time,Fulfilled,0,0
O001869,2025-04-26,West,P0002,S007,1,244.65,244.65,2025-05-01,2025-05-01,5,On Time,Returned,1,0
O001870,2025-07-09,Central,P0017,S004,3,179.09,537.27,2025-07-11,2025-07-10,1,On Time,Fulfilled,0,0
O001871,2025-01-10,West,P0022,S007,1,174.48,174.48,2025-01-14,2025-01-15,5,Late,Fulfilled,0,1
O001872,2025-04-11,East,P0057,S004,5,302.85,1514.25,2025-04-16,2025-04-17,6,Late,Fulfilled,0,1
O001873,2025-05-08,East,P0041,S004,3,162.16,486.48,2025-05-13,2025-05-13,5,On Time,Fulfilled,0,0
O001874,2025-01-15,Central,P0022,S007,1,174.48,174.48,2025-01-20,2025-01-21,6,Late,Fulfilled,0,1
O001875,2025-03-29,Central,P0008,S001,1,158.77,158.77,2025-04-03,2025-04-03,5,On Time,Fulfilled,0,0
O001876,2025-09-06,West,P0028,S001,6,123.49,740.94,2025-09-10,2025-09-13,7,Late,Fulfilled,0,1
O001877,2025-03-30,South,P0035,S010,2,211.82,423.64,2025-04-01,2025-04-06,7,Late,Fulfilled,0,1
O001878,2025-03-02,Central,P0025,S004,3,171.85,515.55,2025-03-08,2025-03-07,5,On Time,Fulfilled,0,0
O001879,2025-08-21,East,P0037,S004,8,84.71,677.68,2025-08-25,2025-08-25,4,On Time,Fulfilled,0,0
O001880,2025-05-09,East,P0032,S001,7,166.64,1166.48,2025-05-11,2025-05-11,2,On Time,Fulfilled,0,0
O001881,2025-05-30,South,P0013,S004,6,290.72,1744.32,2025-06-05,2025-06-04,5,On Time,Fulfilled,0,0
O001882,2025-05-08,East,P0017,S004,6,179.09,1074.54,2025-05-13,2025-05-12,4,On Time,Fulfilled,0,0
O001883,2025-05-07,North,P0051,S010,7,159.11,1113.77,2025-05-09,2025-05-09,2,On Time,Fulfilled,0,0
O001884,2025-07-10,West,P0032,S001,3,166.64,499.92,2025-07-12,2025-07-12,2,On Time,Fulfilled,0,0
O001885,2025-06-04,East,P0049,S004,7,224.76,1573.32,2025-06-09,2025-06-10,6,Late,Fulfilled,0,1
O001886,2025-05-21,West,P0053,S004,1,133.42,133.42,2025-05-27,2025-05-29,8,Late,Fulfilled,0,1
O001887,2025-11-27,South,P0040,S001,1,216.21,216.21,2025-11-30,2025-12-02,5,Late,Fulfilled,0,1
O001888,2025-10-30,West,P0030,S007,1,299.53,299.53,2025-11-05,2025-11-05,6,On Time,Fulfilled,0,0
O001889,2025-10-16,West,P0020,S001,7,148.59,1040.13,2025-10-19,2025-10-18,2,On Time,Fulfilled,0,0
O001890,2025-06-21,North,P0051,S010,8,159.11,1272.88,2025-06-27,2025-06-28,7,Late,Fulfilled,0,1
O001891,2025-01-25,Central,P0060,S001,7,118.33,828.31,2025-01-31,2025-01-30,5,On Time,Fulfilled,0,0
O001892,2025-01-16,West,P0019,S010,1,269.79,269.79,2025-01-19,2025-01-18,2,On Time,Fulfilled,0,0
O001893,2025-09-07,West,P0044,S001,4,281.48,1125.92,2025-09-09,2025-09-14,7,Late,Fulfilled,0,1
O001894,2025-08-20,East,P0005,S004,5,247.38,1236.9,2025-08-25,2025-08-26,6,Late,Fulfilled,0,1
O001895,2025-01-22,West,P0005,S004,2,247.38,494.76,2025-01-28,2025-01-31,9,Late,Fulfilled,0,1
O001896,2025-10-06,West,P0024,S001,4,64.9,259.6,2025-10-11,2025-10-12,6,Late,Fulfilled,0,1
O001897,2025-11-12,Central,P0022,S007,1,174.48,174.48,2025-11-18,2025-11-21,9,Late,Fulfilled,0,1
O001898,2025-08-21,West,P0008,S001,2,158.77,317.54,2025-08-24,2025-08-25,4,Late,Fulfilled,0,1
O001899,2025-03-20,East,P0035,S010,5,211.82,1059.1,2025-03-24,2025-03-23,3,On Time,Fulfilled,0,0
O001900,2025-06-27,South,P0015,S010,7,312.58,2188.06,2025-06-29,2025-06-29,2,On Time,Fulfilled,0,0
O001901,2025-09-22,East,P0015,S010,8,312.58,2500.64,2025-09-28,2025-09-27,5,On Time,Fulfilled,0,0
O001902,2025-08-04,South,P0053,S004,1,133.42,133.42,2025-08-06,2025-08-05,1,On Time,Fulfilled,0,0
O001903,2025-07-11,West,P0036,S001,7,98.04,686.28,2025-07-13,2025-07-14,3,Late,Fulfilled,0,1
O001904,2025-12-03,South,P0047,S010,1,108.12,108.12,2025-12-08,2025-12-08,5,On Time,Fulfilled,0,0
O001905,2025-05-12,East,P0021,S004,1,179.24,179.24,2025-05-17,2025-05-17,5,On Time,Fulfilled,0,0
O001906,2025-12-05,North,P0019,S010,8,269.79,2158.32,2025-12-09,2025-12-10,5,Late,Fulfilled,0,1
O001907,2025-10-02,Central,P0013,S004,5,290.72,1453.6,2025-10-07,2025-10-12,10,Late,Fulfilled,0,1
O001908,2025-10-11,West,P0020,S001,3,148.59,445.77,2025-10-13,2025-10-12,1,On Time,Fulfilled,0,0
O001909,2025-11-17,East,P0059,S010,5,209.28,1046.4,2025-11-23,2025-11-23,6,On Time,Fulfilled,0,0
O001910,2025-04-24,West,P0060,S001,7,118.33,828.31,2025-04-29,2025-04-30,6,Late,Fulfilled,0,1
O001911,2025-03-23,West,P0041,S004,1,162.16,162.16,2025-03-25,2025-03-26,3,Late,Fulfilled,0,1
O001912,2025-08-21,Central,P0028,S001,7,123.49,864.43,2025-08-27,2025-08-26,5,On Time,Fulfilled,0,0
O001913,2025-04-06,North,P0025,S004,8,171.85,1374.8,2025-04-11,2025-04-12,6,Late,Fulfilled,0,1
O001914,2025-07-22,South,P0002,S007,1,244.65,244.65,2025-07-26,2025-07-26,4,On Time,Fulfilled,0,0
O001915,2025-10-04,East,P0047,S010,6,108.12,648.72,2025-10-10,2025-10-11,7,Late,Fulfilled,0,1
O001916,2025-09-23,Central,P0054,S007,3,261.11,783.33,2025-09-25,2025-10-01,8,Late,Returned,1,1
O001917,2025-05-24,South,P0031,S010,4,75.12,300.48,2025-05-30,2025-05-29,5,On Time,Fulfilled,0,0
O001918,2025-08-01,West,P0051,S010,8,159.11,1272.88,2025-08-03,2025-08-02,1,On Time,Fulfilled,0,0
O001919,2025-08-29,East,P0028,S001,1,123.49,123.49,2025-09-01,2025-09-02,4,Late,Fulfilled,0,1
O001920,2025-03-15,South,P0035,S010,8,211.82,1694.56,2025-03-18,2025-03-20,5,Late,Fulfilled,0,1
O001921,2025-11-08,Central,P0015,S010,2,312.58,625.16,2025-11-10,2025-11-10,2,On Time,Fulfilled,0,0
O001922,2025-10-11,West,P0001,S004,6,289.3,1735.8,2025-10-15,2025-10-16,5,Late,Fulfilled,0,1
O001923,2025-12-08,East,P0017,S004,6,179.09,1074.54,2025-12-13,2025-12-13,5,On Time,Fulfilled,0,0
O001924,2025-08-12,West,P0005,S004,7,247.38,1731.66,2025-08-15,2025-08-20,8,Late,Fulfilled,0,1
O001925,2025-02-05,East,P0052,S001,2,57.76,115.52,2025-02-10,2025-02-10,5,On Time,Fulfilled,0,0
O001926,2025-12-03,South,P0027,S010,1,275.2,275.2,2025-12-08,2025-12-07,4,On Time,Returned,1,0
O001927,2025-12-27,North,P0041,S004,4,162.16,648.64,2026-01-01,2026-01-03,7,Late,Fulfilled,0,1
O001928,2025-12-11,Central,P0031,S010,5,75.12,375.6,2025-12-13,2025-12-14,3,Late,Fulfilled,0,1
O001929,2025-12-21,South,P0060,S001,2,118.33,236.66,2025-12-23,2025-12-24,3,Late,Fulfilled,0,1
O001930,2025-12-23,North,P0040,S001,3,216.21,648.63,2025-12-29,2025-12-28,5,On Time,Fulfilled,0,0
O001931,2025-05-05,West,P0009,S004,7,209.42,1465.94,2025-05-10,2025-05-09,4,On Time,Fulfilled,0,0
O001932,2025-01-18,East,P0029,S004,5,76.33,381.65,2025-01-22,2025-01-22,4,On Time,Fulfilled,0,0
O001933,2025-04-04,East,P0038,S007,3,97.26,291.78,2025-04-09,2025-04-09,5,On Time,Fulfilled,0,0
O001934,2025-06-23,North,P0059,S010,8,209.28,1674.24,2025-06-28,2025-06-28,5,On Time,Fulfilled,0,0
O001935,2025-08-02,Central,P0059,S010,2,209.28,418.56,2025-08-05,2025-08-07,5,Late,Fulfilled,0,1
O001936,2025-11-01,East,P0036,S001,3,98.04,294.12,2025-11-05,2025-11-04,3,On Time,Fulfilled,0,0
O001937,2025-11-27,East,P0023,S010,3,93.63,280.89,2025-12-02,2025-12-01,4,On Time,Fulfilled,0,0
O001938,2025-03-23,Central,P0009,S004,2,209.42,418.84,2025-03-27,2025-03-29,6,Late,Fulfilled,0,1
O001939,2025-02-11,West,P0012,S001,7,86.98,608.86,2025-02-13,2025-02-13,2,On Time,Fulfilled,0,0
O001940,2025-02-11,West,P0023,S010,7,93.63,655.41,2025-02-16,2025-02-17,6,Late,Fulfilled,0,1
O001941,2025-08-05,North,P0006,S007,5,73.03,365.15,2025-08-07,2025-08-06,1,On Time,Fulfilled,0,0
O001942,2025-08-10,North,P0014,S007,3,195.03,585.09,2025-08-16,2025-08-15,5,On Time,Fulfilled,0,0
O001943,2025-08-21,West,P0052,S001,7,57.76,404.32,2025-08-25,2025-08-25,4,On Time,Fulfilled,0,0
O001944,2025-08-19,West,P0018,S007,1,79.76,79.76,2025-08-23,2025-08-23,4,On Time,Fulfilled,0,0
O001945,2025-11-06,West,P0015,S010,7,312.58,2188.06,2025-11-10,2025-11-09,3,On Time,Fulfilled,0,0
O001946,2025-10-23,South,P0020,S001,5,148.59,742.95,2025-10-29,2025-10-28,5,On Time,Fulfilled,0,0
O001947,2025-10-08,South,P0056,S001,4,210.07,840.28,2025-10-11,2025-10-12,4,Late,Fulfilled,0,1
O001948,2025-12-09,West,P0043,S010,6,254.39,1526.34,2025-12-12,2025-12-12,3,On Time,Fulfilled,0,0
O001949,2025-01-20,East,P0004,S001,3,209.94,629.82,2025-01-23,2025-01-23,3,On Time,Fulfilled,0,0
O001950,2025-07-22,South,P0005,S004,3,247.38,742.14,2025-07-24,2025-07-23,1,On Time,Fulfilled,0,0
O001951,2025-01-09,East,P0042,S007,1,315.31,315.31,2025-01-14,2025-01-14,5,On Time,Fulfilled,0,0
O001952,2025-05-18,South,P0021,S004,1,179.24,179.24,2025-05-20,2025-05-26,8,Late,Fulfilled,0,1
O001953,2025-07-31,West,P0002,S007,2,244.65,489.3,2025-08-06,2025-08-07,7,Late,Fulfilled,0,1
O001954,2025-04-19,East,P0036,S001,8,98.04,784.32,2025-04-25,2025-04-26,7,Late,Fulfilled,0,1
O001955,2025-05-30,South,P0025,S004,4,171.85,687.4,2025-06-05,2025-06-05,6,On Time,Fulfilled,0,0
O001956,2025-08-03,East,P0029,S004,8,76.33,610.64,2025-08-06,2025-08-06,3,On Time,Fulfilled,0,0
O001957,2025-11-04,South,P0034,S007,8,263.25,2106.0,2025-11-06,2025-11-05,1,On Time,Fulfilled,0,0
O001958,2025-12-09,Central,P0007,S010,7,85.99,601.93,2025-12-13,2025-12-14,5,Late,Fulfilled,0,1
O001959,2025-05-14,Central,P0040,S001,1,216.21,216.21,2025-05-19,2025-05-22,8,Late,Returned,1,1
O001960,2025-09-28,East,P0029,S004,3,76.33,228.99,2025-10-01,2025-09-30,2,On Time,Fulfilled,0,0
O001961,2025-05-29,North,P0038,S007,2,97.26,194.52,2025-06-01,2025-05-31,2,On Time,Fulfilled,0,0
O001962,2025-09-20,Central,P0033,S004,1,183.37,183.37,2025-09-24,2025-09-23,3,On Time,Fulfilled,0,0
O001963,2025-09-11,North,P0046,S007,7,225.07,1575.49,2025-09-15,2025-09-14,3,On Time,Fulfilled,0,0
O001964,2025-05-22,East,P0002,S007,2,244.65,489.3,2025-05-24,2025-05-23,1,On Time,Fulfilled,0,0
O001965,2025-11-21,North,P0054,S007,4,261.11,1044.44,2025-11-27,2025-11-27,6,On Time,Fulfilled,0,0
O001966,2025-04-07,Central,P0031,S010,3,75.12,225.36,2025-04-10,2025-04-16,9,Late,Fulfilled,0,1
O001967,2025-02-14,South,P0038,S007,4,97.26,389.04,2025-02-19,2025-02-22,8,Late,Fulfilled,0,1
O001968,2025-03-29,West,P0032,S001,1,166.64,166.64,2025-04-02,2025-04-03,5,Late,Fulfilled,0,1
O001969,2025-12-21,South,P0020,S001,4,148.59,594.36,2025-12-26,2025-12-26,5,On Time,Fulfilled,0,0
O001970,2025-03-03,North,P0044,S001,6,281.48,1688.88,2025-03-08,2025-03-09,6,Late,Fulfilled,0,1
O001971,2025-06-14,Central,P0015,S010,2,312.58,625.16,2025-06-17,2025-06-16,2,On Time,Fulfilled,0,0
O001972,2025-03-20,North,P0015,S010,4,312.58,1250.32,2025-03-22,2025-03-22,2,On Time,Fulfilled,0,0
O001973,2025-06-21,East,P0015,S010,8,312.58,2500.64,2025-06-23,2025-06-23,2,On Time,Fulfilled,0,0
O001974,2025-06-08,North,P0030,S007,3,299.53,898.59,2025-06-12,2025-06-11,3,On Time,Returned,1,0
O001975,2025-01-14,East,P0050,S007,4,37.5,150.0,2025-01-18,2025-01-17,3,On Time,Fulfilled,0,0
O001976,2025-10-27,South,P0016,S001,6,140.21,841.26,2025-11-02,2025-11-01,5,On Time,Fulfilled,0,0
O001977,2025-11-08,Central,P0022,S007,1,174.48,174.48,2025-11-14,2025-11-15,7,Late,Fulfilled,0,1
O001978,2025-01-30,South,P0054,S007,4,261.11,1044.44,2025-02-01,2025-02-01,2,On Time,Fulfilled,0,0
O001979,2025-10-07,North,P0004,S001,4,209.94,839.76,2025-10-13,2025-10-12,5,On Time,Fulfilled,0,0
O001980,2025-12-08,South,P0040,S001,6,216.21,1297.26,2025-12-11,2025-12-10,2,On Time,Fulfilled,0,0
O001981,2025-04-05,West,P0045,S004,6,109.48,656.88,2025-04-07,2025-04-07,2,On Time,Fulfilled,0,0
O001982,2025-11-13,North,P0002,S007,7,244.65,1712.55,2025-11-15,2025-11-16,3,Late,Fulfilled,0,1
O001983,2025-03-12,West,P0045,S004,6,109.48,656.88,2025-03-18,2025-03-19,7,Late,Fulfilled,0,1
O001984,2025-07-27,East,P0048,S001,3,141.97,425.91,2025-08-02,2025-08-03,7,Late,Fulfilled,0,1
O001985,2025-11-14,West,P0038,S007,8,97.26,778.08,2025-11-18,2025-11-22,8,Late,Fulfilled,0,1
O001986,2025-04-17,Central,P0016,S001,6,140.21,841.26,2025-04-20,2025-04-19,2,On Time,Fulfilled,0,0
O001987,2025-10-08,South,P0002,S007,6,244.65,1467.9,2025-10-11,2025-10-11,3,On Time,Fulfilled,0,0
O001988,2025-03-08,North,P0052,S001,1,57.76,57.76,2025-03-14,2025-03-13,5,On Time,Fulfilled,0,0
O001989,2025-11-12,Central,P0046,S007,1,225.07,225.07,2025-11-16,2025-11-15,3,On Time,Fulfilled,0,0
O001990,2025-06-12,West,P0026,S007,5,250.97,1254.85,2025-06-17,2025-06-17,5,On Time,Fulfilled,0,0
O001991,2025-03-05,South,P0010,S007,4,101.15,404.6,2025-03-09,2025-03-08,3,On Time,Fulfilled,0,0
O001992,2025-11-23,East,P0023,S010,1,93.63,93.63,2025-11-26,2025-11-26,3,On Time,Fulfilled,0,0
O001993,2025-02-18,East,P0006,S007,7,73.03,511.21,2025-02-21,2025-02-20,2,On Time,Fulfilled,0,0
O001994,2025-07-31,Central,P0008,S001,8,158.77,1270.16,2025-08-06,2025-08-08,8,Late,Fulfilled,0,1
O001995,2025-03-17,South,P0005,S004,3,247.38,742.14,2025-03-21,2025-03-20,3,On Time,Fulfilled,0,0
O001996,2025-01-24,Central,P0056,S001,3,210.07,630.21,2025-01-30,2025-01-31,7,Late,Fulfilled,0,1
O001997,2025-02-24,North,P0017,S004,3,179.09,537.27,2025-02-27,2025-03-03,7,Late,Fulfilled,0,1
O001998,2025-09-16,South,P0014,S007,1,195.03,195.03,2025-09-18,2025-09-19,3,Late,Fulfilled,0,1
O001999,2025-02-03,North,P0031,S010,3,75.12,225.36,2025-02-07,2025-02-08,5,Late,Fulfilled,0,1
O002000,2025-12-29,South,P0038,S007,7,97.26,680.82,2025-12-31,2025-12-30,1,On Time,Fulfilled,0,0
O002001,2025-12-01,West,P0007,S010,8,85.99,687.92,2025-12-07,2025-12-08,7,Late,Fulfilled,0,1
O002002,2025-07-03,West,P0058,S007,1,66.02,66.02,2025-07-07,2025-07-08,5,Late,Fulfilled,0,1
O002003,2025-06-23,South,P0042,S007,4,315.31,1261.24,2025-06-27,2025-06-26,3,On Time,Fulfilled,0,0
O002004,2025-07-08,Central,P0056,S001,3,210.07,630.21,2025-07-12,2025-07-12,4,On Time,Fulfilled,0,0
O002005,2025-09-02,Central,P0025,S004,4,171.85,687.4,2025-09-04,2025-09-08,6,Late,Fulfilled,0,1
O002006,2025-09-09,Central,P0020,S001,1,148.59,148.59,2025-09-15,2025-09-15,6,On Time,Fulfilled,0,0
O002007,2025-07-27,Central,P0054,S007,8,261.11,2088.88,2025-07-31,2025-07-30,3,On Time,Fulfilled,0,0
O002008,2025-05-13,South,P0020,S001,6,148.59,891.54,2025-05-15,2025-05-16,3,Late,Fulfilled,0,1
O002009,2025-12-16,North,P0030,S007,1,299.53,299.53,2025-12-18,2025-12-19,3,Late,Fulfilled,0,1
O002010,2025-08-23,East,P0004,S001,5,209.94,1049.7,2025-08-26,2025-08-27,4,Late,Fulfilled,0,1
O002011,2025-07-03,South,P0049,S004,6,224.76,1348.56,2025-07-06,2025-07-05,2,On Time,Fulfilled,0,0
O002012,2025-12-16,West,P0059,S010,2,209.28,418.56,2025-12-22,2025-12-23,7,Late,Fulfilled,0,1
O002013,2025-06-16,Central,P0030,S007,6,299.53,1797.18,2025-06-19,2025-06-18,2,On Time,Fulfilled,0,0
O002014,2025-12-10,West,P0056,S001,2,210.07,420.14,2025-12-12,2025-12-11,1,On Time,Fulfilled,0,0
O002015,2025-10-23,South,P0038,S007,4,97.26,389.04,2025-10-25,2025-10-25,2,On Time,Fulfilled,0,0
O002016,2025-02-19,West,P0011,S010,4,132.12,528.48,2025-02-22,2025-02-21,2,On Time,Fulfilled,0,0
O002017,2025-07-23,North,P0029,S004,8,76.33,610.64,2025-07-29,2025-07-30,7,Late,Fulfilled,0,1
O002018,2025-08-01,West,P0016,S001,3,140.21,420.63,2025-08-03,2025-08-02,1,On Time,Fulfilled,0,0
O002019,2025-04-25,North,P0028,S001,8,123.49,987.92,2025-04-29,2025-04-28,3,On Time,Fulfilled,0,0
O002020,2025-01-06,Central,P0032,S001,1,166.64,166.64,2025-01-08,2025-01-12,6,Late,Fulfilled,0,1
O002021,2025-05-22,East,P0038,S007,3,97.26,291.78,2025-05-24,2025-05-24,2,On Time,Fulfilled,0,0
O002022,2025-09-26,East,P0048,S001,3,141.97,425.91,2025-09-29,2025-09-29,3,On Time,Fulfilled,0,0
O002023,2025-04-14,North,P0025,S004,2,171.85,343.7,2025-04-16,2025-04-17,3,Late,Fulfilled,0,1
O002024,2025-01-08,North,P0050,S007,2,37.5,75.0,2025-01-13,2025-01-14,6,Late,Fulfilled,0,1
O002025,2025-04-03,North,P0048,S001,2,141.97,283.94,2025-04-08,2025-04-09,6,Late,Fulfilled,0,1
O002026,2025-12-10,South,P0002,S007,8,244.65,1957.2,2025-12-16,2025-12-16,6,On Time,Returned,1,0
O002027,2025-10-16,South,P0042,S007,7,315.31,2207.17,2025-10-19,2025-10-18,2,On Time,Fulfilled,0,0
O002028,2025-06-14,East,P0055,S010,6,76.46,458.76,2025-06-16,2025-06-15,1,On Time,Fulfilled,0,0
O002029,2025-02-27,North,P0057,S004,2,302.85,605.7,2025-03-02,2025-03-02,3,On Time,Fulfilled,0,0
O002030,2025-03-11,North,P0019,S010,2,269.79,539.58,2025-03-15,2025-03-15,4,On Time,Fulfilled,0,0
O002031,2025-02-21,North,P0054,S007,8,261.11,2088.88,2025-02-26,2025-02-27,6,Late,Fulfilled,0,1
O002032,2025-06-24,South,P0051,S010,6,159.11,954.66,2025-06-30,2025-06-29,5,On Time,Fulfilled,0,0
O002033,2025-12-28,East,P0018,S007,1,79.76,79.76,2026-01-03,2026-01-04,7,Late,Fulfilled,0,1
O002034,2025-05-18,West,P0048,S001,8,141.97,1135.76,2025-05-21,2025-05-22,4,Late,Fulfilled,0,1
O002035,2025-10-26,Central,P0056,S001,5,210.07,1050.35,2025-11-01,2025-11-05,10,Late,Fulfilled,0,1
O002036,2025-08-13,West,P0022,S007,8,174.48,1395.84,2025-08-15,2025-08-16,3,Late,Fulfilled,0,1
O002037,2025-08-19,West,P0001,S004,1,289.3,289.3,2025-08-24,2025-08-23,4,On Time,Fulfilled,0,0
O002038,2025-10-02,West,P0031,S010,2,75.12,150.24,2025-10-04,2025-10-05,3,Late,Fulfilled,0,1
O002039,2025-09-09,East,P0012,S001,5,86.98,434.9,2025-09-11,2025-09-12,3,Late,Fulfilled,0,1
O002040,2025-05-08,North,P0021,S004,7,179.24,1254.68,2025-05-12,2025-05-11,3,On Time,Fulfilled,0,0
O002041,2025-12-08,South,P0053,S004,3,133.42,400.26,2025-12-14,2025-12-14,6,On Time,Fulfilled,0,0
O002042,2025-11-13,North,P0036,S001,4,98.04,392.16,2025-11-19,2025-11-23,10,Late,Fulfilled,0,1
O002043,2025-11-06,West,P0036,S001,7,98.04,686.28,2025-11-08,2025-11-11,5,Late,Fulfilled,0,1
O002044,2025-03-26,West,P0024,S001,5,64.9,324.5,2025-03-30,2025-03-29,3,On Time,Fulfilled,0,0
O002045,2025-11-11,East,P0039,S010,6,71.46,428.76,2025-11-15,2025-11-14,3,On Time,Fulfilled,0,0
O002046,2025-05-21,West,P0017,S004,1,179.09,179.09,2025-05-27,2025-05-28,7,Late,Fulfilled,0,1
O002047,2025-06-05,North,P0047,S010,5,108.12,540.6,2025-06-09,2025-06-10,5,Late,Fulfilled,0,1
O002048,2025-10-17,South,P0040,S001,4,216.21,864.84,2025-10-20,2025-10-20,3,On Time,Fulfilled,0,0
O002049,2025-05-24,Central,P0031,S010,4,75.12,300.48,2025-05-27,2025-05-26,2,On Time,Returned,1,0
O002050,2025-07-16,West,P0053,S004,7,133.42,933.94,2025-07-19,2025-07-19,3,On Time,Fulfilled,0,0
O002051,2025-03-04,West,P0055,S010,2,76.46,152.92,2025-03-06,2025-03-06,2,On Time,Returned,1,0
O002052,2025-06-13,South,P0005,S004,3,247.38,742.14,2025-06-16,2025-06-21,8,Late,Fulfilled,0,1
O002053,2025-03-30,South,P0029,S004,1,76.33,76.33,2025-04-01,2025-03-31,1,On Time,Fulfilled,0,0
O002054,2025-01-26,North,P0028,S001,6,123.49,740.94,2025-01-29,2025-01-30,4,Late,Fulfilled,0,1
O002055,2025-08-15,West,P0013,S004,5,290.72,1453.6,2025-08-21,2025-08-20,5,On Time,Fulfilled,0,0
O002056,2025-02-16,South,P0031,S010,2,75.12,150.24,2025-02-19,2025-02-18,2,On Time,Returned,1,0
O002057,2025-11-30,South,P0050,S007,6,37.5,225.0,2025-12-04,2025-12-04,4,On Time,Fulfilled,0,0
O002058,2025-06-22,West,P0003,S010,1,294.12,294.12,2025-06-25,2025-06-25,3,On Time,Fulfilled,0,0
O002059,2025-04-13,East,P0051,S010,5,159.11,795.55,2025-04-15,2025-04-16,3,Late,Fulfilled,0,1
O002060,2025-10-09,South,P0030,S007,7,299.53,2096.71,2025-10-15,2025-10-15,6,On Time,Fulfilled,0,0
O002061,2025-01-19,East,P0033,S004,7,183.37,1283.59,2025-01-21,2025-01-21,2,On Time,Fulfilled,0,0
O002062,2025-07-22,North,P0042,S007,7,315.31,2207.17,2025-07-26,2025-07-25,3,On Time,Fulfilled,0,0
O002063,2025-05-14,Central,P0005,S004,1,247.38,247.38,2025-05-20,2025-05-19,5,On Time,Fulfilled,0,0
O002064,2025-10-15,East,P0043,S010,7,254.39,1780.73,2025-10-17,2025-10-17,2,On Time,Returned,1,0
O002065,2025-02-28,Central,P0047,S010,4,108.12,432.48,2025-03-06,2025-03-05,5,On Time,Fulfilled,0,0
O002066,2025-09-14,North,P0044,S001,5,281.48,1407.4,2025-09-16,2025-09-16,2,On Time,Returned,1,0
O002067,2025-02-09,South,P0049,S004,1,224.76,224.76,2025-02-11,2025-02-11,2,On Time,Fulfilled,0,0
O002068,2025-08-02,South,P0008,S001,8,158.77,1270.16,2025-08-06,2025-08-11,9,Late,Fulfilled,0,1
O002069,2025-10-08,South,P0021,S004,2,179.24,358.48,2025-10-11,2025-10-11,3,On Time,Fulfilled,0,0
O002070,2025-05-04,East,P0025,S004,6,171.85,1031.1,2025-05-06,2025-05-05,1,On Time,Fulfilled,0,0
O002071,2025-03-21,Central,P0031,S010,6,75.12,450.72,2025-03-26,2025-03-25,4,On Time,Fulfilled,0,0
O002072,2025-09-05,East,P0054,S007,2,261.11,522.22,2025-09-10,2025-09-16,11,Late,Fulfilled,0,1
O002073,2025-08-29,North,P0018,S007,4,79.76,319.04,2025-09-01,2025-08-31,2,On Time,Fulfilled,0,0
O002074,2025-03-19,Central,P0024,S001,7,64.9,454.3,2025-03-21,2025-03-20,1,On Time,Fulfilled,0,0
O002075,2025-07-19,South,P0016,S001,8,140.21,1121.68,2025-07-22,2025-07-27,8,Late,Returned,1,1
O002076,2025-01-21,West,P0035,S010,8,211.82,1694.56,2025-01-26,2025-01-25,4,On Time,Fulfilled,0,0
O002077,2025-06-23,South,P0038,S007,7,97.26,680.82,2025-06-26,2025-06-26,3,On Time,Fulfilled,0,0
O002078,2025-02-15,Central,P0060,S001,5,118.33,591.65,2025-02-20,2025-02-19,4,On Time,Returned,1,0
O002079,2025-08-20,Central,P0003,S010,3,294.12,882.36,2025-08-25,2025-08-25,5,On Time,Fulfilled,0,0
O002080,2025-03-06,North,P0029,S004,5,76.33,381.65,2025-03-12,2025-03-12,6,On Time,Fulfilled,0,0
O002081,2025-05-09,Central,P0048,S001,2,141.97,283.94,2025-05-15,2025-05-14,5,On Time,Fulfilled,0,0
O002082,2025-06-17,South,P0033,S004,3,183.37,550.11,2025-06-23,2025-06-22,5,On Time,Fulfilled,0,0
O002083,2025-04-04,North,P0029,S004,3,76.33,228.99,2025-04-08,2025-04-08,4,On Time,Fulfilled,0,0
O002084,2025-12-26,East,P0031,S010,1,75.12,75.12,2025-12-29,2025-12-30,4,Late,Fulfilled,0,1
O002085,2025-11-16,South,P0002,S007,2,244.65,489.3,2025-11-19,2025-11-20,4,Late,Fulfilled,0,1
O002086,2025-01-13,East,P0028,S001,6,123.49,740.94,2025-01-16,2025-01-16,3,On Time,Fulfilled,0,0
O002087,2025-05-15,North,P0057,S004,3,302.85,908.55,2025-05-20,2025-05-21,6,Late,Fulfilled,0,1
O002088,2025-02-16,North,P0035,S010,3,211.82,635.46,2025-02-21,2025-02-20,4,On Time,Fulfilled,0,0
O002089,2025-06-07,North,P0043,S010,8,254.39,2035.12,2025-06-09,2025-06-08,1,On Time,Fulfilled,0,0
O002090,2025-01-03,East,P0019,S010,6,269.79,1618.74,2025-01-08,2025-01-08,5,On Time,Fulfilled,0,0
O002091,2025-08-29,South,P0021,S004,1,179.24,179.24,2025-09-02,2025-09-01,3,On Time,Fulfilled,0,0
O002092,2025-09-14,East,P0003,S010,4,294.12,1176.48,2025-09-20,2025-09-24,10,Late,Fulfilled,0,1
O002093,2025-12-07,Central,P0025,S004,4,171.85,687.4,2025-12-13,2025-12-12,5,On Time,Fulfilled,0,0
O002094,2025-03-04,South,P0007,S010,6,85.99,515.94,2025-03-10,2025-03-09,5,On Time,Fulfilled,0,0
O002095,2025-08-14,Central,P0005,S004,2,247.38,494.76,2025-08-19,2025-08-18,4,On Time,Fulfilled,0,0
O002096,2025-06-21,West,P0047,S010,7,108.12,756.84,2025-06-23,2025-06-23,2,On Time,Fulfilled,0,0
O002097,2025-01-30,East,P0009,S004,1,209.42,209.42,2025-02-04,2025-02-03,4,On Time,Fulfilled,0,0
O002098,2025-04-02,Central,P0004,S001,1,209.94,209.94,2025-04-08,2025-04-10,8,Late,Fulfilled,0,1
O002099,2025-01-11,South,P0039,S010,5,71.46,357.3,2025-01-14,2025-01-14,3,On Time,Fulfilled,0,0
O002100,2025-02-08,North,P0053,S004,2,133.42,266.84,2025-02-12,2025-02-13,5,Late,Fulfilled,0,1
O002101,2025-12-07,South,P0049,S004,4,224.76,899.04,2025-12-13,2025-12-12,5,On Time,Fulfilled,0,0
O002102,2025-04-22,West,P0035,S010,5,211.82,1059.1,2025-04-25,2025-04-24,2,On Time,Returned,1,0
O002103,2025-12-11,South,P0046,S007,4,225.07,900.28,2025-12-17,2025-12-17,6,On Time,Fulfilled,0,0
O002104,2025-03-18,West,P0025,S004,8,171.85,1374.8,2025-03-24,2025-03-25,7,Late,Fulfilled,0,1
O002105,2025-09-26,Central,P0048,S001,6,141.97,851.82,2025-09-28,2025-09-30,4,Late,Fulfilled,0,1
O002106,2025-11-20,West,P0040,S001,2,216.21,432.42,2025-11-24,2025-11-23,3,On Time,Fulfilled,0,0
O002107,2025-05-28,South,P0013,S004,6,290.72,1744.32,2025-05-30,2025-05-29,1,On Time,Fulfilled,0,0
O002108,2025-07-23,East,P0053,S004,2,133.42,266.84,2025-07-29,2025-07-30,7,Late,Fulfilled,0,1
O002109,2025-01-23,East,P0024,S001,7,64.9,454.3,2025-01-27,2025-01-28,5,Late,Fulfilled,0,1
O002110,2025-02-25,Central,P0009,S004,1,209.42,209.42,2025-02-27,2025-02-26,1,On Time,Fulfilled,0,0
O002111,2025-01-14,West,P0051,S010,8,159.11,1272.88,2025-01-16,2025-01-16,2,On Time,Fulfilled,0,0
O002112,2025-03-15,West,P0041,S004,8,162.16,1297.28,2025-03-21,2025-03-21,6,On Time,Fulfilled,0,0
O002113,2025-07-03,East,P0013,S004,7,290.72,2035.04,2025-07-09,2025-07-08,5,On Time,Fulfilled,0,0
O002114,2025-09-14,South,P0036,S001,5,98.04,490.2,2025-09-17,2025-09-18,4,Late,Fulfilled,0,1
O002115,2025-12-28,East,P0030,S007,7,299.53,2096.71,2026-01-03,2026-01-03,6,On Time,Fulfilled,0,0
O002116,2025-03-07,South,P0041,S004,4,162.16,648.64,2025-03-12,2025-03-12,5,On Time,Fulfilled,0,0
O002117,2025-04-08,South,P0046,S007,3,225.07,675.21,2025-04-14,2025-04-15,7,Late,Fulfilled,0,1
O002118,2025-07-03,West,P0025,S004,4,171.85,687.4,2025-07-06,2025-07-05,2,On Time,Fulfilled,0,0
O002119,2025-03-21,South,P0035,S010,6,211.82,1270.92,2025-03-25,2025-03-25,4,On Time,Fulfilled,0,0
O002120,2025-11-21,South,P0045,S004,7,109.48,766.36,2025-11-26,2025-11-28,7,Late,Fulfilled,0,1
O002121,2025-08-22,South,P0011,S010,2,132.12,264.24,2025-08-24,2025-08-23,1,On Time,Fulfilled,0,0
O002122,2025-05-06,East,P0003,S010,5,294.12,1470.6,2025-05-09,2025-05-11,5,Late,Fulfilled,0,1
O002123,2025-01-30,North,P0046,S007,4,225.07,900.28,2025-02-03,2025-02-03,4,On Time,Fulfilled,0,0
O002124,2025-01-13,Central,P0036,S001,4,98.04,392.16,2025-01-17,2025-01-18,5,Late,Fulfilled,0,1
O002125,2025-09-10,Central,P0019,S010,2,269.79,539.58,2025-09-14,2025-09-14,4,On Time,Fulfilled,0,0
O002126,2025-06-29,East,P0057,S004,4,302.85,1211.4,2025-07-03,2025-07-08,9,Late,Fulfilled,0,1
O002127,2025-12-10,North,P0031,S010,3,75.12,225.36,2025-12-16,2025-12-16,6,On Time,Fulfilled,0,0
O002128,2025-12-05,Central,P0022,S007,4,174.48,697.92,2025-12-11,2025-12-11,6,On Time,Fulfilled,0,0
O002129,2025-02-18,South,P0005,S004,7,247.38,1731.66,2025-02-23,2025-02-24,6,Late,Fulfilled,0,1
O002130,2025-03-15,East,P0007,S010,2,85.99,171.98,2025-03-20,2025-03-19,4,On Time,Fulfilled,0,0
O002131,2025-04-28,Central,P0040,S001,2,216.21,432.42,2025-05-03,2025-05-02,4,On Time,Fulfilled,0,0
O002132,2025-06-16,East,P0013,S004,6,290.72,1744.32,2025-06-18,2025-06-17,1,On Time,Fulfilled,0,0
O002133,2025-06-29,East,P0034,S007,8,263.25,2106.0,2025-07-02,2025-07-01,2,On Time,Fulfilled,0,0
O002134,2025-10-25,South,P0009,S004,5,209.42,1047.1,2025-10-31,2025-11-03,9,Late,Fulfilled,0,1
O002135,2025-07-21,South,P0027,S010,5,275.2,1376.0,2025-07-25,2025-07-28,7,Late,Fulfilled,0,1
O002136,2025-09-02,South,P0016,S001,7,140.21,981.47,2025-09-07,2025-09-08,6,Late,Fulfilled,0,1
O002137,2025-01-30,North,P0012,S001,2,86.98,173.96,2025-02-03,2025-02-03,4,On Time,Fulfilled,0,0
O002138,2025-04-05,West,P0045,S004,6,109.48,656.88,2025-04-09,2025-04-10,5,Late,Fulfilled,0,1
O002139,2025-12-17,West,P0025,S004,6,171.85,1031.1,2025-12-22,2025-12-21,4,On Time,Fulfilled,0,0
O002140,2025-01-16,Central,P0046,S007,8,225.07,1800.56,2025-01-22,2025-01-23,7,Late,Fulfilled,0,1
O002141,2025-11-08,North,P0031,S010,5,75.12,375.6,2025-11-12,2025-11-11,3,On Time,Fulfilled,0,0
O002142,2025-04-22,East,P0054,S007,7,261.11,1827.77,2025-04-26,2025-04-27,5,Late,Fulfilled,0,1
O002143,2025-03-30,North,P0010,S007,8,101.15,809.2,2025-04-02,2025-04-03,4,Late,Fulfilled,0,1
O002144,2025-05-19,Central,P0059,S010,6,209.28,1255.68,2025-05-23,2025-05-23,4,On Time,Fulfilled,0,0
O002145,2025-01-07,West,P0053,S004,5,133.42,667.1,2025-01-11,2025-01-11,4,On Time,Fulfilled,0,0
O002146,2025-02-25,East,P0045,S004,3,109.48,328.44,2025-02-27,2025-02-26,1,On Time,Fulfilled,0,0
O002147,2025-04-06,West,P0028,S001,4,123.49,493.96,2025-04-11,2025-04-12,6,Late,Fulfilled,0,1
O002148,2025-07-14,Central,P0029,S004,2,76.33,152.66,2025-07-19,2025-07-18,4,On Time,Fulfilled,0,0
O002149,2025-02-19,Central,P0052,S001,1,57.76,57.76,2025-02-22,2025-02-22,3,On Time,Fulfilled,0,0
O002150,2025-03-24,South,P0056,S001,2,210.07,420.14,2025-03-27,2025-03-28,4,Late,Fulfilled,0,1
O002151,2025-08-17,Central,P0038,S007,4,97.26,389.04,2025-08-19,2025-08-20,3,Late,Fulfilled,0,1
O002152,2025-12-16,North,P0049,S004,4,224.76,899.04,2025-12-22,2025-12-23,7,Late,Fulfilled,0,1
O002153,2025-05-17,East,P0058,S007,3,66.02,198.06,2025-05-23,2025-05-23,6,On Time,Fulfilled,0,0
O002154,2025-09-28,West,P0057,S004,8,302.85,2422.8,2025-10-03,2025-10-02,4,On Time,Fulfilled,0,0
O002155,2025-02-03,North,P0004,S001,5,209.94,1049.7,2025-02-05,2025-02-09,6,Late,Fulfilled,0,1
O002156,2025-09-18,West,P0025,S004,2,171.85,343.7,2025-09-20,2025-09-20,2,On Time,Fulfilled,0,0
O002157,2025-06-29,South,P0006,S007,1,73.03,73.03,2025-07-05,2025-07-06,7,Late,Fulfilled,0,1
O002158,2025-04-12,East,P0019,S010,4,269.79,1079.16,2025-04-16,2025-04-15,3,On Time,Fulfilled,0,0
O002159,2025-06-16,North,P0049,S004,2,224.76,449.52,2025-06-22,2025-06-23,7,Late,Fulfilled,0,1
O002160,2025-06-12,Central,P0005,S004,4,247.38,989.52,2025-06-14,2025-06-14,2,On Time,Fulfilled,0,0
O002161,2025-12-06,Central,P0050,S007,2,37.5,75.0,2025-12-10,2025-12-10,4,On Time,Fulfilled,0,0
O002162,2025-06-21,West,P0009,S004,7,209.42,1465.94,2025-06-26,2025-06-27,6,Late,Fulfilled,0,1
O002163,2025-11-20,East,P0008,S001,4,158.77,635.08,2025-11-26,2025-11-26,6,On Time,Fulfilled,0,0
O002164,2025-10-08,Central,P0010,S007,6,101.15,606.9,2025-10-14,2025-10-14,6,On Time,Fulfilled,0,0
O002165,2025-12-05,North,P0047,S010,5,108.12,540.6,2025-12-09,2025-12-09,4,On Time,Fulfilled,0,0
O002166,2025-06-15,East,P0033,S004,8,183.37,1466.96,2025-06-20,2025-06-20,5,On Time,Fulfilled,0,0
O002167,2025-10-28,East,P0005,S004,6,247.38,1484.28,2025-10-30,2025-10-30,2,On Time,Fulfilled,0,0
O002168,2025-10-29,Central,P0042,S007,6,315.31,1891.86,2025-11-03,2025-11-06,8,Late,Fulfilled,0,1
O002169,2025-12-14,North,P0039,S010,5,71.46,357.3,2025-12-18,2025-12-18,4,On Time,Fulfilled,0,0
O002170,2025-02-28,West,P0029,S004,7,76.33,534.31,2025-03-02,2025-03-01,1,On Time,Fulfilled,0,0
O002171,2025-10-09,North,P0051,S010,5,159.11,795.55,2025-10-14,2025-10-14,5,On Time,Fulfilled,0,0
O002172,2025-10-04,Central,P0003,S010,8,294.12,2352.96,2025-10-08,2025-10-09,5,Late,Fulfilled,0,1
O002173,2025-05-19,West,P0039,S010,6,71.46,428.76,2025-05-24,2025-05-23,4,On Time,Fulfilled,0,0
O002174,2025-09-06,East,P0004,S001,7,209.94,1469.58,2025-09-09,2025-09-10,4,Late,Fulfilled,0,1
O002175,2025-02-09,South,P0057,S004,8,302.85,2422.8,2025-02-14,2025-02-14,5,On Time,Fulfilled,0,0
O002176,2025-02-07,Central,P0043,S010,4,254.39,1017.56,2025-02-09,2025-02-11,4,Late,Fulfilled,0,1
O002177,2025-05-13,West,P0038,S007,6,97.26,583.56,2025-05-18,2025-05-19,6,Late,Fulfilled,0,1
O002178,2025-08-08,North,P0002,S007,8,244.65,1957.2,2025-08-10,2025-08-09,1,On Time,Fulfilled,0,0
O002179,2025-02-22,Central,P0050,S007,4,37.5,150.0,2025-02-26,2025-03-03,9,Late,Fulfilled,0,1
O002180,2025-06-05,West,P0039,S010,6,71.46,428.76,2025-06-08,2025-06-07,2,On Time,Fulfilled,0,0
O002181,2025-12-22,Central,P0042,S007,3,315.31,945.93,2025-12-27,2025-12-27,5,On Time,Fulfilled,0,0
O002182,2025-10-12,East,P0039,S010,8,71.46,571.68,2025-10-15,2025-10-16,4,Late,Fulfilled,0,1
O002183,2025-06-05,Central,P0004,S001,4,209.94,839.76,2025-06-10,2025-06-11,6,Late,Fulfilled,0,1
O002184,2025-09-14,Central,P0022,S007,4,174.48,697.92,2025-09-20,2025-09-19,5,On Time,Fulfilled,0,0
O002185,2025-01-23,South,P0026,S007,1,250.97,250.97,2025-01-26,2025-01-30,7,Late,Fulfilled,0,1
O002186,2025-12-14,North,P0009,S004,5,209.42,1047.1,2025-12-18,2025-12-19,5,Late,Fulfilled,0,1
O002187,2025-12-09,West,P0007,S010,7,85.99,601.93,2025-12-15,2025-12-15,6,On Time,Fulfilled,0,0
O002188,2025-05-29,South,P0051,S010,6,159.11,954.66,2025-06-03,2025-06-04,6,Late,Fulfilled,0,1
O002189,2025-12-11,East,P0022,S007,6,174.48,1046.88,2025-12-15,2025-12-16,5,Late,Fulfilled,0,1
O002190,2025-04-30,Central,P0054,S007,3,261.11,783.33,2025-05-03,2025-05-04,4,Late,Fulfilled,0,1
O002191,2025-05-05,South,P0036,S001,7,98.04,686.28,2025-05-11,2025-05-17,12,Late,Fulfilled,0,1
O002192,2025-10-28,South,P0007,S010,3,85.99,257.97,2025-10-31,2025-10-31,3,On Time,Fulfilled,0,0
O002193,2025-12-22,North,P0046,S007,3,225.07,675.21,2025-12-24,2025-12-29,7,Late,Fulfilled,0,1
O002194,2025-02-21,East,P0002,S007,2,244.65,489.3,2025-02-23,2025-02-23,2,On Time,Fulfilled,0,0
O002195,2025-01-30,West,P0028,S001,7,123.49,864.43,2025-02-01,2025-02-01,2,On Time,Fulfilled,0,0
O002196,2025-09-18,North,P0021,S004,7,179.24,1254.68,2025-09-22,2025-09-21,3,On Time,Fulfilled,0,0
O002197,2025-06-30,North,P0060,S001,5,118.33,591.65,2025-07-06,2025-07-09,9,Late,Fulfilled,0,1
O002198,2025-05-01,West,P0032,S001,2,166.64,333.28,2025-05-03,2025-05-04,3,Late,Fulfilled,0,1
O002199,2025-11-08,North,P0031,S010,5,75.12,375.6,2025-11-11,2025-11-10,2,On Time,Fulfilled,0,0
O002200,2025-10-24,Central,P0038,S007,5,97.26,486.3,2025-10-27,2025-10-26,2,On Time,Fulfilled,0,0
O002201,2025-09-17,North,P0014,S007,6,195.03,1170.18,2025-09-19,2025-09-18,1,On Time,Fulfilled,0,0
O002202,2025-11-26,West,P0022,S007,5,174.48,872.4,2025-12-01,2025-12-01,5,On Time,Fulfilled,0,0
O002203,2025-10-12,West,P0057,S004,5,302.85,1514.25,2025-10-18,2025-10-19,7,Late,Fulfilled,0,1
O002204,2025-01-12,West,P0025,S004,2,171.85,343.7,2025-01-16,2025-01-15,3,On Time,Fulfilled,0,0
O002205,2025-07-24,North,P0006,S007,5,73.03,365.15,2025-07-26,2025-07-25,1,On Time,Fulfilled,0,0
O002206,2025-08-29,East,P0052,S001,2,57.76,115.52,2025-08-31,2025-08-31,2,On Time,Fulfilled,0,0
O002207,2025-11-29,East,P0024,S001,1,64.9,64.9,2025-12-03,2025-12-06,7,Late,Fulfilled,0,1
O002208,2025-03-21,Central,P0031,S010,7,75.12,525.84,2025-03-26,2025-03-25,4,On Time,Fulfilled,0,0
O002209,2025-09-04,West,P0007,S010,3,85.99,257.97,2025-09-09,2025-09-10,6,Late,Fulfilled,0,1
O002210,2025-12-17,East,P0046,S007,5,225.07,1125.35,2025-12-21,2025-12-20,3,On Time,Fulfilled,0,0
O002211,2025-10-30,Central,P0041,S004,5,162.16,810.8,2025-11-05,2025-11-04,5,On Time,Fulfilled,0,0
O002212,2025-03-03,East,P0055,S010,5,76.46,382.3,2025-03-07,2025-03-08,5,Late,Returned,1,1
O002213,2025-11-07,South,P0050,S007,6,37.5,225.0,2025-11-11,2025-11-13,6,Late,Fulfilled,0,1
O002214,2025-04-26,North,P0010,S007,6,101.15,606.9,2025-04-30,2025-04-30,4,On Time,Fulfilled,0,0
O002215,2025-04-09,North,P0029,S004,8,76.33,610.64,2025-04-13,2025-04-14,5,Late,Fulfilled,0,1
O002216,2025-02-14,East,P0028,S001,5,123.49,617.45,2025-02-19,2025-02-19,5,On Time,Fulfilled,0,0
O002217,2025-12-25,South,P0021,S004,1,179.24,179.24,2025-12-27,2025-12-29,4,Late,Fulfilled,0,1
O002218,2025-06-29,North,P0053,S004,8,133.42,1067.36,2025-07-03,2025-07-04,5,Late,Fulfilled,0,1
O002219,2025-12-13,East,P0055,S010,5,76.46,382.3,2025-12-17,2025-12-17,4,On Time,Fulfilled,0,0
O002220,2025-08-26,East,P0050,S007,2,37.5,75.0,2025-08-30,2025-08-30,4,On Time,Fulfilled,0,0
O002221,2025-08-15,East,P0049,S004,5,224.76,1123.8,2025-08-20,2025-08-19,4,On Time,Fulfilled,0,0
O002222,2025-05-11,East,P0023,S010,7,93.63,655.41,2025-05-13,2025-05-17,6,Late,Fulfilled,0,1
O002223,2025-01-24,Central,P0014,S007,2,195.03,390.06,2025-01-27,2025-01-28,4,Late,Fulfilled,0,1
O002224,2025-07-01,Central,P0024,S001,6,64.9,389.4,2025-07-03,2025-07-02,1,On Time,Returned,1,0
O002225,2025-10-30,Central,P0004,S001,3,209.94,629.82,2025-11-04,2025-11-05,6,Late,Fulfilled,0,1
O002226,2025-03-04,South,P0019,S010,4,269.79,1079.16,2025-03-09,2025-03-08,4,On Time,Fulfilled,0,0
O002227,2025-05-03,East,P0055,S010,2,76.46,152.92,2025-05-09,2025-05-10,7,Late,Fulfilled,0,1
O002228,2025-11-01,West,P0049,S004,7,224.76,1573.32,2025-11-04,2025-11-04,3,On Time,Returned,1,0
O002229,2025-07-15,East,P0052,S001,1,57.76,57.76,2025-07-20,2025-07-19,4,On Time,Fulfilled,0,0
O002230,2025-03-14,East,P0047,S010,8,108.12,864.96,2025-03-19,2025-03-19,5,On Time,Fulfilled,0,0
O002231,2025-12-14,East,P0007,S010,4,85.99,343.96,2025-12-19,2025-12-19,5,On Time,Fulfilled,0,0
O002232,2025-11-02,East,P0048,S001,3,141.97,425.91,2025-11-04,2025-11-05,3,Late,Fulfilled,0,1
O002233,2025-08-20,West,P0049,S004,4,224.76,899.04,2025-08-23,2025-08-22,2,On Time,Fulfilled,0,0
O002234,2025-04-29,Central,P0007,S010,6,85.99,515.94,2025-05-03,2025-05-04,5,Late,Fulfilled,0,1
O002235,2025-03-22,Central,P0012,S001,1,86.98,86.98,2025-03-26,2025-03-26,4,On Time,Fulfilled,0,0
O002236,2025-08-01,East,P0018,S007,7,79.76,558.32,2025-08-06,2025-08-06,5,On Time,Fulfilled,0,0
O002237,2025-05-12,East,P0036,S001,4,98.04,392.16,2025-05-17,2025-05-18,6,Late,Fulfilled,0,1
O002238,2025-06-14,South,P0004,S001,6,209.94,1259.64,2025-06-20,2025-06-21,7,Late,Fulfilled,0,1
O002239,2025-02-09,South,P0014,S007,5,195.03,975.15,2025-02-15,2025-02-16,7,Late,Fulfilled,0,1
O002240,2025-08-18,West,P0019,S010,4,269.79,1079.16,2025-08-20,2025-08-19,1,On Time,Fulfilled,0,0
O002241,2025-12-25,South,P0029,S004,7,76.33,534.31,2025-12-30,2025-12-29,4,On Time,Fulfilled,0,0
O002242,2025-11-05,East,P0051,S010,5,159.11,795.55,2025-11-09,2025-11-08,3,On Time,Fulfilled,0,0
O002243,2025-03-30,Central,P0006,S007,7,73.03,511.21,2025-04-04,2025-04-03,4,On Time,Fulfilled,0,0
O002244,2025-04-04,West,P0024,S001,2,64.9,129.8,2025-04-09,2025-04-08,4,On Time,Fulfilled,0,0
O002245,2025-09-02,Central,P0018,S007,3,79.76,239.28,2025-09-07,2025-09-08,6,Late,Fulfilled,0,1
O002246,2025-11-24,North,P0029,S004,3,76.33,228.99,2025-11-29,2025-11-28,4,On Time,Fulfilled,0,0
O002247,2025-01-01,East,P0032,S001,5,166.64,833.2,2025-01-06,2025-01-06,5,On Time,Fulfilled,0,0
O002248,2025-10-29,East,P0054,S007,1,261.11,261.11,2025-10-31,2025-10-30,1,On Time,Fulfilled,0,0
O002249,2025-01-29,South,P0014,S007,7,195.03,1365.21,2025-02-01,2025-02-01,3,On Time,Fulfilled,0,0
O002250,2025-10-27,North,P0026,S007,2,250.97,501.94,2025-10-31,2025-10-30,3,On Time,Fulfilled,0,0
O002251,2025-09-24,East,P0003,S010,5,294.12,1470.6,2025-09-28,2025-09-27,3,On Time,Fulfilled,0,0
O002252,2025-04-11,West,P0052,S001,1,57.76,57.76,2025-04-17,2025-04-22,11,Late,Fulfilled,0,1
O002253,2025-12-21,North,P0034,S007,3,263.25,789.75,2025-12-23,2025-12-23,2,On Time,Fulfilled,0,0
O002254,2025-09-30,East,P0048,S001,4,141.97,567.88,2025-10-06,2025-10-07,7,Late,Fulfilled,0,1
O002255,2025-10-24,East,P0046,S007,4,225.07,900.28,2025-10-28,2025-10-28,4,On Time,Fulfilled,0,0
O002256,2025-02-08,North,P0057,S004,1,302.85,302.85,2025-02-13,2025-02-14,6,Late,Fulfilled,0,1
O002257,2025-01-31,North,P0006,S007,3,73.03,219.09,2025-02-05,2025-02-07,7,Late,Fulfilled,0,1
O002258,2025-10-15,West,P0019,S010,2,269.79,539.58,2025-10-19,2025-10-20,5,Late,Fulfilled,0,1
O002259,2025-07-14,South,P0017,S004,4,179.09,716.36,2025-07-19,2025-07-22,8,Late,Fulfilled,0,1
O002260,2025-03-23,South,P0056,S001,6,210.07,1260.42,2025-03-27,2025-03-28,5,Late,Fulfilled,0,1
O002261,2025-09-09,South,P0056,S001,8,210.07,1680.56,2025-09-15,2025-09-16,7,Late,Fulfilled,0,1
O002262,2025-02-06,North,P0035,S010,8,211.82,1694.56,2025-02-08,2025-02-07,1,On Time,Fulfilled,0,0
O002263,2025-05-25,East,P0038,S007,3,97.26,291.78,2025-05-27,2025-05-26,1,On Time,Fulfilled,0,0
O002264,2025-10-17,East,P0032,S001,4,166.64,666.56,2025-10-19,2025-10-19,2,On Time,Fulfilled,0,0
O002265,2025-11-16,East,P0023,S010,6,93.63,561.78,2025-11-22,2025-11-22,6,On Time,Fulfilled,0,0
O002266,2025-02-21,East,P0016,S001,4,140.21,560.84,2025-02-23,2025-02-22,1,On Time,Fulfilled,0,0
O002267,2025-07-04,North,P0054,S007,7,261.11,1827.77,2025-07-09,2025-07-09,5,On Time,Fulfilled,0,0
O002268,2025-02-07,East,P0041,S004,5,162.16,810.8,2025-02-13,2025-02-13,6,On Time,Fulfilled,0,0
O002269,2025-07-27,Central,P0020,S001,4,148.59,594.36,2025-07-29,2025-08-01,5,Late,Returned,1,1
O002270,2025-11-06,East,P0037,S004,6,84.71,508.26,2025-11-10,2025-11-11,5,Late,Fulfilled,0,1
O002271,2025-01-09,East,P0060,S001,2,118.33,236.66,2025-01-11,2025-01-10,1,On Time,Fulfilled,0,0
O002272,2025-10-23,East,P0005,S004,6,247.38,1484.28,2025-10-28,2025-10-29,6,Late,Fulfilled,0,1
O002273,2025-01-19,South,P0022,S007,6,174.48,1046.88,2025-01-25,2025-01-25,6,On Time,Fulfilled,0,0
O002274,2025-01-24,West,P0026,S007,3,250.97,752.91,2025-01-28,2025-01-28,4,On Time,Fulfilled,0,0
O002275,2025-10-24,South,P0028,S001,7,123.49,864.43,2025-10-27,2025-10-28,4,Late,Fulfilled,0,1
O002276,2025-10-09,West,P0032,S001,4,166.64,666.56,2025-10-15,2025-10-14,5,On Time,Fulfilled,0,0
O002277,2025-10-19,North,P0021,S004,7,179.24,1254.68,2025-10-22,2025-10-21,2,On Time,Fulfilled,0,0
O002278,2025-11-02,West,P0032,S001,7,166.64,1166.48,2025-11-05,2025-11-09,7,Late,Fulfilled,0,1
O002279,2025-04-30,Central,P0031,S010,6,75.12,450.72,2025-05-06,2025-05-05,5,On Time,Returned,1,0
O002280,2025-11-29,West,P0059,S010,3,209.28,627.84,2025-12-01,2025-12-02,3,Late,Fulfilled,0,1
O002281,2025-04-29,South,P0029,S004,8,76.33,610.64,2025-05-02,2025-05-02,3,On Time,Fulfilled,0,0
O002282,2025-12-19,East,P0048,S001,4,141.97,567.88,2025-12-25,2025-12-26,7,Late,Fulfilled,0,1
O002283,2025-07-30,West,P0013,S004,6,290.72,1744.32,2025-08-05,2025-08-04,5,On Time,Fulfilled,0,0
O002284,2025-02-03,South,P0050,S007,7,37.5,262.5,2025-02-09,2025-02-09,6,On Time,Fulfilled,0,0
O002285,2025-11-12,East,P0012,S001,7,86.98,608.86,2025-11-14,2025-11-14,2,On Time,Fulfilled,0,0
O002286,2025-08-01,North,P0059,S010,2,209.28,418.56,2025-08-07,2025-08-11,10,Late,Fulfilled,0,1
O002287,2025-03-11,West,P0019,S010,2,269.79,539.58,2025-03-17,2025-03-16,5,On Time,Fulfilled,0,0
O002288,2025-03-09,South,P0058,S007,1,66.02,66.02,2025-03-12,2025-03-11,2,On Time,Fulfilled,0,0
O002289,2025-12-19,East,P0016,S001,5,140.21,701.05,2025-12-25,2025-12-25,6,On Time,Fulfilled,0,0
O002290,2025-06-21,East,P0037,S004,7,84.71,592.97,2025-06-26,2025-07-02,11,Late,Fulfilled,0,1
O002291,2025-02-14,East,P0027,S010,4,275.2,1100.8,2025-02-16,2025-02-22,8,Late,Fulfilled,0,1
O002292,2025-06-22,East,P0019,S010,2,269.79,539.58,2025-06-26,2025-06-26,4,On Time,Returned,1,0
O002293,2025-06-09,West,P0047,S010,8,108.12,864.96,2025-06-14,2025-06-13,4,On Time,Fulfilled,0,0
O002294,2025-04-03,East,P0044,S001,4,281.48,1125.92,2025-04-08,2025-04-09,6,Late,Returned,1,1
O002295,2025-03-06,North,P0058,S007,2,66.02,132.04,2025-03-11,2025-03-12,6,Late,Fulfilled,0,1
O002296,2025-05-10,West,P0029,S004,5,76.33,381.65,2025-05-12,2025-05-11,1,On Time,Fulfilled,0,0
O002297,2025-03-23,East,P0049,S004,5,224.76,1123.8,2025-03-28,2025-03-31,8,Late,Fulfilled,0,1
O002298,2025-02-20,West,P0020,S001,3,148.59,445.77,2025-02-22,2025-02-21,1,On Time,Fulfilled,0,0
O002299,2025-01-27,North,P0037,S004,3,84.71,254.13,2025-02-02,2025-02-01,5,On Time,Fulfilled,0,0
O002300,2025-07-27,North,P0052,S001,4,57.76,231.04,2025-07-30,2025-08-02,6,Late,Fulfilled,0,1
O002301,2025-03-23,North,P0006,S007,3,73.03,219.09,2025-03-26,2025-03-25,2,On Time,Fulfilled,0,0
O002302,2025-08-27,West,P0003,S010,5,294.12,1470.6,2025-09-01,2025-09-01,5,On Time,Returned,1,0
O002303,2025-01-22,South,P0031,S010,4,75.12,300.48,2025-01-24,2025-01-25,3,Late,Fulfilled,0,1
O002304,2025-11-24,Central,P0005,S004,1,247.38,247.38,2025-11-30,2025-12-01,7,Late,Fulfilled,0,1
O002305,2025-01-16,West,P0021,S004,4,179.24,716.96,2025-01-20,2025-01-19,3,On Time,Fulfilled,0,0
O002306,2025-10-01,East,P0034,S007,6,263.25,1579.5,2025-10-03,2025-10-03,2,On Time,Fulfilled,0,0
O002307,2025-01-11,West,P0026,S007,5,250.97,1254.85,2025-01-13,2025-01-14,3,Late,Fulfilled,0,1
O002308,2025-10-25,East,P0034,S007,8,263.25,2106.0,2025-10-28,2025-10-29,4,Late,Fulfilled,0,1
O002309,2025-02-10,West,P0015,S010,7,312.58,2188.06,2025-02-15,2025-02-14,4,On Time,Fulfilled,0,0
O002310,2025-01-09,North,P0035,S010,2,211.82,423.64,2025-01-11,2025-01-11,2,On Time,Fulfilled,0,0
O002311,2025-11-03,East,P0044,S001,5,281.48,1407.4,2025-11-08,2025-11-10,7,Late,Fulfilled,0,1
O002312,2025-01-30,Central,P0008,S001,5,158.77,793.85,2025-02-03,2025-02-09,10,Late,Fulfilled,0,1
O002313,2025-05-31,East,P0024,S001,5,64.9,324.5,2025-06-05,2025-06-05,5,On Time,Fulfilled,0,0
O002314,2025-01-09,South,P0004,S001,2,209.94,419.88,2025-01-11,2025-01-11,2,On Time,Fulfilled,0,0
O002315,2025-08-06,North,P0026,S007,3,250.97,752.91,2025-08-12,2025-08-12,6,On Time,Fulfilled,0,0
O002316,2025-10-21,South,P0004,S001,4,209.94,839.76,2025-10-27,2025-10-28,7,Late,Fulfilled,0,1
O002317,2025-01-29,East,P0049,S004,1,224.76,224.76,2025-01-31,2025-01-30,1,On Time,Fulfilled,0,0
O002318,2025-06-13,South,P0033,S004,7,183.37,1283.59,2025-06-18,2025-06-19,6,Late,Fulfilled,0,1
O002319,2025-11-11,South,P0007,S010,8,85.99,687.92,2025-11-17,2025-11-17,6,On Time,Fulfilled,0,0
O002320,2025-06-28,North,P0050,S007,7,37.5,262.5,2025-07-03,2025-07-03,5,On Time,Fulfilled,0,0
O002321,2025-08-19,Central,P0015,S010,5,312.58,1562.9,2025-08-21,2025-08-20,1,On Time,Fulfilled,0,0
O002322,2025-04-28,West,P0001,S004,4,289.3,1157.2,2025-05-01,2025-05-01,3,On Time,Fulfilled,0,0
O002323,2025-07-25,West,P0016,S001,3,140.21,420.63,2025-07-31,2025-08-01,7,Late,Fulfilled,0,1
O002324,2025-03-05,Central,P0024,S001,6,64.9,389.4,2025-03-07,2025-03-08,3,Late,Fulfilled,0,1
O002325,2025-09-03,West,P0041,S004,4,162.16,648.64,2025-09-08,2025-09-09,6,Late,Fulfilled,0,1
O002326,2025-02-27,West,P0059,S010,3,209.28,627.84,2025-03-03,2025-03-03,4,On Time,Returned,1,0
O002327,2025-05-26,East,P0037,S004,7,84.71,592.97,2025-05-28,2025-05-28,2,On Time,Fulfilled,0,0
O002328,2025-08-11,North,P0022,S007,8,174.48,1395.84,2025-08-15,2025-08-15,4,On Time,Fulfilled,0,0
O002329,2025-06-04,North,P0046,S007,4,225.07,900.28,2025-06-07,2025-06-08,4,Late,Fulfilled,0,1
O002330,2025-03-31,West,P0033,S004,6,183.37,1100.22,2025-04-06,2025-04-07,7,Late,Fulfilled,0,1
O002331,2025-06-21,East,P0005,S004,7,247.38,1731.66,2025-06-25,2025-06-26,5,Late,Fulfilled,0,1
O002332,2025-08-31,East,P0014,S007,4,195.03,780.12,2025-09-06,2025-09-05,5,On Time,Fulfilled,0,0
O002333,2025-09-22,North,P0052,S001,4,57.76,231.04,2025-09-28,2025-09-28,6,On Time,Fulfilled,0,0
O002334,2025-07-09,Central,P0044,S001,1,281.48,281.48,2025-07-11,2025-07-10,1,On Time,Fulfilled,0,0
O002335,2025-11-21,South,P0011,S010,3,132.12,396.36,2025-11-23,2025-11-24,3,Late,Fulfilled,0,1
O002336,2025-09-02,East,P0020,S001,6,148.59,891.54,2025-09-07,2025-09-13,11,Late,Fulfilled,0,1
O002337,2025-05-04,North,P0047,S010,6,108.12,648.72,2025-05-08,2025-05-08,4,On Time,Fulfilled,0,0
O002338,2025-08-18,South,P0014,S007,4,195.03,780.12,2025-08-24,2025-08-24,6,On Time,Fulfilled,0,0
O002339,2025-04-22,South,P0021,S004,4,179.24,716.96,2025-04-24,2025-04-23,1,On Time,Returned,1,0
O002340,2025-01-01,East,P0030,S007,7,299.53,2096.71,2025-01-07,2025-01-07,6,On Time,Fulfilled,0,0
O002341,2025-03-30,Central,P0028,S001,1,123.49,123.49,2025-04-05,2025-04-07,8,Late,Returned,1,1
O002342,2025-10-07,North,P0043,S010,4,254.39,1017.56,2025-10-13,2025-10-12,5,On Time,Fulfilled,0,0
O002343,2025-01-13,East,P0005,S004,6,247.38,1484.28,2025-01-17,2025-01-16,3,On Time,Fulfilled,0,0
O002344,2025-09-19,North,P0007,S010,2,85.99,171.98,2025-09-21,2025-09-20,1,On Time,Fulfilled,0,0
O002345,2025-07-13,South,P0024,S001,5,64.9,324.5,2025-07-17,2025-07-16,3,On Time,Fulfilled,0,0
O002346,2025-08-24,East,P0033,S004,3,183.37,550.11,2025-08-30,2025-08-31,7,Late,Fulfilled,0,1
O002347,2025-01-05,East,P0047,S010,4,108.12,432.48,2025-01-07,2025-01-13,8,Late,Fulfilled,0,1
O002348,2025-12-16,West,P0045,S004,1,109.48,109.48,2025-12-18,2025-12-17,1,On Time,Fulfilled,0,0
O002349,2025-08-27,South,P0023,S010,2,93.63,187.26,2025-08-29,2025-08-28,1,On Time,Fulfilled,0,0
O002350,2025-05-14,North,P0041,S004,8,162.16,1297.28,2025-05-17,2025-05-16,2,On Time,Fulfilled,0,0
O002351,2025-09-12,West,P0024,S001,1,64.9,64.9,2025-09-18,2025-09-17,5,On Time,Fulfilled,0,0
O002352,2025-07-25,West,P0052,S001,5,57.76,288.8,2025-07-28,2025-07-29,4,Late,Fulfilled,0,1
O002353,2025-10-17,Central,P0008,S001,2,158.77,317.54,2025-10-19,2025-10-19,2,On Time,Fulfilled,0,0
O002354,2025-06-30,Central,P0045,S004,4,109.48,437.92,2025-07-05,2025-07-04,4,On Time,Returned,1,0
O002355,2025-07-10,Central,P0060,S001,1,118.33,118.33,2025-07-14,2025-07-13,3,On Time,Returned,1,0
O002356,2025-03-01,North,P0051,S010,1,159.11,159.11,2025-03-06,2025-03-06,5,On Time,Fulfilled,0,0
O002357,2025-06-19,North,P0055,S010,6,76.46,458.76,2025-06-23,2025-06-28,9,Late,Fulfilled,0,1
O002358,2025-03-25,North,P0024,S001,1,64.9,64.9,2025-03-31,2025-04-01,7,Late,Fulfilled,0,1
O002359,2025-12-03,Central,P0060,S001,6,118.33,709.98,2025-12-05,2025-12-05,2,On Time,Fulfilled,0,0
O002360,2025-07-21,South,P0017,S004,2,179.09,358.18,2025-07-23,2025-07-24,3,Late,Fulfilled,0,1
O002361,2025-11-30,Central,P0009,S004,4,209.42,837.68,2025-12-04,2025-12-04,4,On Time,Fulfilled,0,0
O002362,2025-11-17,South,P0037,S004,5,84.71,423.55,2025-11-19,2025-11-19,2,On Time,Fulfilled,0,0
O002363,2025-04-19,West,P0011,S010,3,132.12,396.36,2025-04-25,2025-04-26,7,Late,Fulfilled,0,1
O002364,2025-09-11,West,P0056,S001,2,210.07,420.14,2025-09-14,2025-09-14,3,On Time,Fulfilled,0,0
O002365,2025-12-13,East,P0039,S010,5,71.46,357.3,2025-12-18,2025-12-23,10,Late,Fulfilled,0,1
O002366,2025-06-10,East,P0027,S010,8,275.2,2201.6,2025-06-15,2025-06-15,5,On Time,Fulfilled,0,0
O002367,2025-10-17,East,P0043,S010,4,254.39,1017.56,2025-10-23,2025-10-23,6,On Time,Returned,1,0
O002368,2025-01-31,West,P0019,S010,8,269.79,2158.32,2025-02-02,2025-02-02,2,On Time,Fulfilled,0,0
O002369,2025-07-30,North,P0036,S001,6,98.04,588.24,2025-08-04,2025-08-03,4,On Time,Fulfilled,0,0
O002370,2025-04-25,Central,P0009,S004,8,209.42,1675.36,2025-04-28,2025-04-29,4,Late,Fulfilled,0,1
O002371,2025-05-13,West,P0026,S007,3,250.97,752.91,2025-05-19,2025-05-19,6,On Time,Returned,1,0
O002372,2025-01-03,Central,P0052,S001,8,57.76,462.08,2025-01-09,2025-01-08,5,On Time,Fulfilled,0,0
O002373,2025-03-03,West,P0038,S007,7,97.26,680.82,2025-03-05,2025-03-05,2,On Time,Fulfilled,0,0
O002374,2025-02-20,South,P0042,S007,4,315.31,1261.24,2025-02-23,2025-02-27,7,Late,Fulfilled,0,1
O002375,2025-04-30,North,P0043,S010,1,254.39,254.39,2025-05-02,2025-05-02,2,On Time,Fulfilled,0,0
O002376,2025-12-12,East,P0037,S004,5,84.71,423.55,2025-12-18,2025-12-18,6,On Time,Fulfilled,0,0
O002377,2025-05-27,East,P0019,S010,2,269.79,539.58,2025-06-02,2025-06-02,6,On Time,Fulfilled,0,0
O002378,2025-08-13,West,P0019,S010,1,269.79,269.79,2025-08-16,2025-08-16,3,On Time,Fulfilled,0,0
O002379,2025-05-22,Central,P0047,S010,5,108.12,540.6,2025-05-24,2025-05-25,3,Late,Fulfilled,0,1
O002380,2025-10-12,South,P0023,S010,4,93.63,374.52,2025-10-18,2025-10-19,7,Late,Returned,1,1
O002381,2025-06-03,South,P0009,S004,4,209.42,837.68,2025-06-09,2025-06-15,12,Late,Fulfilled,0,1
O002382,2025-12-05,East,P0038,S007,2,97.26,194.52,2025-12-08,2025-12-07,2,On Time,Fulfilled,0,0
O002383,2025-02-01,East,P0001,S004,2,289.3,578.6,2025-02-04,2025-02-04,3,On Time,Fulfilled,0,0
O002384,2025-04-21,East,P0041,S004,5,162.16,810.8,2025-04-24,2025-04-24,3,On Time,Fulfilled,0,0
O002385,2025-10-26,Central,P0043,S010,5,254.39,1271.95,2025-10-28,2025-10-27,1,On Time,Fulfilled,0,0
O002386,2025-08-03,South,P0026,S007,7,250.97,1756.79,2025-08-06,2025-08-10,7,Late,Fulfilled,0,1
O002387,2025-02-20,South,P0003,S010,7,294.12,2058.84,2025-02-22,2025-02-23,3,Late,Fulfilled,0,1
O002388,2025-07-06,East,P0056,S001,6,210.07,1260.42,2025-07-12,2025-07-12,6,On Time,Fulfilled,0,0
O002389,2025-12-06,West,P0024,S001,6,64.9,389.4,2025-12-09,2025-12-10,4,Late,Fulfilled,0,1
O002390,2025-11-21,South,P0036,S001,5,98.04,490.2,2025-11-26,2025-11-25,4,On Time,Fulfilled,0,0
O002391,2025-04-18,South,P0012,S001,5,86.98,434.9,2025-04-22,2025-04-22,4,On Time,Fulfilled,0,0
O002392,2025-04-27,West,P0008,S001,6,158.77,952.62,2025-04-29,2025-04-28,1,On Time,Fulfilled,0,0
O002393,2025-08-23,North,P0012,S001,5,86.98,434.9,2025-08-29,2025-08-28,5,On Time,Fulfilled,0,0
O002394,2025-03-21,East,P0031,S010,1,75.12,75.12,2025-03-24,2025-03-29,8,Late,Fulfilled,0,1
O002395,2025-01-31,East,P0008,S001,3,158.77,476.31,2025-02-04,2025-02-05,5,Late,Fulfilled,0,1
O002396,2025-03-29,Central,P0008,S001,2,158.77,317.54,2025-03-31,2025-03-30,1,On Time,Fulfilled,0,0
O002397,2025-01-29,Central,P0029,S004,4,76.33,305.32,2025-02-02,2025-02-02,4,On Time,Fulfilled,0,0
O002398,2025-07-23,Central,P0034,S007,4,263.25,1053.0,2025-07-27,2025-07-28,5,Late,Fulfilled,0,1
O002399,2025-10-30,East,P0011,S010,5,132.12,660.6,2025-11-04,2025-11-04,5,On Time,Fulfilled,0,0
O002400,2025-01-29,West,P0058,S007,1,66.02,66.02,2025-02-04,2025-02-07,9,Late,Fulfilled,0,1
O002401,2025-05-26,North,P0016,S001,7,140.21,981.47,2025-05-29,2025-05-28,2,On Time,Fulfilled,0,0
O002402,2025-08-20,East,P0010,S007,1,101.15,101.15,2025-08-25,2025-08-26,6,Late,Fulfilled,0,1
O002403,2025-10-27,West,P0008,S001,1,158.77,158.77,2025-10-29,2025-10-30,3,Late,Fulfilled,0,1
O002404,2025-08-18,Central,P0032,S001,8,166.64,1333.12,2025-08-23,2025-08-24,6,Late,Fulfilled,0,1
O002405,2025-07-17,West,P0056,S001,2,210.07,420.14,2025-07-22,2025-07-21,4,On Time,Fulfilled,0,0
O002406,2025-07-19,South,P0017,S004,1,179.09,179.09,2025-07-25,2025-07-24,5,On Time,Returned,1,0
O002407,2025-04-06,North,P0057,S004,6,302.85,1817.1,2025-04-10,2025-04-13,7,Late,Fulfilled,0,1
O002408,2025-06-07,South,P0052,S001,7,57.76,404.32,2025-06-09,2025-06-15,8,Late,Fulfilled,0,1
O002409,2025-12-30,West,P0001,S004,7,289.3,2025.1,2026-01-04,2026-01-04,5,On Time,Fulfilled,0,0
O002410,2025-03-25,North,P0025,S004,1,171.85,171.85,2025-03-31,2025-03-30,5,On Time,Fulfilled,0,0
O002411,2025-05-02,South,P0037,S004,5,84.71,423.55,2025-05-04,2025-05-05,3,Late,Fulfilled,0,1
O002412,2025-04-01,Central,P0001,S004,8,289.3,2314.4,2025-04-05,2025-04-04,3,On Time,Fulfilled,0,0
O002413,2025-04-15,Central,P0036,S001,2,98.04,196.08,2025-04-20,2025-04-21,6,Late,Fulfilled,0,1
O002414,2025-11-18,West,P0058,S007,8,66.02,528.16,2025-11-22,2025-11-21,3,On Time,Fulfilled,0,0
O002415,2025-12-14,Central,P0020,S001,5,148.59,742.95,2025-12-20,2025-12-21,7,Late,Fulfilled,0,1
O002416,2025-06-12,Central,P0037,S004,2,84.71,169.42,2025-06-17,2025-06-18,6,Late,Fulfilled,0,1
O002417,2025-06-25,South,P0025,S004,1,171.85,171.85,2025-06-30,2025-06-30,5,On Time,Fulfilled,0,0
O002418,2025-01-12,West,P0015,S010,7,312.58,2188.06,2025-01-17,2025-01-16,4,On Time,Returned,1,0
O002419,2025-11-05,Central,P0008,S001,3,158.77,476.31,2025-11-07,2025-11-08,3,Late,Fulfilled,0,1
O002420,2025-02-28,South,P0036,S001,5,98.04,490.2,2025-03-04,2025-03-03,3,On Time,Fulfilled,0,0
O002421,2025-03-03,North,P0003,S010,2,294.12,588.24,2025-03-09,2025-03-15,12,Late,Fulfilled,0,1
O002422,2025-06-12,Central,P0052,S001,8,57.76,462.08,2025-06-16,2025-06-15,3,On Time,Fulfilled,0,0
O002423,2025-09-27,North,P0031,S010,3,75.12,225.36,2025-10-03,2025-10-03,6,On Time,Fulfilled,0,0
O002424,2025-04-21,East,P0036,S001,4,98.04,392.16,2025-04-27,2025-04-27,6,On Time,Returned,1,0
O002425,2025-10-10,North,P0015,S010,3,312.58,937.74,2025-10-14,2025-10-15,5,Late,Fulfilled,0,1
O002426,2025-10-31,South,P0029,S004,2,76.33,152.66,2025-11-02,2025-11-03,3,Late,Fulfilled,0,1
O002427,2025-08-03,Central,P0006,S007,8,73.03,584.24,2025-08-09,2025-08-08,5,On Time,Fulfilled,0,0
O002428,2025-06-13,South,P0049,S004,4,224.76,899.04,2025-06-15,2025-06-14,1,On Time,Fulfilled,0,0
O002429,2025-07-13,South,P0032,S001,8,166.64,1333.12,2025-07-18,2025-07-19,6,Late,Fulfilled,0,1
O002430,2025-04-06,West,P0044,S001,8,281.48,2251.84,2025-04-08,2025-04-09,3,Late,Fulfilled,0,1
O002431,2025-06-22,South,P0048,S001,2,141.97,283.94,2025-06-27,2025-06-26,4,On Time,Fulfilled,0,0
O002432,2025-06-08,South,P0054,S007,4,261.11,1044.44,2025-06-11,2025-06-10,2,On Time,Fulfilled,0,0
O002433,2025-09-18,South,P0060,S001,6,118.33,709.98,2025-09-22,2025-09-22,4,On Time,Fulfilled,0,0
O002434,2025-07-12,North,P0016,S001,8,140.21,1121.68,2025-07-15,2025-07-16,4,Late,Fulfilled,0,1
O002435,2025-10-25,North,P0045,S004,7,109.48,766.36,2025-10-29,2025-10-30,5,Late,Fulfilled,0,1
O002436,2025-08-22,South,P0040,S001,6,216.21,1297.26,2025-08-27,2025-08-27,5,On Time,Fulfilled,0,0
O002437,2025-08-16,Central,P0004,S001,8,209.94,1679.52,2025-08-21,2025-08-25,9,Late,Fulfilled,0,1
O002438,2025-07-26,East,P0048,S001,8,141.97,1135.76,2025-07-29,2025-07-30,4,Late,Fulfilled,0,1
O002439,2025-09-21,North,P0038,S007,5,97.26,486.3,2025-09-23,2025-09-23,2,On Time,Fulfilled,0,0
O002440,2025-10-20,South,P0019,S010,8,269.79,2158.32,2025-10-25,2025-10-25,5,On Time,Returned,1,0
O002441,2025-11-21,Central,P0058,S007,7,66.02,462.14,2025-11-26,2025-11-25,4,On Time,Fulfilled,0,0
O002442,2025-02-06,North,P0010,S007,2,101.15,202.3,2025-02-09,2025-02-08,2,On Time,Fulfilled,0,0
O002443,2025-08-24,North,P0044,S001,3,281.48,844.44,2025-08-29,2025-08-29,5,On Time,Fulfilled,0,0
O002444,2025-02-14,West,P0047,S010,1,108.12,108.12,2025-02-17,2025-02-16,2,On Time,Fulfilled,0,0
O002445,2025-03-05,South,P0032,S001,4,166.64,666.56,2025-03-09,2025-03-08,3,On Time,Fulfilled,0,0
O002446,2025-11-25,West,P0020,S001,4,148.59,594.36,2025-12-01,2025-12-01,6,On Time,Returned,1,0
O002447,2025-06-28,South,P0018,S007,2,79.76,159.52,2025-07-04,2025-07-09,11,Late,Fulfilled,0,1
O002448,2025-06-12,West,P0008,S001,5,158.77,793.85,2025-06-18,2025-06-18,6,On Time,Fulfilled,0,0
O002449,2025-01-24,South,P0012,S001,7,86.98,608.86,2025-01-29,2025-01-30,6,Late,Fulfilled,0,1
O002450,2025-04-04,Central,P0055,S010,5,76.46,382.3,2025-04-10,2025-04-10,6,On Time,Fulfilled,0,0
O002451,2025-01-03,South,P0040,S001,7,216.21,1513.47,2025-01-09,2025-01-10,7,Late,Returned,1,1
O002452,2025-12-29,Central,P0057,S004,5,302.85,1514.25,2026-01-01,2026-01-06,8,Late,Fulfilled,0,1
O002453,2025-12-16,North,P0028,S001,3,123.49,370.47,2025-12-19,2025-12-19,3,On Time,Fulfilled,0,0
O002454,2025-11-11,South,P0038,S007,1,97.26,97.26,2025-11-14,2025-11-15,4,Late,Fulfilled,0,1
O002455,2025-06-30,North,P0010,S007,3,101.15,303.45,2025-07-04,2025-07-05,5,Late,Fulfilled,0,1
O002456,2025-09-07,East,P0023,S010,6,93.63,561.78,2025-09-09,2025-09-10,3,Late,Fulfilled,0,1
O002457,2025-07-10,East,P0013,S004,4,290.72,1162.88,2025-07-16,2025-07-15,5,On Time,Fulfilled,0,0
O002458,2025-05-15,South,P0012,S001,3,86.98,260.94,2025-05-17,2025-05-16,1,On Time,Returned,1,0
O002459,2025-10-18,North,P0023,S010,7,93.63,655.41,2025-10-20,2025-10-19,1,On Time,Fulfilled,0,0
O002460,2025-06-12,North,P0029,S004,4,76.33,305.32,2025-06-15,2025-06-16,4,Late,Returned,1,1
O002461,2025-03-03,West,P0031,S010,4,75.12,300.48,2025-03-06,2025-03-05,2,On Time,Fulfilled,0,0
O002462,2025-01-24,East,P0021,S004,8,179.24,1433.92,2025-01-27,2025-01-26,2,On Time,Fulfilled,0,0
O002463,2025-03-11,South,P0026,S007,6,250.97,1505.82,2025-03-14,2025-03-14,3,On Time,Fulfilled,0,0
O002464,2025-12-25,South,P0009,S004,6,209.42,1256.52,2025-12-28,2025-12-27,2,On Time,Fulfilled,0,0
O002465,2025-08-17,West,P0021,S004,1,179.24,179.24,2025-08-19,2025-08-20,3,Late,Fulfilled,0,1
O002466,2025-06-26,Central,P0054,S007,3,261.11,783.33,2025-07-02,2025-07-01,5,On Time,Fulfilled,0,0
O002467,2025-10-02,South,P0004,S001,2,209.94,419.88,2025-10-04,2025-10-03,1,On Time,Fulfilled,0,0
O002468,2025-02-13,North,P0021,S004,8,179.24,1433.92,2025-02-19,2025-02-19,6,On Time,Fulfilled,0,0
O002469,2025-06-26,West,P0054,S007,3,261.11,783.33,2025-06-29,2025-06-30,4,Late,Fulfilled,0,1
O002470,2025-09-18,East,P0029,S004,4,76.33,305.32,2025-09-20,2025-09-22,4,Late,Fulfilled,0,1
O002471,2025-12-14,South,P0020,S001,3,148.59,445.77,2025-12-20,2025-12-20,6,On Time,Fulfilled,0,0
O002472,2025-11-12,South,P0043,S010,7,254.39,1780.73,2025-11-17,2025-11-18,6,Late,Fulfilled,0,1
O002473,2025-09-07,Central,P0011,S010,7,132.12,924.84,2025-09-12,2025-09-11,4,On Time,Fulfilled,0,0
O002474,2025-03-30,West,P0034,S007,3,263.25,789.75,2025-04-02,2025-04-02,3,On Time,Fulfilled,0,0
O002475,2025-03-07,South,P0008,S001,2,158.77,317.54,2025-03-13,2025-03-14,7,Late,Fulfilled,0,1
O002476,2025-08-03,East,P0042,S007,5,315.31,1576.55,2025-08-09,2025-08-08,5,On Time,Fulfilled,0,0
O002477,2025-12-06,East,P0033,S004,5,183.37,916.85,2025-12-12,2025-12-14,8,Late,Fulfilled,0,1
O002478,2025-04-22,North,P0038,S007,6,97.26,583.56,2025-04-25,2025-04-25,3,On Time,Fulfilled,0,0
O002479,2025-11-05,East,P0021,S004,6,179.24,1075.44,2025-11-10,2025-11-10,5,On Time,Fulfilled,0,0
O002480,2025-06-28,South,P0060,S001,3,118.33,354.99,2025-06-30,2025-07-01,3,Late,Fulfilled,0,1
O002481,2025-03-14,East,P0034,S007,8,263.25,2106.0,2025-03-17,2025-03-18,4,Late,Fulfilled,0,1
O002482,2025-07-10,West,P0014,S007,5,195.03,975.15,2025-07-12,2025-07-11,1,On Time,Fulfilled,0,0
O002483,2025-09-23,South,P0039,S010,8,71.46,571.68,2025-09-26,2025-09-26,3,On Time,Fulfilled,0,0
O002484,2025-03-10,North,P0052,S001,2,57.76,115.52,2025-03-13,2025-03-13,3,On Time,Fulfilled,0,0
O002485,2025-05-12,North,P0056,S001,3,210.07,630.21,2025-05-17,2025-05-17,5,On Time,Fulfilled,0,0
O002486,2025-10-08,East,P0022,S007,8,174.48,1395.84,2025-10-10,2025-10-09,1,On Time,Fulfilled,0,0
O002487,2025-11-19,North,P0028,S001,3,123.49,370.47,2025-11-21,2025-11-21,2,On Time,Fulfilled,0,0
O002488,2025-12-30,East,P0018,S007,7,79.76,558.32,2026-01-04,2026-01-05,6,Late,Fulfilled,0,1
O002489,2025-01-12,Central,P0015,S010,1,312.58,312.58,2025-01-18,2025-01-22,10,Late,Fulfilled,0,1
O002490,2025-05-06,East,P0050,S007,2,37.5,75.0,2025-05-11,2025-05-12,6,Late,Fulfilled,0,1
O002491,2025-07-15,West,P0052,S001,7,57.76,404.32,2025-07-21,2025-07-20,5,On Time,Returned,1,0
O002492,2025-12-28,West,P0005,S004,7,247.38,1731.66,2026-01-01,2026-01-01,4,On Time,Fulfilled,0,0
O002493,2025-06-06,North,P0043,S010,7,254.39,1780.73,2025-06-08,2025-06-09,3,Late,Fulfilled,0,1
O002494,2025-09-11,East,P0039,S010,4,71.46,285.84,2025-09-14,2025-09-15,4,Late,Fulfilled,0,1
O002495,2025-12-19,North,P0056,S001,8,210.07,1680.56,2025-12-22,2025-12-22,3,On Time,Fulfilled,0,0
O002496,2025-03-10,Central,P0056,S001,2,210.07,420.14,2025-03-14,2025-03-14,4,On Time,Fulfilled,0,0
O002497,2025-06-09,North,P0006,S007,7,73.03,511.21,2025-06-12,2025-06-11,2,On Time,Fulfilled,0,0
O002498,2025-07-12,East,P0004,S001,5,209.94,1049.7,2025-07-16,2025-07-17,5,Late,Fulfilled,0,1
O002499,2025-12-23,Central,P0051,S010,8,159.11,1272.88,2025-12-26,2025-12-26,3,On Time,Fulfilled,0,0
O002500,2025-05-16,Central,P0012,S001,2,86.98,173.96,2025-05-18,2025-05-18,2,On Time,Fulfilled,0,0
O002501,2025-12-29,West,P0034,S007,2,263.25,526.5,2025-12-31,2025-12-30,1,On Time,Fulfilled,0,0
O002502,2025-12-01,South,P0056,S001,7,210.07,1470.49,2025-12-04,2025-12-05,4,Late,Fulfilled,0,1
O002503,2025-05-01,East,P0011,S010,8,132.12,1056.96,2025-05-04,2025-05-03,2,On Time,Fulfilled,0,0
O002504,2025-06-28,South,P0037,S004,3,84.71,254.13,2025-07-02,2025-07-01,3,On Time,Fulfilled,0,0
O002505,2025-04-09,East,P0054,S007,2,261.11,522.22,2025-04-15,2025-04-16,7,Late,Fulfilled,0,1
O002506,2025-06-23,East,P0047,S010,4,108.12,432.48,2025-06-26,2025-06-26,3,On Time,Fulfilled,0,0
O002507,2025-06-10,West,P0037,S004,2,84.71,169.42,2025-06-15,2025-06-15,5,On Time,Fulfilled,0,0
O002508,2025-12-14,North,P0059,S010,8,209.28,1674.24,2025-12-20,2025-12-19,5,On Time,Returned,1,0
O002509,2025-03-22,West,P0001,S004,2,289.3,578.6,2025-03-25,2025-03-26,4,Late,Fulfilled,0,1
O002510,2025-10-21,North,P0012,S001,4,86.98,347.92,2025-10-27,2025-10-26,5,On Time,Fulfilled,0,0
O002511,2025-02-03,Central,P0040,S001,6,216.21,1297.26,2025-02-08,2025-02-09,6,Late,Fulfilled,0,1
O002512,2025-11-04,West,P0031,S010,4,75.12,300.48,2025-11-09,2025-11-10,6,Late,Fulfilled,0,1
O002513,2025-09-21,South,P0017,S004,8,179.09,1432.72,2025-09-23,2025-09-23,2,On Time,Fulfilled,0,0
O002514,2025-08-11,East,P0036,S001,4,98.04,392.16,2025-08-14,2025-08-16,5,Late,Fulfilled,0,1
O002515,2025-11-30,South,P0025,S004,8,171.85,1374.8,2025-12-03,2025-12-02,2,On Time,Fulfilled,0,0
O002516,2025-08-20,North,P0015,S010,6,312.58,1875.48,2025-08-23,2025-08-24,4,Late,Fulfilled,0,1
O002517,2025-03-06,South,P0020,S001,4,148.59,594.36,2025-03-08,2025-03-08,2,On Time,Fulfilled,0,0
O002518,2025-11-23,West,P0023,S010,3,93.63,280.89,2025-11-27,2025-11-26,3,On Time,Fulfilled,0,0
O002519,2025-11-13,North,P0052,S001,2,57.76,115.52,2025-11-15,2025-11-15,2,On Time,Fulfilled,0,0
O002520,2025-11-17,West,P0005,S004,5,247.38,1236.9,2025-11-21,2025-11-21,4,On Time,Fulfilled,0,0
O002521,2025-09-02,West,P0050,S007,2,37.5,75.0,2025-09-08,2025-09-07,5,On Time,Fulfilled,0,0
O002522,2025-11-25,Central,P0040,S001,5,216.21,1081.05,2025-12-01,2025-12-03,8,Late,Fulfilled,0,1
O002523,2025-04-01,North,P0044,S001,4,281.48,1125.92,2025-04-06,2025-04-05,4,On Time,Fulfilled,0,0
O002524,2025-12-12,West,P0029,S004,2,76.33,152.66,2025-12-14,2025-12-13,1,On Time,Fulfilled,0,0
O002525,2025-07-10,Central,P0004,S001,4,209.94,839.76,2025-07-14,2025-07-14,4,On Time,Fulfilled,0,0
O002526,2025-10-02,Central,P0037,S004,8,84.71,677.68,2025-10-05,2025-10-05,3,On Time,Fulfilled,0,0
O002527,2025-04-19,East,P0015,S010,4,312.58,1250.32,2025-04-25,2025-04-26,7,Late,Fulfilled,0,1
O002528,2025-02-18,South,P0021,S004,1,179.24,179.24,2025-02-23,2025-02-23,5,On Time,Fulfilled,0,0
O002529,2025-01-28,Central,P0016,S001,5,140.21,701.05,2025-02-03,2025-02-02,5,On Time,Fulfilled,0,0
O002530,2025-08-29,South,P0050,S007,2,37.5,75.0,2025-09-03,2025-09-03,5,On Time,Fulfilled,0,0
O002531,2025-07-14,Central,P0009,S004,3,209.42,628.26,2025-07-20,2025-07-21,7,Late,Fulfilled,0,1
O002532,2025-06-17,South,P0050,S007,2,37.5,75.0,2025-06-21,2025-06-20,3,On Time,Fulfilled,0,0
O002533,2025-10-14,North,P0055,S010,5,76.46,382.3,2025-10-16,2025-10-19,5,Late,Fulfilled,0,1
O002534,2025-08-04,Central,P0017,S004,5,179.09,895.45,2025-08-08,2025-08-08,4,On Time,Fulfilled,0,0
O002535,2025-02-19,South,P0058,S007,6,66.02,396.12,2025-02-22,2025-02-23,4,Late,Fulfilled,0,1
O002536,2025-06-19,West,P0048,S001,4,141.97,567.88,2025-06-25,2025-06-25,6,On Time,Fulfilled,0,0
O002537,2025-06-21,South,P0010,S007,4,101.15,404.6,2025-06-23,2025-06-29,8,Late,Fulfilled,0,1
O002538,2025-09-16,North,P0001,S004,5,289.3,1446.5,2025-09-20,2025-09-19,3,On Time,Fulfilled,0,0
O002539,2025-02-25,North,P0002,S007,3,244.65,733.95,2025-02-27,2025-02-28,3,Late,Fulfilled,0,1
O002540,2025-06-04,North,P0019,S010,3,269.79,809.37,2025-06-10,2025-06-09,5,On Time,Fulfilled,0,0
O002541,2025-01-13,East,P0026,S007,5,250.97,1254.85,2025-01-17,2025-01-17,4,On Time,Fulfilled,0,0
O002542,2025-01-07,North,P0039,S010,1,71.46,71.46,2025-01-11,2025-01-11,4,On Time,Fulfilled,0,0
O002543,2025-05-26,South,P0059,S010,8,209.28,1674.24,2025-05-29,2025-05-30,4,Late,Fulfilled,0,1
O002544,2025-03-09,Central,P0018,S007,1,79.76,79.76,2025-03-15,2025-03-16,7,Late,Fulfilled,0,1
O002545,2025-01-28,Central,P0042,S007,3,315.31,945.93,2025-02-02,2025-02-02,5,On Time,Fulfilled,0,0
O002546,2025-04-28,South,P0053,S004,6,133.42,800.52,2025-04-30,2025-05-01,3,Late,Fulfilled,0,1
O002547,2025-01-09,West,P0044,S001,2,281.48,562.96,2025-01-13,2025-01-14,5,Late,Fulfilled,0,1
O002548,2025-10-24,South,P0054,S007,4,261.11,1044.44,2025-10-27,2025-10-26,2,On Time,Fulfilled,0,0
O002549,2025-12-14,North,P0044,S001,7,281.48,1970.36,2025-12-19,2025-12-20,6,Late,Fulfilled,0,1
O002550,2025-01-03,Central,P0043,S010,5,254.39,1271.95,2025-01-06,2025-01-05,2,On Time,Fulfilled,0,0
O002551,2025-01-14,Central,P0041,S004,5,162.16,810.8,2025-01-19,2025-01-20,6,Late,Fulfilled,0,1
O002552,2025-01-09,Central,P0020,S001,2,148.59,297.18,2025-01-12,2025-01-11,2,On Time,Fulfilled,0,0
O002553,2025-12-26,North,P0024,S001,6,64.9,389.4,2025-12-30,2025-12-30,4,On Time,Fulfilled,0,0
O002554,2025-04-21,North,P0044,S001,3,281.48,844.44,2025-04-24,2025-04-23,2,On Time,Fulfilled,0,0
O002555,2025-08-29,South,P0035,S010,6,211.82,1270.92,2025-09-02,2025-09-02,4,On Time,Fulfilled,0,0
O002556,2025-01-25,West,P0051,S010,5,159.11,795.55,2025-01-29,2025-01-28,3,On Time,Fulfilled,0,0
O002557,2025-01-06,East,P0044,S001,5,281.48,1407.4,2025-01-11,2025-01-10,4,On Time,Fulfilled,0,0
O002558,2025-08-19,West,P0049,S004,3,224.76,674.28,2025-08-21,2025-08-21,2,On Time,Fulfilled,0,0
O002559,2025-11-03,West,P0046,S007,1,225.07,225.07,2025-11-06,2025-11-07,4,Late,Fulfilled,0,1
O002560,2025-08-21,North,P0029,S004,6,76.33,457.98,2025-08-23,2025-08-24,3,Late,Fulfilled,0,1
O002561,2025-12-18,North,P0001,S004,7,289.3,2025.1,2025-12-24,2025-12-24,6,On Time,Fulfilled,0,0
O002562,2025-12-31,West,P0058,S007,1,66.02,66.02,2026-01-06,2026-01-07,7,Late,Fulfilled,0,1
O002563,2025-06-01,West,P0005,S004,3,247.38,742.14,2025-06-03,2025-06-03,2,On Time,Fulfilled,0,0
O002564,2025-08-14,North,P0047,S010,7,108.12,756.84,2025-08-19,2025-08-21,7,Late,Fulfilled,0,1
O002565,2025-08-18,West,P0059,S010,7,209.28,1464.96,2025-08-22,2025-08-23,5,Late,Fulfilled,0,1
O002566,2025-05-19,North,P0043,S010,1,254.39,254.39,2025-05-23,2025-05-22,3,On Time,Fulfilled,0,0
O002567,2025-05-21,West,P0055,S010,1,76.46,76.46,2025-05-27,2025-05-26,5,On Time,Fulfilled,0,0
O002568,2025-04-29,South,P0052,S001,3,57.76,173.28,2025-05-04,2025-05-07,8,Late,Fulfilled,0,1
O002569,2025-07-31,North,P0053,S004,6,133.42,800.52,2025-08-06,2025-08-07,7,Late,Fulfilled,0,1
O002570,2025-09-01,South,P0040,S001,5,216.21,1081.05,2025-09-06,2025-09-05,4,On Time,Fulfilled,0,0
O002571,2025-02-21,West,P0048,S001,3,141.97,425.91,2025-02-25,2025-03-01,8,Late,Fulfilled,0,1
O002572,2025-09-25,North,P0057,S004,6,302.85,1817.1,2025-10-01,2025-10-02,7,Late,Fulfilled,0,1
O002573,2025-09-15,Central,P0040,S001,4,216.21,864.84,2025-09-18,2025-09-19,4,Late,Returned,1,1
O002574,2025-06-11,South,P0020,S001,7,148.59,1040.13,2025-06-13,2025-06-13,2,On Time,Fulfilled,0,0
O002575,2025-07-23,West,P0017,S004,1,179.09,179.09,2025-07-28,2025-07-28,5,On Time,Fulfilled,0,0
O002576,2025-03-25,East,P0022,S007,6,174.48,1046.88,2025-03-27,2025-03-31,6,Late,Fulfilled,0,1
O002577,2025-03-15,South,P0054,S007,7,261.11,1827.77,2025-03-20,2025-03-19,4,On Time,Returned,1,0
O002578,2025-07-16,South,P0014,S007,5,195.03,975.15,2025-07-20,2025-07-19,3,On Time,Fulfilled,0,0
O002579,2025-05-08,West,P0040,S001,1,216.21,216.21,2025-05-13,2025-05-13,5,On Time,Fulfilled,0,0
O002580,2025-04-24,South,P0013,S004,2,290.72,581.44,2025-04-27,2025-04-27,3,On Time,Fulfilled,0,0
O002581,2025-07-18,West,P0004,S001,7,209.94,1469.58,2025-07-23,2025-07-24,6,Late,Fulfilled,0,1
O002582,2025-11-02,North,P0007,S010,1,85.99,85.99,2025-11-06,2025-11-07,5,Late,Fulfilled,0,1
O002583,2025-02-19,East,P0016,S001,1,140.21,140.21,2025-02-23,2025-02-23,4,On Time,Returned,1,0
O002584,2025-04-25,North,P0050,S007,6,37.5,225.0,2025-05-01,2025-04-30,5,On Time,Fulfilled,0,0
O002585,2025-01-02,West,P0051,S010,2,159.11,318.22,2025-01-08,2025-01-08,6,On Time,Fulfilled,0,0
O002586,2025-05-11,East,P0014,S007,1,195.03,195.03,2025-05-16,2025-05-20,9,Late,Fulfilled,0,1
O002587,2025-08-15,West,P0014,S007,2,195.03,390.06,2025-08-18,2025-08-18,3,On Time,Fulfilled,0,0
O002588,2025-10-16,East,P0023,S010,1,93.63,93.63,2025-10-21,2025-10-20,4,On Time,Fulfilled,0,0
O002589,2025-02-17,East,P0022,S007,4,174.48,697.92,2025-02-19,2025-02-25,8,Late,Returned,1,1
O002590,2025-07-13,North,P0055,S010,4,76.46,305.84,2025-07-19,2025-07-20,7,Late,Fulfilled,0,1
O002591,2025-02-01,East,P0016,S001,8,140.21,1121.68,2025-02-04,2025-02-04,3,On Time,Fulfilled,0,0
O002592,2025-09-23,East,P0010,S007,5,101.15,505.75,2025-09-27,2025-09-26,3,On Time,Fulfilled,0,0
O002593,2025-12-12,North,P0013,S004,5,290.72,1453.6,2025-12-18,2025-12-19,7,Late,Fulfilled,0,1
O002594,2025-08-26,East,P0035,S010,1,211.82,211.82,2025-08-30,2025-08-31,5,Late,Fulfilled,0,1
O002595,2025-06-24,East,P0017,S004,7,179.09,1253.63,2025-06-26,2025-06-27,3,Late,Fulfilled,0,1
O002596,2025-09-30,South,P0011,S010,1,132.12,132.12,2025-10-06,2025-10-05,5,On Time,Fulfilled,0,0
O002597,2025-07-20,East,P0004,S001,5,209.94,1049.7,2025-07-24,2025-07-30,10,Late,Fulfilled,0,1
O002598,2025-06-28,West,P0060,S001,1,118.33,118.33,2025-06-30,2025-07-03,5,Late,Fulfilled,0,1
O002599,2025-07-28,West,P0008,S001,7,158.77,1111.39,2025-07-31,2025-07-31,3,On Time,Fulfilled,0,0
O002600,2025-02-02,East,P0053,S004,2,133.42,266.84,2025-02-08,2025-02-09,7,Late,Fulfilled,0,1
O002601,2025-03-07,South,P0016,S001,6,140.21,841.26,2025-03-10,2025-03-09,2,On Time,Fulfilled,0,0
O002602,2025-01-14,South,P0008,S001,5,158.77,793.85,2025-01-20,2025-01-19,5,On Time,Fulfilled,0,0
O002603,2025-03-18,Central,P0005,S004,8,247.38,1979.04,2025-03-24,2025-03-23,5,On Time,Fulfilled,0,0
O002604,2025-04-15,East,P0017,S004,8,179.09,1432.72,2025-04-20,2025-04-20,5,On Time,Fulfilled,0,0
O002605,2025-01-08,South,P0060,S001,8,118.33,946.64,2025-01-11,2025-01-17,9,Late,Fulfilled,0,1
O002606,2025-07-07,North,P0028,S001,3,123.49,370.47,2025-07-12,2025-07-13,6,Late,Fulfilled,0,1
O002607,2025-02-12,North,P0015,S010,6,312.58,1875.48,2025-02-14,2025-02-13,1,On Time,Fulfilled,0,0
O002608,2025-07-28,Central,P0011,S010,8,132.12,1056.96,2025-07-30,2025-07-31,3,Late,Fulfilled,0,1
O002609,2025-03-23,South,P0036,S001,7,98.04,686.28,2025-03-28,2025-03-29,6,Late,Fulfilled,0,1
O002610,2025-08-06,West,P0007,S010,6,85.99,515.94,2025-08-08,2025-08-07,1,On Time,Returned,1,0
O002611,2025-03-15,West,P0055,S010,4,76.46,305.84,2025-03-17,2025-03-17,2,On Time,Fulfilled,0,0
O002612,2025-06-17,Central,P0023,S010,7,93.63,655.41,2025-06-22,2025-06-22,5,On Time,Returned,1,0
O002613,2025-05-18,South,P0017,S004,8,179.09,1432.72,2025-05-23,2025-05-22,4,On Time,Fulfilled,0,0
O002614,2025-02-20,Central,P0055,S010,3,76.46,229.38,2025-02-25,2025-02-26,6,Late,Fulfilled,0,1
O002615,2025-02-07,East,P0059,S010,4,209.28,837.12,2025-02-12,2025-02-13,6,Late,Fulfilled,0,1
O002616,2025-08-30,South,P0042,S007,8,315.31,2522.48,2025-09-02,2025-09-01,2,On Time,Fulfilled,0,0
O002617,2025-01-19,West,P0052,S001,5,57.76,288.8,2025-01-22,2025-01-23,4,Late,Fulfilled,0,1
O002618,2025-03-27,Central,P0020,S001,2,148.59,297.18,2025-03-29,2025-03-29,2,On Time,Fulfilled,0,0
O002619,2025-01-07,North,P0016,S001,6,140.21,841.26,2025-01-12,2025-01-16,9,Late,Fulfilled,0,1
O002620,2025-06-26,West,P0040,S001,2,216.21,432.42,2025-07-02,2025-07-02,6,On Time,Fulfilled,0,0
O002621,2025-05-24,East,P0058,S007,3,66.02,198.06,2025-05-30,2025-06-05,12,Late,Fulfilled,0,1
O002622,2025-04-16,North,P0058,S007,8,66.02,528.16,2025-04-22,2025-04-25,9,Late,Fulfilled,0,1
O002623,2025-03-22,North,P0044,S001,1,281.48,281.48,2025-03-25,2025-03-24,2,On Time,Fulfilled,0,0
O002624,2025-09-23,North,P0047,S010,4,108.12,432.48,2025-09-27,2025-09-27,4,On Time,Fulfilled,0,0
O002625,2025-05-07,East,P0018,S007,7,79.76,558.32,2025-05-11,2025-05-10,3,On Time,Fulfilled,0,0
O002626,2025-04-12,West,P0022,S007,5,174.48,872.4,2025-04-14,2025-04-14,2,On Time,Fulfilled,0,0
O002627,2025-05-22,East,P0036,S001,3,98.04,294.12,2025-05-28,2025-05-29,7,Late,Fulfilled,0,1
O002628,2025-06-17,East,P0029,S004,6,76.33,457.98,2025-06-20,2025-06-20,3,On Time,Fulfilled,0,0
O002629,2025-08-18,East,P0010,S007,2,101.15,202.3,2025-08-21,2025-08-22,4,Late,Fulfilled,0,1
O002630,2025-06-30,Central,P0038,S007,5,97.26,486.3,2025-07-06,2025-07-06,6,On Time,Returned,1,0
O002631,2025-12-26,Central,P0032,S001,2,166.64,333.28,2025-12-29,2025-12-28,2,On Time,Fulfilled,0,0
O002632,2025-08-14,West,P0058,S007,3,66.02,198.06,2025-08-19,2025-08-21,7,Late,Fulfilled,0,1
O002633,2025-04-22,East,P0011,S010,6,132.12,792.72,2025-04-25,2025-04-25,3,On Time,Fulfilled,0,0
O002634,2025-07-11,North,P0013,S004,2,290.72,581.44,2025-07-17,2025-07-17,6,On Time,Fulfilled,0,0
O002635,2025-08-30,Central,P0017,S004,7,179.09,1253.63,2025-09-01,2025-09-01,2,On Time,Fulfilled,0,0
O002636,2025-06-07,West,P0008,S001,1,158.77,158.77,2025-06-10,2025-06-11,4,Late,Fulfilled,0,1
O002637,2025-06-29,North,P0051,S010,3,159.11,477.33,2025-07-02,2025-07-02,3,On Time,Fulfilled,0,0
O002638,2025-09-09,Central,P0056,S001,4,210.07,840.28,2025-09-14,2025-09-15,6,Late,Fulfilled,0,1
O002639,2025-04-13,Central,P0045,S004,1,109.48,109.48,2025-04-18,2025-04-20,7,Late,Fulfilled,0,1
O002640,2025-11-12,Central,P0032,S001,7,166.64,1166.48,2025-11-15,2025-11-17,5,Late,Fulfilled,0,1
O002641,2025-03-15,East,P0011,S010,2,132.12,264.24,2025-03-17,2025-03-17,2,On Time,Fulfilled,0,0
O002642,2025-07-12,West,P0059,S010,5,209.28,1046.4,2025-07-14,2025-07-13,1,On Time,Fulfilled,0,0
O002643,2025-01-13,East,P0049,S004,3,224.76,674.28,2025-01-17,2025-01-17,4,On Time,Fulfilled,0,0
O002644,2025-10-22,North,P0027,S010,6,275.2,1651.2,2025-10-27,2025-10-27,5,On Time,Fulfilled,0,0
O002645,2025-08-07,Central,P0013,S004,7,290.72,2035.04,2025-08-09,2025-08-10,3,Late,Fulfilled,0,1
O002646,2025-12-11,East,P0006,S007,5,73.03,365.15,2025-12-17,2025-12-16,5,On Time,Fulfilled,0,0
O002647,2025-01-07,Central,P0023,S010,1,93.63,93.63,2025-01-10,2025-01-11,4,Late,Fulfilled,0,1
O002648,2025-07-14,North,P0004,S001,2,209.94,419.88,2025-07-16,2025-07-15,1,On Time,Fulfilled,0,0
O002649,2025-12-07,Central,P0030,S007,8,299.53,2396.24,2025-12-13,2025-12-13,6,On Time,Fulfilled,0,0
O002650,2025-06-19,Central,P0024,S001,3,64.9,194.7,2025-06-24,2025-06-24,5,On Time,Fulfilled,0,0
O002651,2025-11-07,Central,P0020,S001,4,148.59,594.36,2025-11-10,2025-11-16,9,Late,Fulfilled,0,1
O002652,2025-02-06,North,P0034,S007,6,263.25,1579.5,2025-02-09,2025-02-15,9,Late,Fulfilled,0,1
O002653,2025-01-16,West,P0006,S007,4,73.03,292.12,2025-01-19,2025-01-19,3,On Time,Fulfilled,0,0
O002654,2025-10-14,North,P0020,S001,4,148.59,594.36,2025-10-18,2025-10-19,5,Late,Fulfilled,0,1
O002655,2025-06-06,North,P0029,S004,1,76.33,76.33,2025-06-10,2025-06-10,4,On Time,Fulfilled,0,0
O002656,2025-03-27,Central,P0051,S010,5,159.11,795.55,2025-03-30,2025-03-29,2,On Time,Fulfilled,0,0
O002657,2025-01-27,South,P0013,S004,4,290.72,1162.88,2025-01-30,2025-01-30,3,On Time,Fulfilled,0,0
O002658,2025-12-21,North,P0011,S010,2,132.12,264.24,2025-12-24,2025-12-23,2,On Time,Fulfilled,0,0
O002659,2025-02-11,North,P0017,S004,4,179.09,716.36,2025-02-16,2025-02-16,5,On Time,Returned,1,0
O002660,2025-02-19,East,P0038,S007,7,97.26,680.82,2025-02-22,2025-02-24,5,Late,Fulfilled,0,1
O002661,2025-01-25,South,P0043,S010,3,254.39,763.17,2025-01-29,2025-01-28,3,On Time,Fulfilled,0,0
O002662,2025-04-27,North,P0054,S007,7,261.11,1827.77,2025-05-02,2025-05-03,6,Late,Fulfilled,0,1
O002663,2025-12-25,Central,P0038,S007,6,97.26,583.56,2025-12-27,2026-01-02,8,Late,Fulfilled,0,1
O002664,2025-05-21,Central,P0012,S001,4,86.98,347.92,2025-05-25,2025-05-26,5,Late,Fulfilled,0,1
O002665,2025-10-14,Central,P0003,S010,5,294.12,1470.6,2025-10-17,2025-10-18,4,Late,Fulfilled,0,1
O002666,2025-03-27,South,P0033,S004,8,183.37,1466.96,2025-04-02,2025-04-02,6,On Time,Fulfilled,0,0
O002667,2025-05-18,North,P0060,S001,8,118.33,946.64,2025-05-20,2025-05-25,7,Late,Fulfilled,0,1
O002668,2025-06-27,West,P0027,S010,2,275.2,550.4,2025-06-30,2025-06-29,2,On Time,Fulfilled,0,0
O002669,2025-10-07,North,P0060,S001,4,118.33,473.32,2025-10-12,2025-10-13,6,Late,Fulfilled,0,1
O002670,2025-03-06,East,P0033,S004,4,183.37,733.48,2025-03-10,2025-03-10,4,On Time,Fulfilled,0,0
O002671,2025-04-22,South,P0030,S007,2,299.53,599.06,2025-04-26,2025-05-02,10,Late,Fulfilled,0,1
O002672,2025-10-18,West,P0029,S004,1,76.33,76.33,2025-10-23,2025-10-23,5,On Time,Fulfilled,0,0
O002673,2025-12-01,East,P0033,S004,4,183.37,733.48,2025-12-06,2025-12-05,4,On Time,Fulfilled,0,0
O002674,2025-09-05,South,P0045,S004,6,109.48,656.88,2025-09-08,2025-09-07,2,On Time,Fulfilled,0,0
O002675,2025-05-17,North,P0054,S007,2,261.11,522.22,2025-05-20,2025-05-20,3,On Time,Fulfilled,0,0
O002676,2025-03-09,East,P0041,S004,7,162.16,1135.12,2025-03-14,2025-03-13,4,On Time,Fulfilled,0,0
O002677,2025-05-04,North,P0038,S007,6,97.26,583.56,2025-05-09,2025-05-08,4,On Time,Returned,1,0
O002678,2025-05-30,East,P0014,S007,5,195.03,975.15,2025-06-04,2025-06-05,6,Late,Fulfilled,0,1
O002679,2025-09-30,Central,P0024,S001,7,64.9,454.3,2025-10-03,2025-10-03,3,On Time,Returned,1,0
O002680,2025-01-16,Central,P0014,S007,2,195.03,390.06,2025-01-20,2025-01-20,4,On Time,Fulfilled,0,0
O002681,2025-10-04,East,P0059,S010,2,209.28,418.56,2025-10-10,2025-10-11,7,Late,Fulfilled,0,1
O002682,2025-06-21,South,P0018,S007,5,79.76,398.8,2025-06-26,2025-06-28,7,Late,Fulfilled,0,1
O002683,2025-04-02,East,P0029,S004,6,76.33,457.98,2025-04-04,2025-04-05,3,Late,Fulfilled,0,1
O002684,2025-01-23,South,P0060,S001,1,118.33,118.33,2025-01-29,2025-01-29,6,On Time,Fulfilled,0,0
O002685,2025-03-28,North,P0057,S004,1,302.85,302.85,2025-04-02,2025-04-02,5,On Time,Fulfilled,0,0
O002686,2025-09-17,Central,P0055,S010,8,76.46,611.68,2025-09-19,2025-09-18,1,On Time,Fulfilled,0,0
O002687,2025-04-08,Central,P0013,S004,1,290.72,290.72,2025-04-11,2025-04-12,4,Late,Fulfilled,0,1
O002688,2025-04-06,South,P0039,S010,2,71.46,142.92,2025-04-08,2025-04-09,3,Late,Fulfilled,0,1
O002689,2025-04-19,West,P0024,S001,2,64.9,129.8,2025-04-22,2025-04-22,3,On Time,Fulfilled,0,0
O002690,2025-10-24,South,P0037,S004,3,84.71,254.13,2025-10-26,2025-10-25,1,On Time,Fulfilled,0,0
O002691,2025-03-16,West,P0030,S007,5,299.53,1497.65,2025-03-21,2025-03-21,5,On Time,Fulfilled,0,0
O002692,2025-06-08,North,P0057,S004,7,302.85,2119.95,2025-06-12,2025-06-11,3,On Time,Fulfilled,0,0
O002693,2025-01-15,North,P0058,S007,1,66.02,66.02,2025-01-20,2025-01-20,5,On Time,Fulfilled,0,0
O002694,2025-07-10,North,P0040,S001,4,216.21,864.84,2025-07-16,2025-07-17,7,Late,Fulfilled,0,1
O002695,2025-05-26,Central,P0019,S010,8,269.79,2158.32,2025-06-01,2025-06-02,7,Late,Fulfilled,0,1
O002696,2025-12-15,West,P0041,S004,8,162.16,1297.28,2025-12-20,2025-12-21,6,Late,Fulfilled,0,1
O002697,2025-12-18,North,P0040,S001,4,216.21,864.84,2025-12-23,2025-12-24,6,Late,Fulfilled,0,1
O002698,2025-08-01,West,P0034,S007,2,263.25,526.5,2025-08-05,2025-08-05,4,On Time,Fulfilled,0,0
O002699,2025-07-06,West,P0018,S007,8,79.76,638.08,2025-07-11,2025-07-12,6,Late,Fulfilled,0,1
O002700,2025-11-07,West,P0037,S004,3,84.71,254.13,2025-11-09,2025-11-08,1,On Time,Fulfilled,0,0
O002701,2025-12-15,Central,P0040,S001,6,216.21,1297.26,2025-12-17,2025-12-18,3,Late,Fulfilled,0,1
O002702,2025-11-25,East,P0037,S004,5,84.71,423.55,2025-11-29,2025-11-28,3,On Time,Fulfilled,0,0
O002703,2025-08-13,West,P0011,S010,5,132.12,660.6,2025-08-17,2025-08-16,3,On Time,Fulfilled,0,0
O002704,2025-08-14,East,P0034,S007,4,263.25,1053.0,2025-08-19,2025-08-18,4,On Time,Fulfilled,0,0
O002705,2025-08-05,Central,P0032,S001,6,166.64,999.84,2025-08-09,2025-08-10,5,Late,Fulfilled,0,1
O002706,2025-05-22,West,P0001,S004,7,289.3,2025.1,2025-05-28,2025-05-29,7,Late,Fulfilled,0,1
O002707,2025-02-23,East,P0055,S010,7,76.46,535.22,2025-02-25,2025-02-26,3,Late,Fulfilled,0,1
O002708,2025-02-21,North,P0007,S010,8,85.99,687.92,2025-02-25,2025-02-27,6,Late,Fulfilled,0,1
O002709,2025-08-10,West,P0047,S010,2,108.12,216.24,2025-08-14,2025-08-14,4,On Time,Returned,1,0
O002710,2025-11-30,Central,P0057,S004,8,302.85,2422.8,2025-12-05,2025-12-10,10,Late,Fulfilled,0,1
O002711,2025-12-15,Central,P0046,S007,1,225.07,225.07,2025-12-20,2025-12-19,4,On Time,Fulfilled,0,0
O002712,2025-05-29,North,P0001,S004,5,289.3,1446.5,2025-06-03,2025-06-03,5,On Time,Fulfilled,0,0
O002713,2025-05-22,East,P0053,S004,6,133.42,800.52,2025-05-25,2025-05-25,3,On Time,Fulfilled,0,0
O002714,2025-02-18,West,P0051,S010,4,159.11,636.44,2025-02-20,2025-02-20,2,On Time,Fulfilled,0,0
O002715,2025-06-26,South,P0024,S001,5,64.9,324.5,2025-06-29,2025-06-30,4,Late,Fulfilled,0,1
O002716,2025-06-21,South,P0051,S010,5,159.11,795.55,2025-06-25,2025-06-25,4,On Time,Fulfilled,0,0
O002717,2025-01-18,North,P0015,S010,1,312.58,312.58,2025-01-24,2025-01-30,12,Late,Fulfilled,0,1
O002718,2025-11-09,West,P0031,S010,6,75.12,450.72,2025-11-15,2025-11-16,7,Late,Fulfilled,0,1
O002719,2025-09-10,Central,P0005,S004,5,247.38,1236.9,2025-09-13,2025-09-13,3,On Time,Fulfilled,0,0
O002720,2025-01-04,North,P0009,S004,1,209.42,209.42,2025-01-09,2025-01-10,6,Late,Fulfilled,0,1
O002721,2025-04-08,West,P0014,S007,2,195.03,390.06,2025-04-10,2025-04-09,1,On Time,Fulfilled,0,0
O002722,2025-08-08,West,P0044,S001,7,281.48,1970.36,2025-08-12,2025-08-13,5,Late,Fulfilled,0,1
O002723,2025-07-01,South,P0056,S001,3,210.07,630.21,2025-07-06,2025-07-06,5,On Time,Fulfilled,0,0
O002724,2025-02-28,Central,P0059,S010,6,209.28,1255.68,2025-03-02,2025-03-02,2,On Time,Fulfilled,0,0
O002725,2025-08-24,Central,P0012,S001,7,86.98,608.86,2025-08-29,2025-08-28,4,On Time,Fulfilled,0,0
O002726,2025-05-08,East,P0040,S001,3,216.21,648.63,2025-05-12,2025-05-17,9,Late,Fulfilled,0,1
O002727,2025-06-25,East,P0005,S004,5,247.38,1236.9,2025-06-28,2025-06-28,3,On Time,Fulfilled,0,0
O002728,2025-09-11,North,P0048,S001,3,141.97,425.91,2025-09-13,2025-09-13,2,On Time,Fulfilled,0,0
O002729,2025-07-03,North,P0023,S010,5,93.63,468.15,2025-07-05,2025-07-04,1,On Time,Fulfilled,0,0
O002730,2025-11-04,West,P0039,S010,2,71.46,142.92,2025-11-10,2025-11-09,5,On Time,Fulfilled,0,0
O002731,2025-02-19,West,P0038,S007,2,97.26,194.52,2025-02-23,2025-02-22,3,On Time,Fulfilled,0,0
O002732,2025-10-11,West,P0007,S010,8,85.99,687.92,2025-10-15,2025-10-15,4,On Time,Returned,1,0
O002733,2025-04-14,East,P0026,S007,7,250.97,1756.79,2025-04-17,2025-04-18,4,Late,Fulfilled,0,1
O002734,2025-10-30,North,P0003,S010,4,294.12,1176.48,2025-11-01,2025-11-02,3,Late,Fulfilled,0,1
O002735,2025-07-28,East,P0031,S010,8,75.12,600.96,2025-08-03,2025-08-06,9,Late,Fulfilled,0,1
O002736,2025-08-05,East,P0028,S001,4,123.49,493.96,2025-08-09,2025-08-13,8,Late,Fulfilled,0,1
O002737,2025-04-28,East,P0008,S001,6,158.77,952.62,2025-05-02,2025-05-03,5,Late,Fulfilled,0,1
O002738,2025-02-01,West,P0022,S007,1,174.48,174.48,2025-02-05,2025-02-05,4,On Time,Fulfilled,0,0
O002739,2025-02-03,North,P0012,S001,7,86.98,608.86,2025-02-08,2025-02-09,6,Late,Fulfilled,0,1
O002740,2025-02-03,Central,P0038,S007,7,97.26,680.82,2025-02-09,2025-02-10,7,Late,Fulfilled,0,1
O002741,2025-12-12,North,P0031,S010,1,75.12,75.12,2025-12-15,2025-12-16,4,Late,Fulfilled,0,1
O002742,2025-10-02,Central,P0023,S010,7,93.63,655.41,2025-10-06,2025-10-09,7,Late,Fulfilled,0,1
O002743,2025-09-12,North,P0051,S010,6,159.11,954.66,2025-09-18,2025-09-17,5,On Time,Fulfilled,0,0
O002744,2025-07-19,South,P0033,S004,5,183.37,916.85,2025-07-23,2025-07-24,5,Late,Fulfilled,0,1
O002745,2025-08-27,South,P0046,S007,4,225.07,900.28,2025-08-29,2025-08-30,3,Late,Fulfilled,0,1
O002746,2025-12-26,Central,P0027,S010,2,275.2,550.4,2026-01-01,2025-12-31,5,On Time,Fulfilled,0,0
O002747,2025-04-06,East,P0044,S001,3,281.48,844.44,2025-04-11,2025-04-11,5,On Time,Fulfilled,0,0
O002748,2025-07-13,South,P0016,S001,1,140.21,140.21,2025-07-18,2025-07-20,7,Late,Fulfilled,0,1
O002749,2025-10-04,North,P0025,S004,3,171.85,515.55,2025-10-08,2025-10-08,4,On Time,Fulfilled,0,0
O002750,2025-10-30,East,P0059,S010,3,209.28,627.84,2025-11-01,2025-11-02,3,Late,Fulfilled,0,1
O002751,2025-12-04,Central,P0048,S001,4,141.97,567.88,2025-12-09,2025-12-14,10,Late,Fulfilled,0,1
O002752,2025-10-26,East,P0051,S010,7,159.11,1113.77,2025-10-29,2025-10-28,2,On Time,Fulfilled,0,0
O002753,2025-07-22,West,P0018,S007,5,79.76,398.8,2025-07-28,2025-07-27,5,On Time,Fulfilled,0,0
O002754,2025-10-29,South,P0046,S007,5,225.07,1125.35,2025-11-04,2025-11-04,6,On Time,Fulfilled,0,0
O002755,2025-08-05,East,P0017,S004,1,179.09,179.09,2025-08-09,2025-08-08,3,On Time,Fulfilled,0,0
O002756,2025-04-11,Central,P0035,S010,4,211.82,847.28,2025-04-14,2025-04-13,2,On Time,Fulfilled,0,0
O002757,2025-04-16,West,P0023,S010,1,93.63,93.63,2025-04-21,2025-04-21,5,On Time,Fulfilled,0,0
O002758,2025-03-30,North,P0006,S007,8,73.03,584.24,2025-04-04,2025-04-05,6,Late,Fulfilled,0,1
O002759,2025-06-09,North,P0058,S007,1,66.02,66.02,2025-06-15,2025-06-15,6,On Time,Fulfilled,0,0
O002760,2025-12-22,Central,P0028,S001,1,123.49,123.49,2025-12-24,2025-12-28,6,Late,Fulfilled,0,1
O002761,2025-12-04,East,P0037,S004,5,84.71,423.55,2025-12-06,2025-12-05,1,On Time,Returned,1,0
O002762,2025-11-12,West,P0003,S010,5,294.12,1470.6,2025-11-18,2025-11-19,7,Late,Fulfilled,0,1
O002763,2025-06-14,East,P0033,S004,6,183.37,1100.22,2025-06-18,2025-06-17,3,On Time,Fulfilled,0,0
O002764,2025-11-22,Central,P0005,S004,4,247.38,989.52,2025-11-27,2025-11-28,6,Late,Fulfilled,0,1
O002765,2025-01-09,East,P0001,S004,6,289.3,1735.8,2025-01-12,2025-01-13,4,Late,Fulfilled,0,1
O002766,2025-08-27,South,P0018,S007,2,79.76,159.52,2025-08-30,2025-08-30,3,On Time,Returned,1,0
O002767,2025-05-14,West,P0012,S001,7,86.98,608.86,2025-05-17,2025-05-17,3,On Time,Fulfilled,0,0
O002768,2025-10-17,Central,P0008,S001,2,158.77,317.54,2025-10-20,2025-10-19,2,On Time,Fulfilled,0,0
O002769,2025-09-26,East,P0041,S004,6,162.16,972.96,2025-09-30,2025-09-29,3,On Time,Fulfilled,0,0
O002770,2025-03-27,West,P0016,S001,4,140.21,560.84,2025-03-29,2025-04-03,7,Late,Fulfilled,0,1
O002771,2025-02-20,South,P0004,S001,2,209.94,419.88,2025-02-26,2025-02-26,6,On Time,Fulfilled,0,0
O002772,2025-09-13,South,P0046,S007,6,225.07,1350.42,2025-09-16,2025-09-17,4,Late,Fulfilled,0,1
O002773,2025-02-24,Central,P0033,S004,2,183.37,366.74,2025-02-26,2025-02-27,3,Late,Fulfilled,0,1
O002774,2025-11-10,Central,P0035,S010,3,211.82,635.46,2025-11-15,2025-11-14,4,On Time,Fulfilled,0,0
O002775,2025-11-18,South,P0042,S007,7,315.31,2207.17,2025-11-24,2025-11-24,6,On Time,Fulfilled,0,0
O002776,2025-01-08,Central,P0009,S004,8,209.42,1675.36,2025-01-10,2025-01-11,3,Late,Fulfilled,0,1
O002777,2025-11-06,East,P0028,S001,3,123.49,370.47,2025-11-12,2025-11-15,9,Late,Fulfilled,0,1
O002778,2025-07-25,South,P0044,S001,1,281.48,281.48,2025-07-27,2025-07-26,1,On Time,Fulfilled,0,0
O002779,2025-08-11,Central,P0027,S010,8,275.2,2201.6,2025-08-14,2025-08-13,2,On Time,Fulfilled,0,0
O002780,2025-11-29,South,P0057,S004,6,302.85,1817.1,2025-12-04,2025-12-03,4,On Time,Fulfilled,0,0
O002781,2025-02-10,North,P0056,S001,2,210.07,420.14,2025-02-14,2025-02-15,5,Late,Fulfilled,0,1
O002782,2025-03-11,Central,P0039,S010,1,71.46,71.46,2025-03-15,2025-03-16,5,Late,Fulfilled,0,1
O002783,2025-05-14,Central,P0030,S007,6,299.53,1797.18,2025-05-19,2025-05-22,8,Late,Fulfilled,0,1
O002784,2025-04-18,West,P0055,S010,1,76.46,76.46,2025-04-20,2025-04-21,3,Late,Fulfilled,0,1
O002785,2025-06-25,Central,P0037,S004,5,84.71,423.55,2025-06-27,2025-06-26,1,On Time,Fulfilled,0,0
O002786,2025-01-27,Central,P0017,S004,4,179.09,716.36,2025-01-31,2025-02-01,5,Late,Fulfilled,0,1
O002787,2025-03-14,South,P0040,S001,6,216.21,1297.26,2025-03-19,2025-03-18,4,On Time,Fulfilled,0,0
O002788,2025-07-11,North,P0011,S010,6,132.12,792.72,2025-07-14,2025-07-15,4,Late,Returned,1,1
O002789,2025-02-21,West,P0028,S001,7,123.49,864.43,2025-02-27,2025-02-28,7,Late,Fulfilled,0,1
O002790,2025-08-16,West,P0058,S007,7,66.02,462.14,2025-08-19,2025-08-18,2,On Time,Fulfilled,0,0
O002791,2025-09-19,North,P0053,S004,5,133.42,667.1,2025-09-25,2025-09-24,5,On Time,Fulfilled,0,0
O002792,2025-07-08,West,P0025,S004,3,171.85,515.55,2025-07-13,2025-07-12,4,On Time,Fulfilled,0,0
O002793,2025-04-12,South,P0016,S001,8,140.21,1121.68,2025-04-15,2025-04-16,4,Late,Fulfilled,0,1
O002794,2025-09-02,East,P0018,S007,8,79.76,638.08,2025-09-07,2025-09-08,6,Late,Fulfilled,0,1
O002795,2025-11-23,Central,P0005,S004,7,247.38,1731.66,2025-11-29,2025-12-04,11,Late,Fulfilled,0,1
O002796,2025-02-07,East,P0014,S007,3,195.03,585.09,2025-02-10,2025-02-11,4,Late,Fulfilled,0,1
O002797,2025-09-30,East,P0045,S004,2,109.48,218.96,2025-10-03,2025-10-02,2,On Time,Fulfilled,0,0
O002798,2025-04-07,Central,P0018,S007,2,79.76,159.52,2025-04-09,2025-04-09,2,On Time,Returned,1,0
O002799,2025-12-10,North,P0025,S004,3,171.85,515.55,2025-12-16,2025-12-18,8,Late,Fulfilled,0,1
O002800,2025-08-04,South,P0031,S010,3,75.12,225.36,2025-08-09,2025-08-09,5,On Time,Fulfilled,0,0
O002801,2025-10-02,Central,P0003,S010,8,294.12,2352.96,2025-10-07,2025-10-06,4,On Time,Fulfilled,0,0
O002802,2025-04-08,South,P0053,S004,8,133.42,1067.36,2025-04-10,2025-04-09,1,On Time,Fulfilled,0,0
O002803,2025-03-28,North,P0056,S001,8,210.07,1680.56,2025-04-01,2025-04-07,10,Late,Fulfilled,0,1
O002804,2025-07-31,South,P0060,S001,2,118.33,236.66,2025-08-06,2025-08-06,6,On Time,Fulfilled,0,0
O002805,2025-08-01,Central,P0005,S004,4,247.38,989.52,2025-08-06,2025-08-05,4,On Time,Returned,1,0
O002806,2025-02-10,West,P0041,S004,5,162.16,810.8,2025-02-13,2025-02-14,4,Late,Fulfilled,0,1
O002807,2025-05-18,East,P0015,S010,7,312.58,2188.06,2025-05-21,2025-05-22,4,Late,Returned,1,1
O002808,2025-05-23,East,P0022,S007,1,174.48,174.48,2025-05-27,2025-05-26,3,On Time,Fulfilled,0,0
O002809,2025-08-05,North,P0054,S007,6,261.11,1566.66,2025-08-10,2025-08-11,6,Late,Fulfilled,0,1
O002810,2025-10-26,East,P0023,S010,3,93.63,280.89,2025-10-31,2025-10-30,4,On Time,Fulfilled,0,0
O002811,2025-04-02,East,P0022,S007,6,174.48,1046.88,2025-04-07,2025-04-07,5,On Time,Fulfilled,0,0
O002812,2025-11-09,Central,P0046,S007,8,225.07,1800.56,2025-11-11,2025-11-15,6,Late,Fulfilled,0,1
O002813,2025-12-11,West,P0022,S007,6,174.48,1046.88,2025-12-16,2025-12-16,5,On Time,Fulfilled,0,0
O002814,2025-05-10,West,P0022,S007,6,174.48,1046.88,2025-05-16,2025-05-17,7,Late,Fulfilled,0,1
O002815,2025-07-23,Central,P0006,S007,2,73.03,146.06,2025-07-27,2025-07-31,8,Late,Fulfilled,0,1
O002816,2025-06-04,South,P0037,S004,1,84.71,84.71,2025-06-10,2025-06-09,5,On Time,Fulfilled,0,0
O002817,2025-10-13,Central,P0060,S001,5,118.33,591.65,2025-10-18,2025-10-19,6,Late,Fulfilled,0,1
O002818,2025-03-28,Central,P0035,S010,4,211.82,847.28,2025-04-03,2025-04-04,7,Late,Returned,1,1
O002819,2025-06-27,East,P0018,S007,7,79.76,558.32,2025-07-03,2025-07-02,5,On Time,Fulfilled,0,0
O002820,2025-03-04,Central,P0014,S007,2,195.03,390.06,2025-03-07,2025-03-08,4,Late,Fulfilled,0,1
O002821,2025-04-05,South,P0040,S001,2,216.21,432.42,2025-04-07,2025-04-07,2,On Time,Fulfilled,0,0
O002822,2025-06-18,North,P0050,S007,6,37.5,225.0,2025-06-23,2025-06-23,5,On Time,Fulfilled,0,0
O002823,2025-03-28,East,P0054,S007,3,261.11,783.33,2025-04-01,2025-04-01,4,On Time,Fulfilled,0,0
O002824,2025-01-18,North,P0032,S001,2,166.64,333.28,2025-01-24,2025-01-24,6,On Time,Fulfilled,0,0
O002825,2025-07-25,Central,P0031,S010,8,75.12,600.96,2025-07-27,2025-07-28,3,Late,Fulfilled,0,1
O002826,2025-08-23,North,P0058,S007,6,66.02,396.12,2025-08-27,2025-08-26,3,On Time,Fulfilled,0,0
O002827,2025-05-22,South,P0001,S004,5,289.3,1446.5,2025-05-27,2025-05-28,6,Late,Fulfilled,0,1
O002828,2025-02-08,East,P0058,S007,7,66.02,462.14,2025-02-13,2025-02-14,6,Late,Fulfilled,0,1
O002829,2025-12-20,South,P0056,S001,8,210.07,1680.56,2025-12-26,2025-12-27,7,Late,Fulfilled,0,1
O002830,2025-02-21,South,P0027,S010,6,275.2,1651.2,2025-02-27,2025-02-27,6,On Time,Fulfilled,0,0
O002831,2025-11-14,South,P0040,S001,8,216.21,1729.68,2025-11-19,2025-11-18,4,On Time,Fulfilled,0,0
O002832,2025-01-07,Central,P0045,S004,8,109.48,875.84,2025-01-10,2025-01-14,7,Late,Fulfilled,0,1
O002833,2025-08-05,South,P0054,S007,4,261.11,1044.44,2025-08-10,2025-08-11,6,Late,Fulfilled,0,1
O002834,2025-03-27,East,P0022,S007,5,174.48,872.4,2025-03-31,2025-04-01,5,Late,Fulfilled,0,1
O002835,2025-02-02,West,P0049,S004,1,224.76,224.76,2025-02-08,2025-02-08,6,On Time,Fulfilled,0,0
O002836,2025-09-27,West,P0001,S004,5,289.3,1446.5,2025-10-03,2025-10-03,6,On Time,Fulfilled,0,0
O002837,2025-12-18,North,P0014,S007,8,195.03,1560.24,2025-12-23,2025-12-23,5,On Time,Fulfilled,0,0
O002838,2025-11-29,West,P0027,S010,4,275.2,1100.8,2025-12-04,2025-12-04,5,On Time,Fulfilled,0,0
O002839,2025-11-22,West,P0056,S001,3,210.07,630.21,2025-11-28,2025-12-03,11,Late,Fulfilled,0,1
O002840,2025-11-22,North,P0057,S004,5,302.85,1514.25,2025-11-25,2025-11-25,3,On Time,Fulfilled,0,0
O002841,2025-03-03,North,P0036,S001,3,98.04,294.12,2025-03-05,2025-03-04,1,On Time,Fulfilled,0,0
O002842,2025-01-06,North,P0041,S004,7,162.16,1135.12,2025-01-10,2025-01-11,5,Late,Fulfilled,0,1
O002843,2025-08-09,South,P0054,S007,2,261.11,522.22,2025-08-13,2025-08-13,4,On Time,Fulfilled,0,0
O002844,2025-10-02,Central,P0019,S010,7,269.79,1888.53,2025-10-06,2025-10-07,5,Late,Fulfilled,0,1
O002845,2025-05-23,East,P0058,S007,7,66.02,462.14,2025-05-29,2025-05-30,7,Late,Fulfilled,0,1
O002846,2025-11-03,East,P0004,S001,2,209.94,419.88,2025-11-06,2025-11-07,4,Late,Fulfilled,0,1
O002847,2025-05-03,East,P0011,S010,3,132.12,396.36,2025-05-07,2025-05-08,5,Late,Fulfilled,0,1
O002848,2025-08-07,West,P0011,S010,6,132.12,792.72,2025-08-11,2025-08-10,3,On Time,Fulfilled,0,0
O002849,2025-08-02,West,P0040,S001,7,216.21,1513.47,2025-08-07,2025-08-07,5,On Time,Fulfilled,0,0
O002850,2025-03-23,North,P0042,S007,8,315.31,2522.48,2025-03-25,2025-03-26,3,Late,Returned,1,1
O002851,2025-12-23,West,P0002,S007,2,244.65,489.3,2025-12-28,2025-12-27,4,On Time,Fulfilled,0,0
O002852,2025-02-27,Central,P0010,S007,5,101.15,505.75,2025-03-04,2025-03-03,4,On Time,Fulfilled,0,0
O002853,2025-11-08,North,P0026,S007,8,250.97,2007.76,2025-11-10,2025-11-10,2,On Time,Fulfilled,0,0
O002854,2025-05-03,East,P0033,S004,4,183.37,733.48,2025-05-07,2025-05-13,10,Late,Fulfilled,0,1
O002855,2025-12-05,East,P0005,S004,5,247.38,1236.9,2025-12-10,2025-12-11,6,Late,Fulfilled,0,1
O002856,2025-09-26,East,P0010,S007,4,101.15,404.6,2025-10-01,2025-10-01,5,On Time,Fulfilled,0,0
O002857,2025-09-07,East,P0053,S004,5,133.42,667.1,2025-09-10,2025-09-10,3,On Time,Fulfilled,0,0
O002858,2025-09-13,Central,P0007,S010,4,85.99,343.96,2025-09-16,2025-09-16,3,On Time,Fulfilled,0,0
O002859,2025-02-26,South,P0028,S001,2,123.49,246.98,2025-03-02,2025-03-03,5,Late,Fulfilled,0,1
O002860,2025-06-02,North,P0018,S007,8,79.76,638.08,2025-06-04,2025-06-03,1,On Time,Fulfilled,0,0
O002861,2025-02-10,East,P0013,S004,1,290.72,290.72,2025-02-14,2025-02-13,3,On Time,Fulfilled,0,0
O002862,2025-01-27,South,P0007,S010,1,85.99,85.99,2025-01-31,2025-01-30,3,On Time,Fulfilled,0,0
O002863,2025-01-03,South,P0051,S010,2,159.11,318.22,2025-01-08,2025-01-08,5,On Time,Fulfilled,0,0
O002864,2025-11-12,North,P0035,S010,6,211.82,1270.92,2025-11-16,2025-11-17,5,Late,Returned,1,1
O002865,2025-07-22,East,P0043,S010,4,254.39,1017.56,2025-07-24,2025-07-24,2,On Time,Fulfilled,0,0
O002866,2025-11-17,South,P0045,S004,2,109.48,218.96,2025-11-20,2025-11-20,3,On Time,Fulfilled,0,0
O002867,2025-10-25,West,P0007,S010,8,85.99,687.92,2025-10-29,2025-10-29,4,On Time,Fulfilled,0,0
O002868,2025-10-09,East,P0055,S010,3,76.46,229.38,2025-10-12,2025-10-11,2,On Time,Fulfilled,0,0
O002869,2025-05-19,Central,P0050,S007,1,37.5,37.5,2025-05-24,2025-05-25,6,Late,Fulfilled,0,1
O002870,2025-11-01,West,P0008,S001,8,158.77,1270.16,2025-11-03,2025-11-02,1,On Time,Fulfilled,0,0
O002871,2025-12-08,East,P0046,S007,5,225.07,1125.35,2025-12-13,2025-12-14,6,Late,Fulfilled,0,1
O002872,2025-03-26,West,P0052,S001,2,57.76,115.52,2025-04-01,2025-03-31,5,On Time,Fulfilled,0,0
O002873,2025-07-06,East,P0008,S001,1,158.77,158.77,2025-07-12,2025-07-11,5,On Time,Returned,1,0
O002874,2025-01-27,West,P0007,S010,5,85.99,429.95,2025-02-01,2025-02-01,5,On Time,Fulfilled,0,0
O002875,2025-05-20,West,P0045,S004,5,109.48,547.4,2025-05-24,2025-05-25,5,Late,Fulfilled,0,1
O002876,2025-03-20,South,P0003,S010,5,294.12,1470.6,2025-03-23,2025-03-22,2,On Time,Fulfilled,0,0
O002877,2025-05-12,South,P0013,S004,4,290.72,1162.88,2025-05-15,2025-05-16,4,Late,Fulfilled,0,1
O002878,2025-01-16,West,P0031,S010,5,75.12,375.6,2025-01-19,2025-01-22,6,Late,Fulfilled,0,1
O002879,2025-06-07,East,P0050,S007,2,37.5,75.0,2025-06-10,2025-06-11,4,Late,Fulfilled,0,1
O002880,2025-12-21,South,P0026,S007,2,250.97,501.94,2025-12-23,2025-12-24,3,Late,Fulfilled,0,1
O002881,2025-04-08,West,P0012,S001,8,86.98,695.84,2025-04-10,2025-04-11,3,Late,Returned,1,1
O002882,2025-11-06,West,P0022,S007,2,174.48,348.96,2025-11-10,2025-11-09,3,On Time,Fulfilled,0,0
O002883,2025-10-10,West,P0044,S001,5,281.48,1407.4,2025-10-15,2025-10-15,5,On Time,Returned,1,0
O002884,2025-07-21,North,P0059,S010,6,209.28,1255.68,2025-07-25,2025-07-25,4,On Time,Fulfilled,0,0
O002885,2025-08-09,West,P0030,S007,5,299.53,1497.65,2025-08-12,2025-08-11,2,On Time,Fulfilled,0,0
O002886,2025-01-12,East,P0028,S001,1,123.49,123.49,2025-01-16,2025-01-15,3,On Time,Fulfilled,0,0
O002887,2025-09-18,East,P0030,S007,2,299.53,599.06,2025-09-21,2025-09-21,3,On Time,Fulfilled,0,0
O002888,2025-08-11,North,P0006,S007,4,73.03,292.12,2025-08-15,2025-08-15,4,On Time,Returned,1,0
O002889,2025-04-22,West,P0020,S001,7,148.59,1040.13,2025-04-27,2025-04-26,4,On Time,Fulfilled,0,0
O002890,2025-07-04,East,P0034,S007,2,263.25,526.5,2025-07-08,2025-07-09,5,Late,Fulfilled,0,1
O002891,2025-05-21,North,P0036,S001,2,98.04,196.08,2025-05-26,2025-05-28,7,Late,Fulfilled,0,1
O002892,2025-08-01,South,P0021,S004,2,179.24,358.48,2025-08-03,2025-08-03,2,On Time,Fulfilled,0,0
O002893,2025-05-13,South,P0016,S001,6,140.21,841.26,2025-05-16,2025-05-15,2,On Time,Fulfilled,0,0
O002894,2025-06-17,South,P0001,S004,8,289.3,2314.4,2025-06-20,2025-06-20,3,On Time,Fulfilled,0,0
O002895,2025-09-13,South,P0013,S004,2,290.72,581.44,2025-09-19,2025-09-19,6,On Time,Fulfilled,0,0
O002896,2025-04-16,North,P0015,S010,8,312.58,2500.64,2025-04-22,2025-04-22,6,On Time,Fulfilled,0,0
O002897,2025-03-21,North,P0044,S001,5,281.48,1407.4,2025-03-24,2025-03-23,2,On Time,Fulfilled,0,0
O002898,2025-03-25,West,P0015,S010,4,312.58,1250.32,2025-03-29,2025-03-28,3,On Time,Fulfilled,0,0
O002899,2025-07-01,South,P0054,S007,8,261.11,2088.88,2025-07-04,2025-07-05,4,Late,Fulfilled,0,1
O002900,2025-09-03,West,P0041,S004,7,162.16,1135.12,2025-09-09,2025-09-09,6,On Time,Fulfilled,0,0
O002901,2025-01-02,South,P0022,S007,3,174.48,523.44,2025-01-05,2025-01-05,3,On Time,Fulfilled,0,0
O002902,2025-12-19,North,P0042,S007,7,315.31,2207.17,2025-12-22,2025-12-23,4,Late,Fulfilled,0,1
O002903,2025-06-07,East,P0059,S010,6,209.28,1255.68,2025-06-09,2025-06-08,1,On Time,Fulfilled,0,0
O002904,2025-01-09,North,P0023,S010,5,93.63,468.15,2025-01-11,2025-01-10,1,On Time,Fulfilled,0,0
O002905,2025-01-29,Central,P0058,S007,6,66.02,396.12,2025-01-31,2025-02-05,7,Late,Fulfilled,0,1
O002906,2025-07-19,North,P0045,S004,7,109.48,766.36,2025-07-22,2025-07-23,4,Late,Fulfilled,0,1
O002907,2025-01-09,South,P0056,S001,1,210.07,210.07,2025-01-14,2025-01-15,6,Late,Fulfilled,0,1
O002908,2025-08-09,East,P0042,S007,8,315.31,2522.48,2025-08-13,2025-08-13,4,On Time,Fulfilled,0,0
O002909,2025-11-29,South,P0011,S010,8,132.12,1056.96,2025-12-03,2025-12-03,4,On Time,Fulfilled,0,0
O002910,2025-07-12,North,P0012,S001,5,86.98,434.9,2025-07-16,2025-07-17,5,Late,Fulfilled,0,1
O002911,2025-09-28,Central,P0052,S001,8,57.76,462.08,2025-10-04,2025-10-05,7,Late,Fulfilled,0,1
O002912,2025-07-31,North,P0022,S007,4,174.48,697.92,2025-08-04,2025-08-04,4,On Time,Fulfilled,0,0
O002913,2025-09-12,West,P0027,S010,6,275.2,1651.2,2025-09-15,2025-09-14,2,On Time,Fulfilled,0,0
O002914,2025-12-15,North,P0025,S004,5,171.85,859.25,2025-12-18,2025-12-22,7,Late,Fulfilled,0,1
O002915,2025-03-26,East,P0023,S010,7,93.63,655.41,2025-03-31,2025-04-01,6,Late,Fulfilled,0,1
O002916,2025-01-16,Central,P0059,S010,3,209.28,627.84,2025-01-20,2025-01-19,3,On Time,Returned,1,0
O002917,2025-12-25,South,P0050,S007,5,37.5,187.5,2025-12-31,2025-12-31,6,On Time,Fulfilled,0,0
O002918,2025-11-20,West,P0017,S004,6,179.09,1074.54,2025-11-23,2025-11-23,3,On Time,Fulfilled,0,0
O002919,2025-02-05,South,P0051,S010,2,159.11,318.22,2025-02-08,2025-02-07,2,On Time,Fulfilled,0,0
O002920,2025-09-29,North,P0018,S007,4,79.76,319.04,2025-10-04,2025-10-04,5,On Time,Fulfilled,0,0
O002921,2025-04-13,East,P0011,S010,8,132.12,1056.96,2025-04-19,2025-04-19,6,On Time,Fulfilled,0,0
O002922,2025-07-13,North,P0026,S007,5,250.97,1254.85,2025-07-19,2025-07-19,6,On Time,Fulfilled,0,0
O002923,2025-12-16,East,P0036,S001,4,98.04,392.16,2025-12-20,2025-12-20,4,On Time,Fulfilled,0,0
O002924,2025-08-07,Central,P0051,S010,3,159.11,477.33,2025-08-12,2025-08-13,6,Late,Fulfilled,0,1
O002925,2025-07-18,North,P0059,S010,5,209.28,1046.4,2025-07-20,2025-07-19,1,On Time,Fulfilled,0,0
O002926,2025-09-21,West,P0015,S010,1,312.58,312.58,2025-09-24,2025-09-25,4,Late,Fulfilled,0,1
O002927,2025-05-26,North,P0007,S010,2,85.99,171.98,2025-05-31,2025-05-30,4,On Time,Fulfilled,0,0
O002928,2025-10-19,South,P0039,S010,3,71.46,214.38,2025-10-23,2025-10-28,9,Late,Fulfilled,0,1
O002929,2025-04-10,North,P0047,S010,5,108.12,540.6,2025-04-12,2025-04-13,3,Late,Fulfilled,0,1
O002930,2025-03-07,West,P0027,S010,6,275.2,1651.2,2025-03-09,2025-03-09,2,On Time,Fulfilled,0,0
O002931,2025-04-02,South,P0017,S004,6,179.09,1074.54,2025-04-07,2025-04-07,5,On Time,Fulfilled,0,0
O002932,2025-05-26,Central,P0031,S010,6,75.12,450.72,2025-05-31,2025-06-01,6,Late,Fulfilled,0,1
O002933,2025-10-20,Central,P0016,S001,1,140.21,140.21,2025-10-23,2025-10-23,3,On Time,Fulfilled,0,0
O002934,2025-12-18,Central,P0007,S010,4,85.99,343.96,2025-12-24,2025-12-25,7,Late,Fulfilled,0,1
O002935,2025-02-23,West,P0038,S007,8,97.26,778.08,2025-02-25,2025-02-24,1,On Time,Fulfilled,0,0
O002936,2025-08-23,East,P0005,S004,5,247.38,1236.9,2025-08-29,2025-08-30,7,Late,Fulfilled,0,1
O002937,2025-10-27,South,P0017,S004,4,179.09,716.36,2025-10-29,2025-10-29,2,On Time,Fulfilled,0,0
O002938,2025-02-04,West,P0013,S004,8,290.72,2325.76,2025-02-09,2025-02-09,5,On Time,Fulfilled,0,0
O002939,2025-02-01,North,P0053,S004,6,133.42,800.52,2025-02-06,2025-02-07,6,Late,Fulfilled,0,1
O002940,2025-12-25,North,P0024,S001,8,64.9,519.2,2025-12-31,2025-12-30,5,On Time,Fulfilled,0,0
O002941,2025-09-17,West,P0049,S004,5,224.76,1123.8,2025-09-21,2025-09-25,8,Late,Fulfilled,0,1
O002942,2025-07-10,West,P0051,S010,7,159.11,1113.77,2025-07-16,2025-07-15,5,On Time,Returned,1,0
O002943,2025-06-06,Central,P0031,S010,5,75.12,375.6,2025-06-11,2025-06-12,6,Late,Fulfilled,0,1
O002944,2025-11-06,West,P0029,S004,8,76.33,610.64,2025-11-10,2025-11-09,3,On Time,Fulfilled,0,0
O002945,2025-01-15,South,P0059,S010,6,209.28,1255.68,2025-01-20,2025-01-20,5,On Time,Fulfilled,0,0
O002946,2025-02-12,East,P0012,S001,2,86.98,173.96,2025-02-18,2025-02-19,7,Late,Fulfilled,0,1
O002947,2025-06-02,West,P0052,S001,6,57.76,346.56,2025-06-07,2025-06-06,4,On Time,Fulfilled,0,0
O002948,2025-08-25,East,P0007,S010,3,85.99,257.97,2025-08-29,2025-08-29,4,On Time,Fulfilled,0,0
O002949,2025-03-08,East,P0007,S010,3,85.99,257.97,2025-03-12,2025-03-13,5,Late,Fulfilled,0,1
O002950,2025-10-21,North,P0018,S007,7,79.76,558.32,2025-10-26,2025-10-27,6,Late,Fulfilled,0,1
O002951,2025-12-26,West,P0004,S001,6,209.94,1259.64,2026-01-01,2026-01-02,7,Late,Fulfilled,0,1
O002952,2025-11-16,East,P0044,S001,7,281.48,1970.36,2025-11-20,2025-11-20,4,On Time,Fulfilled,0,0
O002953,2025-06-22,North,P0026,S007,7,250.97,1756.79,2025-06-24,2025-06-30,8,Late,Fulfilled,0,1
O002954,2025-05-24,Central,P0056,S001,2,210.07,420.14,2025-05-27,2025-05-26,2,On Time,Fulfilled,0,0
O002955,2025-04-24,North,P0025,S004,5,171.85,859.25,2025-04-28,2025-04-29,5,Late,Fulfilled,0,1
O002956,2025-08-09,South,P0046,S007,7,225.07,1575.49,2025-08-13,2025-08-14,5,Late,Fulfilled,0,1
O002957,2025-06-26,West,P0044,S001,5,281.48,1407.4,2025-06-30,2025-07-01,5,Late,Fulfilled,0,1
O002958,2025-01-24,Central,P0022,S007,4,174.48,697.92,2025-01-29,2025-01-28,4,On Time,Fulfilled,0,0
O002959,2025-04-02,East,P0023,S010,4,93.63,374.52,2025-04-05,2025-04-05,3,On Time,Fulfilled,0,0
O002960,2025-06-22,North,P0050,S007,8,37.5,300.0,2025-06-28,2025-06-29,7,Late,Fulfilled,0,1
O002961,2025-03-23,North,P0022,S007,8,174.48,1395.84,2025-03-25,2025-03-30,7,Late,Fulfilled,0,1
O002962,2025-05-27,South,P0004,S001,3,209.94,629.82,2025-06-02,2025-06-03,7,Late,Returned,1,1
O002963,2025-07-24,South,P0008,S001,4,158.77,635.08,2025-07-29,2025-08-04,11,Late,Fulfilled,0,1
O002964,2025-09-23,Central,P0056,S001,7,210.07,1470.49,2025-09-25,2025-09-30,7,Late,Fulfilled,0,1
O002965,2025-03-04,South,P0026,S007,3,250.97,752.91,2025-03-09,2025-03-09,5,On Time,Fulfilled,0,0
O002966,2025-11-02,Central,P0060,S001,6,118.33,709.98,2025-11-04,2025-11-04,2,On Time,Fulfilled,0,0
O002967,2025-06-15,South,P0033,S004,2,183.37,366.74,2025-06-18,2025-06-17,2,On Time,Fulfilled,0,0
O002968,2025-04-02,North,P0039,S010,8,71.46,571.68,2025-04-08,2025-04-08,6,On Time,Fulfilled,0,0
O002969,2025-12-01,Central,P0018,S007,7,79.76,558.32,2025-12-04,2025-12-06,5,Late,Fulfilled,0,1
O002970,2025-03-22,Central,P0045,S004,8,109.48,875.84,2025-03-25,2025-03-24,2,On Time,Fulfilled,0,0
O002971,2025-08-29,North,P0048,S001,5,141.97,709.85,2025-09-02,2025-09-01,3,On Time,Fulfilled,0,0
O002972,2025-07-08,East,P0002,S007,6,244.65,1467.9,2025-07-11,2025-07-10,2,On Time,Returned,1,0
O002973,2025-07-06,West,P0032,S001,3,166.64,499.92,2025-07-08,2025-07-07,1,On Time,Fulfilled,0,0
O002974,2025-02-02,South,P0008,S001,8,158.77,1270.16,2025-02-08,2025-02-11,9,Late,Fulfilled,0,1
O002975,2025-03-18,Central,P0045,S004,6,109.48,656.88,2025-03-21,2025-03-25,7,Late,Fulfilled,0,1
O002976,2025-02-24,South,P0050,S007,7,37.5,262.5,2025-02-26,2025-02-25,1,On Time,Fulfilled,0,0
O002977,2025-05-20,Central,P0007,S010,7,85.99,601.93,2025-05-23,2025-05-24,4,Late,Fulfilled,0,1
O002978,2025-05-24,Central,P0054,S007,4,261.11,1044.44,2025-05-28,2025-05-27,3,On Time,Fulfilled,0,0
O002979,2025-02-09,North,P0040,S001,3,216.21,648.63,2025-02-14,2025-02-13,4,On Time,Fulfilled,0,0
O002980,2025-03-08,Central,P0049,S004,6,224.76,1348.56,2025-03-14,2025-03-18,10,Late,Fulfilled,0,1
O002981,2025-05-04,North,P0010,S007,1,101.15,101.15,2025-05-07,2025-05-06,2,On Time,Fulfilled,0,0
O002982,2025-10-03,Central,P0016,S001,2,140.21,280.42,2025-10-05,2025-10-04,1,On Time,Fulfilled,0,0
O002983,2025-04-10,East,P0055,S010,3,76.46,229.38,2025-04-15,2025-04-14,4,On Time,Returned,1,0
O002984,2025-12-10,West,P0040,S001,1,216.21,216.21,2025-12-14,2025-12-14,4,On Time,Fulfilled,0,0
O002985,2025-10-08,East,P0022,S007,3,174.48,523.44,2025-10-14,2025-10-13,5,On Time,Fulfilled,0,0
O002986,2025-01-13,West,P0007,S010,2,85.99,171.98,2025-01-18,2025-01-18,5,On Time,Returned,1,0
O002987,2025-03-10,Central,P0035,S010,6,211.82,1270.92,2025-03-12,2025-03-11,1,On Time,Fulfilled,0,0
O002988,2025-03-10,West,P0020,S001,7,148.59,1040.13,2025-03-16,2025-03-16,6,On Time,Fulfilled,0,0
O002989,2025-11-30,South,P0016,S001,3,140.21,420.63,2025-12-03,2025-12-03,3,On Time,Fulfilled,0,0
O002990,2025-03-02,North,P0035,S010,2,211.82,423.64,2025-03-07,2025-03-10,8,Late,Fulfilled,0,1
O002991,2025-12-17,South,P0035,S010,5,211.82,1059.1,2025-12-19,2025-12-20,3,Late,Returned,1,1
O002992,2025-03-06,North,P0056,S001,2,210.07,420.14,2025-03-12,2025-03-13,7,Late,Fulfilled,0,1
O002993,2025-09-29,North,P0029,S004,6,76.33,457.98,2025-10-05,2025-10-04,5,On Time,Fulfilled,0,0
O002994,2025-11-12,East,P0011,S010,6,132.12,792.72,2025-11-15,2025-11-14,2,On Time,Fulfilled,0,0
O002995,2025-07-27,South,P0029,S004,3,76.33,228.99,2025-07-31,2025-08-01,5,Late,Fulfilled,0,1
O002996,2025-05-28,East,P0037,S004,3,84.71,254.13,2025-06-01,2025-06-02,5,Late,Fulfilled,0,1
O002997,2025-03-22,Central,P0020,S001,8,148.59,1188.72,2025-03-25,2025-03-25,3,On Time,Fulfilled,0,0
O002998,2025-07-20,West,P0024,S001,5,64.9,324.5,2025-07-22,2025-07-22,2,On Time,Fulfilled,0,0
O002999,2025-03-16,South,P0045,S004,2,109.48,218.96,2025-03-20,2025-03-25,9,Late,Fulfilled,0,1
O003000,2025-05-10,East,P0014,S007,8,195.03,1560.24,2025-05-13,2025-05-13,3,On Time,Fulfilled,0,0
O003001,2025-05-26,Central,P0010,S007,6,101.15,606.9,2025-05-29,2025-05-30,4,Late,Fulfilled,0,1
O003002,2025-09-01,Central,P0046,S007,3,225.07,675.21,2025-09-03,2025-09-09,8,Late,Fulfilled,0,1
O003003,2025-10-12,West,P0050,S007,5,37.5,187.5,2025-10-14,2025-10-14,2,On Time,Fulfilled,0,0
O003004,2025-05-13,East,P0019,S010,6,269.79,1618.74,2025-05-19,2025-05-20,7,Late,Fulfilled,0,1
O003005,2025-12-26,South,P0018,S007,8,79.76,638.08,2025-12-29,2025-12-28,2,On Time,Fulfilled,0,0
O003006,2025-03-28,South,P0050,S007,3,37.5,112.5,2025-04-03,2025-04-02,5,On Time,Returned,1,0
O003007,2025-06-30,West,P0019,S010,2,269.79,539.58,2025-07-05,2025-07-05,5,On Time,Fulfilled,0,0
O003008,2025-07-28,North,P0016,S001,5,140.21,701.05,2025-08-01,2025-08-01,4,On Time,Fulfilled,0,0
O003009,2025-02-16,West,P0031,S010,6,75.12,450.72,2025-02-21,2025-02-26,10,Late,Fulfilled,0,1
O003010,2025-06-29,North,P0025,S004,3,171.85,515.55,2025-07-02,2025-07-03,4,Late,Returned,1,1
O003011,2025-02-13,South,P0027,S010,6,275.2,1651.2,2025-02-17,2025-02-19,6,Late,Fulfilled,0,1
O003012,2025-04-15,Central,P0050,S007,3,37.5,112.5,2025-04-18,2025-04-18,3,On Time,Fulfilled,0,0
O003013,2025-05-07,East,P0019,S010,6,269.79,1618.74,2025-05-09,2025-05-08,1,On Time,Fulfilled,0,0
O003014,2025-10-02,North,P0021,S004,7,179.24,1254.68,2025-10-07,2025-10-07,5,On Time,Fulfilled,0,0
O003015,2025-11-06,Central,P0041,S004,3,162.16,486.48,2025-11-11,2025-11-15,9,Late,Fulfilled,0,1
O003016,2025-04-04,East,P0018,S007,5,79.76,398.8,2025-04-07,2025-04-06,2,On Time,Fulfilled,0,0
O003017,2025-06-29,South,P0016,S001,2,140.21,280.42,2025-07-02,2025-07-03,4,Late,Fulfilled,0,1
O003018,2025-05-17,South,P0058,S007,1,66.02,66.02,2025-05-23,2025-05-24,7,Late,Fulfilled,0,1
O003019,2025-11-28,Central,P0001,S004,7,289.3,2025.1,2025-11-30,2025-11-29,1,On Time,Returned,1,0
O003020,2025-02-26,South,P0006,S007,7,73.03,511.21,2025-03-04,2025-03-04,6,On Time,Fulfilled,0,0
O003021,2025-12-26,North,P0042,S007,1,315.31,315.31,2025-12-31,2025-12-30,4,On Time,Fulfilled,0,0
O003022,2025-04-22,East,P0039,S010,7,71.46,500.22,2025-04-25,2025-04-25,3,On Time,Fulfilled,0,0
O003023,2025-09-24,Central,P0015,S010,5,312.58,1562.9,2025-09-26,2025-10-02,8,Late,Fulfilled,0,1
O003024,2025-05-23,East,P0016,S001,8,140.21,1121.68,2025-05-25,2025-05-24,1,On Time,Fulfilled,0,0
O003025,2025-06-19,West,P0002,S007,3,244.65,733.95,2025-06-21,2025-06-22,3,Late,Fulfilled,0,1
O003026,2025-09-24,East,P0020,S001,4,148.59,594.36,2025-09-29,2025-09-28,4,On Time,Fulfilled,0,0
O003027,2025-12-29,Central,P0037,S004,1,84.71,84.71,2026-01-02,2026-01-03,5,Late,Fulfilled,0,1
O003028,2025-11-11,East,P0047,S010,8,108.12,864.96,2025-11-16,2025-11-15,4,On Time,Fulfilled,0,0
O003029,2025-06-21,North,P0006,S007,2,73.03,146.06,2025-06-25,2025-06-29,8,Late,Fulfilled,0,1
O003030,2025-06-30,West,P0001,S004,1,289.3,289.3,2025-07-04,2025-07-03,3,On Time,Fulfilled,0,0
O003031,2025-01-12,Central,P0006,S007,3,73.03,219.09,2025-01-15,2025-01-16,4,Late,Fulfilled,0,1
O003032,2025-07-26,South,P0007,S010,8,85.99,687.92,2025-08-01,2025-08-02,7,Late,Fulfilled,0,1
O003033,2025-03-20,South,P0032,S001,6,166.64,999.84,2025-03-24,2025-03-25,5,Late,Fulfilled,0,1
O003034,2025-05-14,South,P0015,S010,6,312.58,1875.48,2025-05-17,2025-05-17,3,On Time,Fulfilled,0,0
O003035,2025-06-10,East,P0010,S007,5,101.15,505.75,2025-06-16,2025-06-17,7,Late,Fulfilled,0,1
O003036,2025-12-13,West,P0059,S010,3,209.28,627.84,2025-12-18,2025-12-19,6,Late,Fulfilled,0,1
O003037,2025-04-30,North,P0058,S007,4,66.02,264.08,2025-05-05,2025-05-07,7,Late,Fulfilled,0,1
O003038,2025-11-03,North,P0044,S001,6,281.48,1688.88,2025-11-05,2025-11-06,3,Late,Fulfilled,0,1
O003039,2025-07-11,South,P0057,S004,3,302.85,908.55,2025-07-17,2025-07-16,5,On Time,Fulfilled,0,0
O003040,2025-04-07,East,P0051,S010,1,159.11,159.11,2025-04-13,2025-04-13,6,On Time,Fulfilled,0,0
O003041,2025-11-02,North,P0011,S010,2,132.12,264.24,2025-11-08,2025-11-08,6,On Time,Fulfilled,0,0
O003042,2025-07-28,West,P0010,S007,2,101.15,202.3,2025-07-30,2025-07-29,1,On Time,Fulfilled,0,0
O003043,2025-03-22,Central,P0031,S010,5,75.12,375.6,2025-03-28,2025-03-29,7,Late,Fulfilled,0,1
O003044,2025-12-07,North,P0009,S004,5,209.42,1047.1,2025-12-12,2025-12-13,6,Late,Fulfilled,0,1
O003045,2025-11-09,West,P0039,S010,1,71.46,71.46,2025-11-15,2025-11-14,5,On Time,Fulfilled,0,0
O003046,2025-02-27,Central,P0006,S007,8,73.03,584.24,2025-03-04,2025-03-10,11,Late,Returned,1,1
O003047,2025-07-11,South,P0010,S007,3,101.15,303.45,2025-07-14,2025-07-14,3,On Time,Fulfilled,0,0
O003048,2025-10-27,East,P0031,S010,1,75.12,75.12,2025-11-02,2025-11-03,7,Late,Fulfilled,0,1
O003049,2025-11-29,West,P0052,S001,5,57.76,288.8,2025-12-01,2025-12-01,2,On Time,Fulfilled,0,0
O003050,2025-03-23,East,P0028,S001,8,123.49,987.92,2025-03-25,2025-03-24,1,On Time,Fulfilled,0,0
O003051,2025-04-04,West,P0052,S001,3,57.76,173.28,2025-04-07,2025-04-07,3,On Time,Fulfilled,0,0
O003052,2025-11-14,West,P0054,S007,3,261.11,783.33,2025-11-18,2025-11-17,3,On Time,Fulfilled,0,0
O003053,2025-08-25,North,P0054,S007,3,261.11,783.33,2025-08-30,2025-08-29,4,On Time,Fulfilled,0,0
O003054,2025-05-09,East,P0024,S001,3,64.9,194.7,2025-05-13,2025-05-13,4,On Time,Fulfilled,0,0
O003055,2025-07-01,Central,P0022,S007,8,174.48,1395.84,2025-07-04,2025-07-04,3,On Time,Fulfilled,0,0
O003056,2025-12-13,North,P0011,S010,8,132.12,1056.96,2025-12-16,2025-12-17,4,Late,Fulfilled,0,1
O003057,2025-09-12,West,P0008,S001,2,158.77,317.54,2025-09-17,2025-09-18,6,Late,Fulfilled,0,1
O003058,2025-02-21,North,P0052,S001,2,57.76,115.52,2025-02-24,2025-02-24,3,On Time,Fulfilled,0,0
O003059,2025-09-25,Central,P0003,S010,3,294.12,882.36,2025-09-28,2025-09-29,4,Late,Fulfilled,0,1
O003060,2025-02-17,South,P0057,S004,3,302.85,908.55,2025-02-21,2025-02-22,5,Late,Fulfilled,0,1
O003061,2025-11-02,West,P0022,S007,3,174.48,523.44,2025-11-06,2025-11-06,4,On Time,Fulfilled,0,0
O003062,2025-10-07,Central,P0034,S007,7,263.25,1842.75,2025-10-11,2025-10-12,5,Late,Fulfilled,0,1
O003063,2025-12-22,Central,P0033,S004,5,183.37,916.85,2025-12-27,2025-12-28,6,Late,Fulfilled,0,1
O003064,2025-01-03,South,P0017,S004,8,179.09,1432.72,2025-01-08,2025-01-09,6,Late,Returned,1,1
O003065,2025-01-20,Central,P0049,S004,2,224.76,449.52,2025-01-24,2025-01-25,5,Late,Fulfilled,0,1
O003066,2025-01-27,Central,P0051,S010,4,159.11,636.44,2025-01-30,2025-02-04,8,Late,Fulfilled,0,1
O003067,2025-07-21,West,P0006,S007,7,73.03,511.21,2025-07-25,2025-07-26,5,Late,Returned,1,1
O003068,2025-02-09,East,P0049,S004,2,224.76,449.52,2025-02-14,2025-02-14,5,On Time,Fulfilled,0,0
O003069,2025-08-13,West,P0041,S004,4,162.16,648.64,2025-08-19,2025-08-19,6,On Time,Fulfilled,0,0
O003070,2025-01-06,North,P0035,S010,6,211.82,1270.92,2025-01-12,2025-01-11,5,On Time,Fulfilled,0,0
O003071,2025-10-15,West,P0039,S010,6,71.46,428.76,2025-10-19,2025-10-21,6,Late,Fulfilled,0,1
O003072,2025-08-21,East,P0053,S004,2,133.42,266.84,2025-08-23,2025-08-22,1,On Time,Fulfilled,0,0
O003073,2025-03-04,West,P0026,S007,7,250.97,1756.79,2025-03-07,2025-03-06,2,On Time,Fulfilled,0,0
O003074,2025-04-20,South,P0056,S001,4,210.07,840.28,2025-04-23,2025-04-23,3,On Time,Returned,1,0
O003075,2025-03-22,North,P0043,S010,3,254.39,763.17,2025-03-25,2025-03-26,4,Late,Fulfilled,0,1
O003076,2025-04-22,North,P0014,S007,4,195.03,780.12,2025-04-26,2025-04-25,3,On Time,Fulfilled,0,0
O003077,2025-07-28,Central,P0023,S010,7,93.63,655.41,2025-07-30,2025-07-31,3,Late,Fulfilled,0,1
O003078,2025-06-27,North,P0048,S001,8,141.97,1135.76,2025-06-29,2025-06-29,2,On Time,Fulfilled,0,0
O003079,2025-01-26,South,P0017,S004,1,179.09,179.09,2025-01-30,2025-01-29,3,On Time,Fulfilled,0,0
O003080,2025-11-18,Central,P0054,S007,6,261.11,1566.66,2025-11-20,2025-11-20,2,On Time,Fulfilled,0,0
O003081,2025-04-06,East,P0032,S001,6,166.64,999.84,2025-04-10,2025-04-09,3,On Time,Fulfilled,0,0
O003082,2025-04-24,West,P0037,S004,2,84.71,169.42,2025-04-28,2025-04-29,5,Late,Fulfilled,0,1
O003083,2025-05-04,West,P0010,S007,7,101.15,708.05,2025-05-10,2025-05-11,7,Late,Fulfilled,0,1
O003084,2025-09-24,Central,P0049,S004,4,224.76,899.04,2025-09-27,2025-09-28,4,Late,Fulfilled,0,1
O003085,2025-10-02,North,P0014,S007,8,195.03,1560.24,2025-10-07,2025-10-09,7,Late,Fulfilled,0,1
O003086,2025-09-21,North,P0037,S004,2,84.71,169.42,2025-09-27,2025-09-28,7,Late,Returned,1,1
O003087,2025-05-27,Central,P0047,S010,5,108.12,540.6,2025-05-29,2025-05-30,3,Late,Fulfilled,0,1
O003088,2025-04-13,North,P0032,S001,1,166.64,166.64,2025-04-16,2025-04-17,4,Late,Fulfilled,0,1
O003089,2025-10-15,South,P0025,S004,8,171.85,1374.8,2025-10-19,2025-10-19,4,On Time,Fulfilled,0,0
O003090,2025-01-17,South,P0027,S010,2,275.2,550.4,2025-01-19,2025-01-18,1,On Time,Fulfilled,0,0
O003091,2025-04-14,North,P0026,S007,1,250.97,250.97,2025-04-16,2025-04-16,2,On Time,Fulfilled,0,0
O003092,2025-03-28,West,P0034,S007,6,263.25,1579.5,2025-03-30,2025-03-31,3,Late,Fulfilled,0,1
O003093,2025-08-05,South,P0012,S001,5,86.98,434.9,2025-08-09,2025-08-10,5,Late,Fulfilled,0,1
O003094,2025-12-25,East,P0059,S010,5,209.28,1046.4,2025-12-30,2026-01-01,7,Late,Fulfilled,0,1
O003095,2025-03-30,West,P0038,S007,5,97.26,486.3,2025-04-03,2025-04-02,3,On Time,Fulfilled,0,0
O003096,2025-11-05,South,P0038,S007,1,97.26,97.26,2025-11-10,2025-11-10,5,On Time,Fulfilled,0,0
O003097,2025-07-08,Central,P0047,S010,7,108.12,756.84,2025-07-12,2025-07-15,7,Late,Fulfilled,0,1
O003098,2025-10-18,South,P0002,S007,8,244.65,1957.2,2025-10-24,2025-10-27,9,Late,Fulfilled,0,1
O003099,2025-09-30,Central,P0050,S007,6,37.5,225.0,2025-10-03,2025-10-02,2,On Time,Fulfilled,0,0
O003100,2025-11-16,North,P0018,S007,1,79.76,79.76,2025-11-22,2025-11-21,5,On Time,Fulfilled,0,0
O003101,2025-07-07,South,P0004,S001,4,209.94,839.76,2025-07-09,2025-07-08,1,On Time,Fulfilled,0,0
O003102,2025-09-18,Central,P0034,S007,1,263.25,263.25,2025-09-21,2025-09-20,2,On Time,Fulfilled,0,0
O003103,2025-11-11,North,P0051,S010,8,159.11,1272.88,2025-11-13,2025-11-12,1,On Time,Fulfilled,0,0
O003104,2025-09-29,East,P0016,S001,3,140.21,420.63,2025-10-03,2025-10-04,5,Late,Fulfilled,0,1
O003105,2025-05-16,Central,P0020,S001,5,148.59,742.95,2025-05-21,2025-05-21,5,On Time,Fulfilled,0,0
O003106,2025-10-20,East,P0011,S010,1,132.12,132.12,2025-10-25,2025-10-24,4,On Time,Fulfilled,0,0
O003107,2025-04-08,North,P0040,S001,5,216.21,1081.05,2025-04-13,2025-04-13,5,On Time,Fulfilled,0,0
O003108,2025-02-14,South,P0002,S007,6,244.65,1467.9,2025-02-17,2025-02-17,3,On Time,Fulfilled,0,0
O003109,2025-01-01,South,P0058,S007,3,66.02,198.06,2025-01-05,2025-01-04,3,On Time,Fulfilled,0,0
O003110,2025-07-20,Central,P0041,S004,8,162.16,1297.28,2025-07-26,2025-07-26,6,On Time,Fulfilled,0,0
O003111,2025-08-22,South,P0048,S001,3,141.97,425.91,2025-08-25,2025-08-26,4,Late,Fulfilled,0,1
O003112,2025-07-20,Central,P0035,S010,7,211.82,1482.74,2025-07-22,2025-07-21,1,On Time,Fulfilled,0,0
O003113,2025-04-27,East,P0009,S004,2,209.42,418.84,2025-05-03,2025-05-02,5,On Time,Fulfilled,0,0
O003114,2025-10-10,West,P0021,S004,8,179.24,1433.92,2025-10-15,2025-10-16,6,Late,Fulfilled,0,1
O003115,2025-07-27,Central,P0040,S001,6,216.21,1297.26,2025-07-31,2025-07-30,3,On Time,Fulfilled,0,0
O003116,2025-03-25,Central,P0006,S007,1,73.03,73.03,2025-03-29,2025-03-28,3,On Time,Fulfilled,0,0
O003117,2025-12-28,Central,P0015,S010,3,312.58,937.74,2026-01-01,2025-12-31,3,On Time,Fulfilled,0,0
O003118,2025-01-31,Central,P0053,S004,6,133.42,800.52,2025-02-03,2025-02-02,2,On Time,Returned,1,0
O003119,2025-08-06,Central,P0022,S007,8,174.48,1395.84,2025-08-08,2025-08-07,1,On Time,Fulfilled,0,0
O003120,2025-09-18,Central,P0049,S004,6,224.76,1348.56,2025-09-23,2025-09-24,6,Late,Fulfilled,0,1
O003121,2025-09-17,South,P0051,S010,7,159.11,1113.77,2025-09-22,2025-09-21,4,On Time,Fulfilled,0,0
O003122,2025-07-04,South,P0014,S007,1,195.03,195.03,2025-07-09,2025-07-08,4,On Time,Fulfilled,0,0
O003123,2025-02-21,West,P0006,S007,6,73.03,438.18,2025-02-24,2025-02-24,3,On Time,Fulfilled,0,0
O003124,2025-11-23,West,P0041,S004,6,162.16,972.96,2025-11-28,2025-11-28,5,On Time,Fulfilled,0,0
O003125,2025-07-31,East,P0003,S010,5,294.12,1470.6,2025-08-02,2025-08-03,3,Late,Fulfilled,0,1
O003126,2025-01-26,North,P0058,S007,7,66.02,462.14,2025-01-28,2025-01-29,3,Late,Fulfilled,0,1
O003127,2025-10-12,North,P0004,S001,4,209.94,839.76,2025-10-17,2025-10-17,5,On Time,Fulfilled,0,0
O003128,2025-02-20,East,P0048,S001,3,141.97,425.91,2025-02-24,2025-02-24,4,On Time,Returned,1,0
O003129,2025-01-20,Central,P0035,S010,3,211.82,635.46,2025-01-22,2025-01-23,3,Late,Fulfilled,0,1
O003130,2025-12-01,West,P0015,S010,3,312.58,937.74,2025-12-04,2025-12-05,4,Late,Fulfilled,0,1
O003131,2025-05-23,East,P0028,S001,4,123.49,493.96,2025-05-28,2025-05-28,5,On Time,Fulfilled,0,0
O003132,2025-12-15,East,P0036,S001,8,98.04,784.32,2025-12-20,2025-12-19,4,On Time,Fulfilled,0,0
O003133,2025-01-15,Central,P0034,S007,6,263.25,1579.5,2025-01-19,2025-01-20,5,Late,Fulfilled,0,1
O003134,2025-09-30,East,P0015,S010,5,312.58,1562.9,2025-10-02,2025-10-07,7,Late,Returned,1,1
O003135,2025-06-07,North,P0028,S001,5,123.49,617.45,2025-06-12,2025-06-11,4,On Time,Fulfilled,0,0
O003136,2025-08-29,West,P0059,S010,3,209.28,627.84,2025-09-02,2025-09-02,4,On Time,Fulfilled,0,0
O003137,2025-06-06,East,P0006,S007,6,73.03,438.18,2025-06-10,2025-06-11,5,Late,Fulfilled,0,1
O003138,2025-05-08,South,P0034,S007,4,263.25,1053.0,2025-05-12,2025-05-12,4,On Time,Fulfilled,0,0
O003139,2025-02-05,South,P0059,S010,1,209.28,209.28,2025-02-09,2025-02-08,3,On Time,Fulfilled,0,0
O003140,2025-08-22,Central,P0051,S010,2,159.11,318.22,2025-08-28,2025-09-02,11,Late,Fulfilled,0,1
O003141,2025-05-12,North,P0010,S007,7,101.15,708.05,2025-05-17,2025-05-18,6,Late,Fulfilled,0,1
O003142,2025-11-01,East,P0007,S010,4,85.99,343.96,2025-11-06,2025-11-07,6,Late,Fulfilled,0,1
O003143,2025-01-03,East,P0056,S001,2,210.07,420.14,2025-01-06,2025-01-07,4,Late,Fulfilled,0,1
O003144,2025-12-22,Central,P0010,S007,7,101.15,708.05,2025-12-25,2025-12-24,2,On Time,Fulfilled,0,0
O003145,2025-11-07,East,P0019,S010,4,269.79,1079.16,2025-11-10,2025-11-12,5,Late,Fulfilled,0,1
O003146,2025-04-11,East,P0027,S010,8,275.2,2201.6,2025-04-14,2025-04-15,4,Late,Fulfilled,0,1
O003147,2025-08-21,North,P0002,S007,6,244.65,1467.9,2025-08-24,2025-08-23,2,On Time,Fulfilled,0,0
O003148,2025-11-25,South,P0020,S001,8,148.59,1188.72,2025-12-01,2025-11-30,5,On Time,Fulfilled,0,0
O003149,2025-07-30,East,P0047,S010,4,108.12,432.48,2025-08-03,2025-08-08,9,Late,Fulfilled,0,1
O003150,2025-11-23,East,P0037,S004,2,84.71,169.42,2025-11-29,2025-11-29,6,On Time,Fulfilled,0,0
O003151,2025-12-28,West,P0030,S007,6,299.53,1797.18,2026-01-02,2026-01-02,5,On Time,Fulfilled,0,0
O003152,2025-01-01,North,P0001,S004,3,289.3,867.9,2025-01-05,2025-01-05,4,On Time,Fulfilled,0,0
O003153,2025-09-13,Central,P0013,S004,6,290.72,1744.32,2025-09-18,2025-09-21,8,Late,Fulfilled,0,1
O003154,2025-11-06,South,P0039,S010,1,71.46,71.46,2025-11-08,2025-11-08,2,On Time,Fulfilled,0,0
O003155,2025-04-21,Central,P0023,S010,7,93.63,655.41,2025-04-26,2025-04-25,4,On Time,Fulfilled,0,0
O003156,2025-05-24,West,P0042,S007,2,315.31,630.62,2025-05-28,2025-06-03,10,Late,Fulfilled,0,1
O003157,2025-07-07,West,P0023,S010,7,93.63,655.41,2025-07-13,2025-07-18,11,Late,Fulfilled,0,1
O003158,2025-03-28,South,P0031,S010,4,75.12,300.48,2025-04-02,2025-04-03,6,Late,Fulfilled,0,1
O003159,2025-05-02,Central,P0009,S004,2,209.42,418.84,2025-05-08,2025-05-09,7,Late,Fulfilled,0,1
O003160,2025-09-03,South,P0005,S004,8,247.38,1979.04,2025-09-06,2025-09-05,2,On Time,Fulfilled,0,0
O003161,2025-02-15,East,P0001,S004,3,289.3,867.9,2025-02-19,2025-02-18,3,On Time,Fulfilled,0,0
O003162,2025-07-09,North,P0037,S004,7,84.71,592.97,2025-07-14,2025-07-16,7,Late,Fulfilled,0,1
O003163,2025-09-23,West,P0006,S007,4,73.03,292.12,2025-09-29,2025-09-29,6,On Time,Fulfilled,0,0
O003164,2025-05-01,East,P0005,S004,3,247.38,742.14,2025-05-06,2025-05-05,4,On Time,Fulfilled,0,0
O003165,2025-10-24,South,P0052,S001,2,57.76,115.52,2025-10-30,2025-10-30,6,On Time,Fulfilled,0,0
O003166,2025-05-06,South,P0056,S001,8,210.07,1680.56,2025-05-11,2025-05-15,9,Late,Fulfilled,0,1
O003167,2025-03-07,South,P0042,S007,5,315.31,1576.55,2025-03-10,2025-03-11,4,Late,Fulfilled,0,1
O003168,2025-08-25,West,P0047,S010,6,108.12,648.72,2025-08-27,2025-08-27,2,On Time,Fulfilled,0,0
O003169,2025-08-16,East,P0050,S007,2,37.5,75.0,2025-08-19,2025-08-23,7,Late,Fulfilled,0,1
O003170,2025-04-20,South,P0032,S001,5,166.64,833.2,2025-04-26,2025-04-25,5,On Time,Fulfilled,0,0
O003171,2025-11-30,South,P0030,S007,8,299.53,2396.24,2025-12-02,2025-12-02,2,On Time,Fulfilled,0,0
O003172,2025-06-13,West,P0017,S004,2,179.09,358.18,2025-06-15,2025-06-16,3,Late,Fulfilled,0,1
O003173,2025-05-17,North,P0010,S007,1,101.15,101.15,2025-05-19,2025-05-19,2,On Time,Fulfilled,0,0
O003174,2025-10-13,South,P0005,S004,7,247.38,1731.66,2025-10-15,2025-10-17,4,Late,Fulfilled,0,1
O003175,2025-02-05,Central,P0031,S010,8,75.12,600.96,2025-02-11,2025-02-11,6,On Time,Fulfilled,0,0
O003176,2025-10-15,West,P0009,S004,3,209.42,628.26,2025-10-21,2025-10-21,6,On Time,Fulfilled,0,0
O003177,2025-11-30,West,P0048,S001,6,141.97,851.82,2025-12-06,2025-12-10,10,Late,Fulfilled,0,1
O003178,2025-12-21,North,P0027,S010,3,275.2,825.6,2025-12-25,2025-12-25,4,On Time,Fulfilled,0,0
O003179,2025-11-14,North,P0058,S007,5,66.02,330.1,2025-11-18,2025-11-18,4,On Time,Fulfilled,0,0
O003180,2025-11-22,Central,P0006,S007,2,73.03,146.06,2025-11-24,2025-11-25,3,Late,Fulfilled,0,1
O003181,2025-02-27,North,P0041,S004,4,162.16,648.64,2025-03-04,2025-03-03,4,On Time,Fulfilled,0,0
O003182,2025-10-03,North,P0059,S010,3,209.28,627.84,2025-10-09,2025-10-09,6,On Time,Fulfilled,0,0
O003183,2025-03-02,South,P0013,S004,1,290.72,290.72,2025-03-06,2025-03-06,4,On Time,Fulfilled,0,0
O003184,2025-06-13,East,P0043,S010,8,254.39,2035.12,2025-06-15,2025-06-15,2,On Time,Fulfilled,0,0
O003185,2025-10-27,Central,P0059,S010,5,209.28,1046.4,2025-10-31,2025-11-01,5,Late,Returned,1,1
O003186,2025-10-10,Central,P0034,S007,6,263.25,1579.5,2025-10-16,2025-10-17,7,Late,Fulfilled,0,1
O003187,2025-08-29,North,P0059,S010,6,209.28,1255.68,2025-09-02,2025-09-03,5,Late,Fulfilled,0,1
O003188,2025-10-27,South,P0059,S010,7,209.28,1464.96,2025-10-31,2025-11-05,9,Late,Fulfilled,0,1
O003189,2025-07-24,South,P0045,S004,3,109.48,328.44,2025-07-26,2025-07-30,6,Late,Fulfilled,0,1
O003190,2025-12-05,East,P0012,S001,5,86.98,434.9,2025-12-10,2025-12-09,4,On Time,Fulfilled,0,0
O003191,2025-12-28,West,P0060,S001,7,118.33,828.31,2026-01-01,2026-01-02,5,Late,Fulfilled,0,1
O003192,2025-01-14,Central,P0040,S001,7,216.21,1513.47,2025-01-19,2025-01-20,6,Late,Fulfilled,0,1
O003193,2025-04-17,West,P0031,S010,4,75.12,300.48,2025-04-21,2025-04-21,4,On Time,Fulfilled,0,0
O003194,2025-03-02,South,P0023,S010,2,93.63,187.26,2025-03-05,2025-03-06,4,Late,Fulfilled,0,1
O003195,2025-12-11,East,P0049,S004,6,224.76,1348.56,2025-12-15,2025-12-14,3,On Time,Fulfilled,0,0
O003196,2025-08-05,West,P0022,S007,2,174.48,348.96,2025-08-09,2025-08-10,5,Late,Fulfilled,0,1
O003197,2025-08-11,West,P0036,S001,4,98.04,392.16,2025-08-17,2025-08-18,7,Late,Returned,1,1
O003198,2025-03-27,Central,P0024,S001,1,64.9,64.9,2025-03-29,2025-03-28,1,On Time,Fulfilled,0,0
O003199,2025-09-11,North,P0038,S007,1,97.26,97.26,2025-09-17,2025-09-18,7,Late,Fulfilled,0,1
O003200,2025-07-09,East,P0034,S007,1,263.25,263.25,2025-07-12,2025-07-12,3,On Time,Fulfilled,0,0
O003201,2025-10-12,West,P0013,S004,7,290.72,2035.04,2025-10-18,2025-10-17,5,On Time,Fulfilled,0,0
O003202,2025-04-16,North,P0046,S007,7,225.07,1575.49,2025-04-19,2025-04-18,2,On Time,Fulfilled,0,0
O003203,2025-09-03,West,P0025,S004,8,171.85,1374.8,2025-09-07,2025-09-06,3,On Time,Fulfilled,0,0
O003204,2025-08-21,East,P0019,S010,5,269.79,1348.95,2025-08-27,2025-08-26,5,On Time,Fulfilled,0,0
O003205,2025-07-28,Central,P0002,S007,6,244.65,1467.9,2025-08-03,2025-08-03,6,On Time,Fulfilled,0,0
O003206,2025-12-01,Central,P0057,S004,2,302.85,605.7,2025-12-07,2025-12-07,6,On Time,Fulfilled,0,0
O003207,2025-08-14,East,P0020,S001,4,148.59,594.36,2025-08-19,2025-08-20,6,Late,Fulfilled,0,1
O003208,2025-07-13,North,P0006,S007,1,73.03,73.03,2025-07-19,2025-07-20,7,Late,Fulfilled,0,1
O003209,2025-08-04,East,P0017,S004,8,179.09,1432.72,2025-08-09,2025-08-10,6,Late,Fulfilled,0,1
O003210,2025-11-24,East,P0016,S001,1,140.21,140.21,2025-11-29,2025-11-29,5,On Time,Fulfilled,0,0
O003211,2025-08-18,North,P0035,S010,2,211.82,423.64,2025-08-22,2025-08-21,3,On Time,Fulfilled,0,0
O003212,2025-01-26,North,P0005,S004,8,247.38,1979.04,2025-01-28,2025-01-28,2,On Time,Fulfilled,0,0
O003213,2025-03-24,North,P0041,S004,6,162.16,972.96,2025-03-26,2025-03-28,4,Late,Fulfilled,0,1
O003214,2025-05-27,North,P0028,S001,6,123.49,740.94,2025-05-29,2025-05-29,2,On Time,Fulfilled,0,0
O003215,2025-01-12,West,P0002,S007,8,244.65,1957.2,2025-01-17,2025-01-16,4,On Time,Fulfilled,0,0
O003216,2025-06-25,North,P0049,S004,5,224.76,1123.8,2025-06-28,2025-06-27,2,On Time,Fulfilled,0,0
O003217,2025-12-12,North,P0049,S004,4,224.76,899.04,2025-12-17,2025-12-18,6,Late,Fulfilled,0,1
O003218,2025-03-24,East,P0040,S001,8,216.21,1729.68,2025-03-27,2025-03-26,2,On Time,Fulfilled,0,0
O003219,2025-06-01,West,P0019,S010,5,269.79,1348.95,2025-06-06,2025-06-07,6,Late,Fulfilled,0,1
O003220,2025-12-25,North,P0044,S001,4,281.48,1125.92,2025-12-30,2025-12-31,6,Late,Fulfilled,0,1
O003221,2025-05-10,West,P0032,S001,5,166.64,833.2,2025-05-12,2025-05-16,6,Late,Fulfilled,0,1
O003222,2025-05-03,North,P0052,S001,7,57.76,404.32,2025-05-07,2025-05-08,5,Late,Fulfilled,0,1
O003223,2025-10-16,South,P0007,S010,3,85.99,257.97,2025-10-22,2025-10-21,5,On Time,Fulfilled,0,0
O003224,2025-10-04,North,P0016,S001,1,140.21,140.21,2025-10-06,2025-10-06,2,On Time,Fulfilled,0,0
O003225,2025-01-14,North,P0011,S010,7,132.12,924.84,2025-01-18,2025-01-23,9,Late,Fulfilled,0,1
O003226,2025-12-25,East,P0036,S001,5,98.04,490.2,2025-12-29,2025-12-30,5,Late,Fulfilled,0,1
O003227,2025-05-29,East,P0025,S004,2,171.85,343.7,2025-05-31,2025-05-31,2,On Time,Fulfilled,0,0
O003228,2025-03-06,South,P0003,S010,6,294.12,1764.72,2025-03-10,2025-03-09,3,On Time,Fulfilled,0,0
O003229,2025-02-07,North,P0013,S004,2,290.72,581.44,2025-02-11,2025-02-15,8,Late,Fulfilled,0,1
O003230,2025-04-14,North,P0046,S007,4,225.07,900.28,2025-04-20,2025-04-20,6,On Time,Fulfilled,0,0
O003231,2025-06-29,West,P0004,S001,8,209.94,1679.52,2025-07-03,2025-07-04,5,Late,Fulfilled,0,1
O003232,2025-06-03,South,P0004,S001,7,209.94,1469.58,2025-06-09,2025-06-08,5,On Time,Fulfilled,0,0
O003233,2025-08-12,East,P0012,S001,4,86.98,347.92,2025-08-16,2025-08-15,3,On Time,Fulfilled,0,0
O003234,2025-12-23,South,P0004,S001,5,209.94,1049.7,2025-12-29,2025-12-29,6,On Time,Fulfilled,0,0
O003235,2025-07-30,Central,P0059,S010,1,209.28,209.28,2025-08-02,2025-08-02,3,On Time,Fulfilled,0,0
O003236,2025-07-29,North,P0056,S001,4,210.07,840.28,2025-08-01,2025-08-01,3,On Time,Fulfilled,0,0
O003237,2025-09-15,Central,P0049,S004,5,224.76,1123.8,2025-09-17,2025-09-23,8,Late,Fulfilled,0,1
O003238,2025-12-09,South,P0043,S010,7,254.39,1780.73,2025-12-11,2025-12-12,3,Late,Fulfilled,0,1
O003239,2025-06-02,North,P0052,S001,5,57.76,288.8,2025-06-07,2025-06-06,4,On Time,Fulfilled,0,0
O003240,2025-01-02,North,P0033,S004,6,183.37,1100.22,2025-01-06,2025-01-06,4,On Time,Fulfilled,0,0
O003241,2025-12-04,North,P0012,S001,6,86.98,521.88,2025-12-08,2025-12-08,4,On Time,Fulfilled,0,0
O003242,2025-07-31,Central,P0036,S001,7,98.04,686.28,2025-08-06,2025-08-10,10,Late,Fulfilled,0,1
O003243,2025-02-03,East,P0031,S010,3,75.12,225.36,2025-02-08,2025-02-07,4,On Time,Fulfilled,0,0
O003244,2025-03-06,West,P0037,S004,4,84.71,338.84,2025-03-12,2025-03-11,5,On Time,Fulfilled,0,0
O003245,2025-06-16,North,P0018,S007,1,79.76,79.76,2025-06-20,2025-06-21,5,Late,Fulfilled,0,1
O003246,2025-06-10,East,P0015,S010,2,312.58,625.16,2025-06-14,2025-06-13,3,On Time,Fulfilled,0,0
O003247,2025-11-19,East,P0059,S010,8,209.28,1674.24,2025-11-22,2025-11-21,2,On Time,Returned,1,0
O003248,2025-01-21,North,P0014,S007,2,195.03,390.06,2025-01-26,2025-01-26,5,On Time,Fulfilled,0,0
O003249,2025-07-18,East,P0037,S004,1,84.71,84.71,2025-07-21,2025-07-20,2,On Time,Fulfilled,0,0
O003250,2025-03-26,North,P0050,S007,2,37.5,75.0,2025-03-28,2025-03-29,3,Late,Fulfilled,0,1
O003251,2025-06-08,West,P0011,S010,1,132.12,132.12,2025-06-12,2025-06-13,5,Late,Fulfilled,0,1
O003252,2025-03-07,West,P0058,S007,8,66.02,528.16,2025-03-13,2025-03-14,7,Late,Fulfilled,0,1
O003253,2025-11-01,North,P0028,S001,3,123.49,370.47,2025-11-05,2025-11-06,5,Late,Returned,1,1
O003254,2025-04-06,South,P0057,S004,1,302.85,302.85,2025-04-08,2025-04-09,3,Late,Fulfilled,0,1
O003255,2025-08-16,North,P0015,S010,5,312.58,1562.9,2025-08-18,2025-08-19,3,Late,Fulfilled,0,1
O003256,2025-02-01,East,P0024,S001,5,64.9,324.5,2025-02-07,2025-02-11,10,Late,Fulfilled,0,1
O003257,2025-05-20,Central,P0005,S004,1,247.38,247.38,2025-05-26,2025-05-25,5,On Time,Fulfilled,0,0
O003258,2025-08-15,Central,P0016,S001,4,140.21,560.84,2025-08-21,2025-08-21,6,On Time,Fulfilled,0,0
O003259,2025-02-18,East,P0046,S007,7,225.07,1575.49,2025-02-21,2025-02-20,2,On Time,Fulfilled,0,0
O003260,2025-09-30,Central,P0001,S004,3,289.3,867.9,2025-10-05,2025-10-04,4,On Time,Returned,1,0
O003261,2025-09-03,West,P0017,S004,6,179.09,1074.54,2025-09-09,2025-09-08,5,On Time,Fulfilled,0,0
O003262,2025-06-08,West,P0006,S007,6,73.03,438.18,2025-06-13,2025-06-14,6,Late,Fulfilled,0,1
O003263,2025-11-12,Central,P0026,S007,5,250.97,1254.85,2025-11-17,2025-11-18,6,Late,Returned,1,1
O003264,2025-04-27,South,P0023,S010,2,93.63,187.26,2025-04-30,2025-04-29,2,On Time,Fulfilled,0,0
O003265,2025-12-14,East,P0053,S004,6,133.42,800.52,2025-12-20,2025-12-23,9,Late,Fulfilled,0,1
O003266,2025-01-24,South,P0007,S010,3,85.99,257.97,2025-01-28,2025-01-27,3,On Time,Fulfilled,0,0
O003267,2025-11-05,South,P0004,S001,1,209.94,209.94,2025-11-08,2025-11-07,2,On Time,Fulfilled,0,0
O003268,2025-11-11,East,P0049,S004,1,224.76,224.76,2025-11-16,2025-11-15,4,On Time,Fulfilled,0,0
O003269,2025-05-27,East,P0056,S001,4,210.07,840.28,2025-06-01,2025-06-01,5,On Time,Fulfilled,0,0
O003270,2025-11-01,South,P0054,S007,5,261.11,1305.55,2025-11-04,2025-11-03,2,On Time,Fulfilled,0,0
O003271,2025-06-25,North,P0051,S010,8,159.11,1272.88,2025-06-29,2025-07-01,6,Late,Fulfilled,0,1
O003272,2025-02-15,Central,P0059,S010,2,209.28,418.56,2025-02-20,2025-02-20,5,On Time,Fulfilled,0,0
O003273,2025-02-06,North,P0026,S007,2,250.97,501.94,2025-02-12,2025-02-11,5,On Time,Fulfilled,0,0
O003274,2025-04-16,North,P0015,S010,2,312.58,625.16,2025-04-20,2025-04-19,3,On Time,Fulfilled,0,0
O003275,2025-04-25,East,P0019,S010,8,269.79,2158.32,2025-04-27,2025-04-27,2,On Time,Fulfilled,0,0
O003276,2025-05-22,North,P0025,S004,7,171.85,1202.95,2025-05-28,2025-06-01,10,Late,Fulfilled,0,1
O003277,2025-06-16,West,P0041,S004,1,162.16,162.16,2025-06-20,2025-06-21,5,Late,Fulfilled,0,1
O003278,2025-03-24,South,P0013,S004,6,290.72,1744.32,2025-03-27,2025-03-28,4,Late,Fulfilled,0,1
O003279,2025-08-08,West,P0033,S004,7,183.37,1283.59,2025-08-10,2025-08-09,1,On Time,Fulfilled,0,0
O003280,2025-08-31,South,P0057,S004,1,302.85,302.85,2025-09-06,2025-09-05,5,On Time,Fulfilled,0,0
O003281,2025-06-06,West,P0037,S004,3,84.71,254.13,2025-06-08,2025-06-07,1,On Time,Fulfilled,0,0
O003282,2025-04-16,North,P0028,S001,5,123.49,617.45,2025-04-21,2025-04-22,6,Late,Fulfilled,0,1
O003283,2025-04-14,East,P0035,S010,1,211.82,211.82,2025-04-19,2025-04-23,9,Late,Fulfilled,0,1
O003284,2025-05-09,North,P0029,S004,8,76.33,610.64,2025-05-12,2025-05-12,3,On Time,Fulfilled,0,0
O003285,2025-12-23,Central,P0059,S010,2,209.28,418.56,2025-12-26,2025-12-25,2,On Time,Fulfilled,0,0
O003286,2025-01-10,West,P0051,S010,1,159.11,159.11,2025-01-15,2025-01-16,6,Late,Fulfilled,0,1
O003287,2025-04-25,South,P0057,S004,4,302.85,1211.4,2025-04-28,2025-04-30,5,Late,Fulfilled,0,1
O003288,2025-05-24,South,P0003,S010,4,294.12,1176.48,2025-05-28,2025-05-29,5,Late,Fulfilled,0,1
O003289,2025-11-11,West,P0001,S004,4,289.3,1157.2,2025-11-16,2025-11-15,4,On Time,Fulfilled,0,0
O003290,2025-01-06,North,P0008,S001,3,158.77,476.31,2025-01-10,2025-01-10,4,On Time,Returned,1,0
O003291,2025-07-13,West,P0004,S001,6,209.94,1259.64,2025-07-16,2025-07-17,4,Late,Fulfilled,0,1
O003292,2025-05-19,West,P0035,S010,7,211.82,1482.74,2025-05-22,2025-05-25,6,Late,Fulfilled,0,1
O003293,2025-06-10,East,P0026,S007,6,250.97,1505.82,2025-06-12,2025-06-11,1,On Time,Fulfilled,0,0
O003294,2025-05-20,Central,P0032,S001,7,166.64,1166.48,2025-05-24,2025-05-30,10,Late,Fulfilled,0,1
O003295,2025-01-19,West,P0052,S001,7,57.76,404.32,2025-01-21,2025-01-21,2,On Time,Fulfilled,0,0
O003296,2025-01-02,North,P0020,S001,8,148.59,1188.72,2025-01-04,2025-01-04,2,On Time,Fulfilled,0,0
O003297,2025-06-08,South,P0003,S010,2,294.12,588.24,2025-06-13,2025-06-19,11,Late,Fulfilled,0,1
O003298,2025-11-10,Central,P0029,S004,7,76.33,534.31,2025-11-16,2025-11-16,6,On Time,Fulfilled,0,0
O003299,2025-12-03,South,P0007,S010,8,85.99,687.92,2025-12-07,2025-12-13,10,Late,Fulfilled,0,1
O003300,2025-11-02,East,P0058,S007,1,66.02,66.02,2025-11-05,2025-11-10,8,Late,Fulfilled,0,1
O003301,2025-07-04,West,P0020,S001,5,148.59,742.95,2025-07-07,2025-07-12,8,Late,Fulfilled,0,1
O003302,2025-05-08,West,P0042,S007,5,315.31,1576.55,2025-05-14,2025-05-13,5,On Time,Fulfilled,0,0
O003303,2025-07-01,Central,P0030,S007,3,299.53,898.59,2025-07-07,2025-07-08,7,Late,Fulfilled,0,1
O003304,2025-01-20,West,P0053,S004,5,133.42,667.1,2025-01-22,2025-01-22,2,On Time,Fulfilled,0,0
O003305,2025-12-12,South,P0034,S007,1,263.25,263.25,2025-12-14,2025-12-15,3,Late,Fulfilled,0,1
O003306,2025-08-20,Central,P0036,S001,2,98.04,196.08,2025-08-25,2025-08-24,4,On Time,Returned,1,0
O003307,2025-07-21,South,P0035,S010,8,211.82,1694.56,2025-07-25,2025-07-25,4,On Time,Fulfilled,0,0
O003308,2025-10-21,West,P0012,S001,3,86.98,260.94,2025-10-25,2025-10-26,5,Late,Fulfilled,0,1
O003309,2025-04-28,West,P0040,S001,8,216.21,1729.68,2025-05-01,2025-05-01,3,On Time,Fulfilled,0,0
O003310,2025-12-05,East,P0016,S001,5,140.21,701.05,2025-12-08,2025-12-08,3,On Time,Fulfilled,0,0
O003311,2025-08-07,West,P0034,S007,3,263.25,789.75,2025-08-10,2025-08-10,3,On Time,Fulfilled,0,0
O003312,2025-04-26,East,P0036,S001,2,98.04,196.08,2025-05-01,2025-05-02,6,Late,Fulfilled,0,1
O003313,2025-10-13,South,P0021,S004,7,179.24,1254.68,2025-10-16,2025-10-15,2,On Time,Fulfilled,0,0
O003314,2025-03-27,South,P0007,S010,4,85.99,343.96,2025-04-02,2025-04-02,6,On Time,Fulfilled,0,0
O003315,2025-03-14,North,P0039,S010,6,71.46,428.76,2025-03-20,2025-03-24,10,Late,Fulfilled,0,1
O003316,2025-08-17,North,P0020,S001,7,148.59,1040.13,2025-08-19,2025-08-18,1,On Time,Fulfilled,0,0
O003317,2025-05-27,West,P0021,S004,1,179.24,179.24,2025-05-31,2025-05-30,3,On Time,Returned,1,0
O003318,2025-03-21,North,P0019,S010,2,269.79,539.58,2025-03-26,2025-03-26,5,On Time,Fulfilled,0,0
O003319,2025-09-20,Central,P0045,S004,8,109.48,875.84,2025-09-24,2025-09-26,6,Late,Fulfilled,0,1
O003320,2025-09-07,West,P0025,S004,1,171.85,171.85,2025-09-12,2025-09-13,6,Late,Fulfilled,0,1
O003321,2025-02-04,East,P0049,S004,7,224.76,1573.32,2025-02-06,2025-02-05,1,On Time,Returned,1,0
O003322,2025-06-02,South,P0058,S007,1,66.02,66.02,2025-06-05,2025-06-04,2,On Time,Fulfilled,0,0
O003323,2025-08-24,South,P0021,S004,2,179.24,358.48,2025-08-30,2025-08-30,6,On Time,Fulfilled,0,0
O003324,2025-06-28,South,P0037,S004,6,84.71,508.26,2025-07-03,2025-07-02,4,On Time,Fulfilled,0,0
O003325,2025-05-30,East,P0003,S010,4,294.12,1176.48,2025-06-02,2025-06-03,4,Late,Fulfilled,0,1
O003326,2025-11-17,East,P0031,S010,4,75.12,300.48,2025-11-20,2025-11-20,3,On Time,Returned,1,0
O003327,2025-04-13,Central,P0006,S007,6,73.03,438.18,2025-04-19,2025-04-20,7,Late,Fulfilled,0,1
O003328,2025-12-15,East,P0028,S001,7,123.49,864.43,2025-12-17,2025-12-16,1,On Time,Fulfilled,0,0
O003329,2025-03-14,West,P0033,S004,7,183.37,1283.59,2025-03-17,2025-03-16,2,On Time,Fulfilled,0,0
O003330,2025-10-21,East,P0027,S010,5,275.2,1376.0,2025-10-23,2025-10-26,5,Late,Fulfilled,0,1
O003331,2025-11-25,North,P0012,S001,2,86.98,173.96,2025-11-29,2025-11-29,4,On Time,Fulfilled,0,0
O003332,2025-11-21,North,P0053,S004,5,133.42,667.1,2025-11-25,2025-11-30,9,Late,Fulfilled,0,1
O003333,2025-01-05,East,P0047,S010,4,108.12,432.48,2025-01-10,2025-01-16,11,Late,Fulfilled,0,1
O003334,2025-03-06,East,P0040,S001,5,216.21,1081.05,2025-03-11,2025-03-11,5,On Time,Fulfilled,0,0
O003335,2025-05-19,West,P0053,S004,7,133.42,933.94,2025-05-24,2025-05-24,5,On Time,Fulfilled,0,0
O003336,2025-12-10,West,P0059,S010,5,209.28,1046.4,2025-12-14,2025-12-20,10,Late,Fulfilled,0,1
O003337,2025-12-09,North,P0026,S007,6,250.97,1505.82,2025-12-15,2025-12-15,6,On Time,Fulfilled,0,0
O003338,2025-01-19,West,P0032,S001,2,166.64,333.28,2025-01-21,2025-01-21,2,On Time,Fulfilled,0,0
O003339,2025-09-18,Central,P0016,S001,4,140.21,560.84,2025-09-24,2025-09-28,10,Late,Fulfilled,0,1
O003340,2025-11-25,North,P0009,S004,7,209.42,1465.94,2025-11-30,2025-11-30,5,On Time,Fulfilled,0,0
O003341,2025-02-17,South,P0060,S001,7,118.33,828.31,2025-02-22,2025-02-22,5,On Time,Fulfilled,0,0
O003342,2025-04-11,West,P0009,S004,2,209.42,418.84,2025-04-17,2025-04-17,6,On Time,Fulfilled,0,0
O003343,2025-01-15,Central,P0015,S010,2,312.58,625.16,2025-01-21,2025-01-22,7,Late,Fulfilled,0,1
O003344,2025-07-17,Central,P0027,S010,2,275.2,550.4,2025-07-19,2025-07-19,2,On Time,Fulfilled,0,0
O003345,2025-04-20,East,P0054,S007,4,261.11,1044.44,2025-04-24,2025-04-30,10,Late,Fulfilled,0,1
O003346,2025-06-26,East,P0024,S001,6,64.9,389.4,2025-07-01,2025-06-30,4,On Time,Fulfilled,0,0
O003347,2025-06-03,West,P0018,S007,1,79.76,79.76,2025-06-08,2025-06-07,4,On Time,Fulfilled,0,0
O003348,2025-01-03,South,P0053,S004,7,133.42,933.94,2025-01-09,2025-01-10,7,Late,Returned,1,1
O003349,2025-03-04,West,P0027,S010,4,275.2,1100.8,2025-03-06,2025-03-06,2,On Time,Fulfilled,0,0
O003350,2025-04-03,South,P0036,S001,8,98.04,784.32,2025-04-08,2025-04-08,5,On Time,Fulfilled,0,0
O003351,2025-05-15,Central,P0033,S004,4,183.37,733.48,2025-05-18,2025-05-19,4,Late,Fulfilled,0,1
O003352,2025-10-22,Central,P0053,S004,1,133.42,133.42,2025-10-28,2025-10-28,6,On Time,Fulfilled,0,0
O003353,2025-02-28,South,P0041,S004,6,162.16,972.96,2025-03-04,2025-03-07,7,Late,Fulfilled,0,1
O003354,2025-07-26,Central,P0033,S004,4,183.37,733.48,2025-07-29,2025-07-29,3,On Time,Fulfilled,0,0
O003355,2025-11-07,East,P0034,S007,3,263.25,789.75,2025-11-09,2025-11-08,1,On Time,Fulfilled,0,0
O003356,2025-12-21,West,P0022,S007,8,174.48,1395.84,2025-12-24,2025-12-24,3,On Time,Fulfilled,0,0
O003357,2025-04-20,Central,P0055,S010,1,76.46,76.46,2025-04-26,2025-04-27,7,Late,Fulfilled,0,1
O003358,2025-05-23,Central,P0004,S001,5,209.94,1049.7,2025-05-27,2025-05-26,3,On Time,Fulfilled,0,0
O003359,2025-06-13,North,P0044,S001,8,281.48,2251.84,2025-06-18,2025-06-19,6,Late,Fulfilled,0,1
O003360,2025-09-16,East,P0006,S007,7,73.03,511.21,2025-09-20,2025-09-19,3,On Time,Fulfilled,0,0
O003361,2025-09-22,South,P0025,S004,1,171.85,171.85,2025-09-26,2025-09-26,4,On Time,Fulfilled,0,0
O003362,2025-10-23,Central,P0019,S010,3,269.79,809.37,2025-10-25,2025-10-29,6,Late,Fulfilled,0,1
O003363,2025-09-27,South,P0040,S001,1,216.21,216.21,2025-10-01,2025-10-02,5,Late,Fulfilled,0,1
O003364,2025-05-29,Central,P0045,S004,2,109.48,218.96,2025-06-02,2025-06-03,5,Late,Fulfilled,0,1
O003365,2025-11-23,Central,P0024,S001,6,64.9,389.4,2025-11-25,2025-11-26,3,Late,Fulfilled,0,1
O003366,2025-06-02,Central,P0002,S007,2,244.65,489.3,2025-06-05,2025-06-05,3,On Time,Fulfilled,0,0
O003367,2025-02-27,West,P0034,S007,8,263.25,2106.0,2025-03-02,2025-03-02,3,On Time,Fulfilled,0,0
O003368,2025-09-10,North,P0032,S001,4,166.64,666.56,2025-09-15,2025-09-15,5,On Time,Fulfilled,0,0
O003369,2025-11-23,North,P0057,S004,1,302.85,302.85,2025-11-29,2025-11-30,7,Late,Fulfilled,0,1
O003370,2025-09-20,South,P0019,S010,4,269.79,1079.16,2025-09-26,2025-09-26,6,On Time,Fulfilled,0,0
O003371,2025-06-08,North,P0055,S010,1,76.46,76.46,2025-06-11,2025-06-12,4,Late,Fulfilled,0,1
O003372,2025-11-28,East,P0057,S004,4,302.85,1211.4,2025-12-04,2025-12-03,5,On Time,Fulfilled,0,0
O003373,2025-04-16,Central,P0032,S001,4,166.64,666.56,2025-04-22,2025-04-21,5,On Time,Fulfilled,0,0
O003374,2025-09-06,Central,P0006,S007,6,73.03,438.18,2025-09-11,2025-09-10,4,On Time,Fulfilled,0,0
O003375,2025-01-23,East,P0019,S010,6,269.79,1618.74,2025-01-25,2025-01-25,2,On Time,Fulfilled,0,0
O003376,2025-03-29,South,P0038,S007,8,97.26,778.08,2025-03-31,2025-03-30,1,On Time,Fulfilled,0,0
O003377,2025-11-22,West,P0047,S010,5,108.12,540.6,2025-11-26,2025-11-25,3,On Time,Fulfilled,0,0
O003378,2025-03-30,North,P0027,S010,8,275.2,2201.6,2025-04-05,2025-04-06,7,Late,Fulfilled,0,1
O003379,2025-07-29,West,P0031,S010,5,75.12,375.6,2025-08-02,2025-08-03,5,Late,Fulfilled,0,1
O003380,2025-05-07,West,P0007,S010,5,85.99,429.95,2025-05-09,2025-05-09,2,On Time,Fulfilled,0,0
O003381,2025-06-17,West,P0059,S010,3,209.28,627.84,2025-06-20,2025-06-20,3,On Time,Returned,1,0
O003382,2025-05-03,Central,P0059,S010,1,209.28,209.28,2025-05-08,2025-05-09,6,Late,Fulfilled,0,1
O003383,2025-02-16,South,P0007,S010,1,85.99,85.99,2025-02-22,2025-02-21,5,On Time,Fulfilled,0,0
O003384,2025-08-21,North,P0038,S007,6,97.26,583.56,2025-08-23,2025-08-24,3,Late,Fulfilled,0,1
O003385,2025-07-29,North,P0036,S001,6,98.04,588.24,2025-08-02,2025-08-03,5,Late,Fulfilled,0,1
O003386,2025-04-06,East,P0024,S001,1,64.9,64.9,2025-04-09,2025-04-09,3,On Time,Fulfilled,0,0
O003387,2025-05-22,East,P0022,S007,4,174.48,697.92,2025-05-27,2025-05-27,5,On Time,Fulfilled,0,0
O003388,2025-02-04,East,P0027,S010,1,275.2,275.2,2025-02-07,2025-02-07,3,On Time,Fulfilled,0,0
O003389,2025-09-08,North,P0041,S004,6,162.16,972.96,2025-09-11,2025-09-12,4,Late,Returned,1,1
O003390,2025-06-30,North,P0021,S004,5,179.24,896.2,2025-07-05,2025-07-05,5,On Time,Fulfilled,0,0
O003391,2025-05-27,West,P0054,S007,5,261.11,1305.55,2025-05-29,2025-05-30,3,Late,Fulfilled,0,1
O003392,2025-05-14,South,P0009,S004,7,209.42,1465.94,2025-05-19,2025-05-24,10,Late,Fulfilled,0,1
O003393,2025-09-26,East,P0025,S004,4,171.85,687.4,2025-09-30,2025-09-30,4,On Time,Returned,1,0
O003394,2025-07-24,East,P0007,S010,5,85.99,429.95,2025-07-27,2025-07-27,3,On Time,Fulfilled,0,0
O003395,2025-06-27,West,P0006,S007,4,73.03,292.12,2025-07-03,2025-07-03,6,On Time,Fulfilled,0,0
O003396,2025-03-01,West,P0060,S001,6,118.33,709.98,2025-03-03,2025-03-04,3,Late,Fulfilled,0,1
O003397,2025-02-20,South,P0045,S004,7,109.48,766.36,2025-02-26,2025-03-02,10,Late,Returned,1,1
O003398,2025-07-11,South,P0015,S010,1,312.58,312.58,2025-07-14,2025-07-14,3,On Time,Fulfilled,0,0
O003399,2025-07-19,Central,P0040,S001,6,216.21,1297.26,2025-07-25,2025-07-25,6,On Time,Fulfilled,0,0
O003400,2025-01-30,South,P0022,S007,1,174.48,174.48,2025-02-02,2025-02-01,2,On Time,Fulfilled,0,0
O003401,2025-09-15,West,P0016,S001,6,140.21,841.26,2025-09-20,2025-09-19,4,On Time,Fulfilled,0,0
O003402,2025-03-24,Central,P0025,S004,6,171.85,1031.1,2025-03-26,2025-03-27,3,Late,Fulfilled,0,1
O003403,2025-09-08,South,P0035,S010,5,211.82,1059.1,2025-09-10,2025-09-09,1,On Time,Fulfilled,0,0
O003404,2025-05-13,South,P0038,S007,3,97.26,291.78,2025-05-16,2025-05-16,3,On Time,Fulfilled,0,0
O003405,2025-09-07,Central,P0060,S001,7,118.33,828.31,2025-09-12,2025-09-12,5,On Time,Returned,1,0
O003406,2025-05-04,South,P0034,S007,8,263.25,2106.0,2025-05-06,2025-05-05,1,On Time,Fulfilled,0,0
O003407,2025-04-10,North,P0027,S010,1,275.2,275.2,2025-04-14,2025-04-15,5,Late,Fulfilled,0,1
O003408,2025-12-15,West,P0005,S004,3,247.38,742.14,2025-12-20,2025-12-21,6,Late,Fulfilled,0,1
O003409,2025-03-30,Central,P0035,S010,7,211.82,1482.74,2025-04-04,2025-04-10,11,Late,Fulfilled,0,1
O003410,2025-09-23,West,P0034,S007,4,263.25,1053.0,2025-09-25,2025-09-25,2,On Time,Fulfilled,0,0
O003411,2025-11-24,North,P0037,S004,7,84.71,592.97,2025-11-29,2025-11-29,5,On Time,Fulfilled,0,0
O003412,2025-08-14,West,P0037,S004,3,84.71,254.13,2025-08-16,2025-08-16,2,On Time,Fulfilled,0,0
O003413,2025-04-28,North,P0058,S007,2,66.02,132.04,2025-04-30,2025-05-01,3,Late,Fulfilled,0,1
O003414,2025-07-15,West,P0023,S010,5,93.63,468.15,2025-07-19,2025-07-18,3,On Time,Fulfilled,0,0
O003415,2025-02-06,West,P0006,S007,3,73.03,219.09,2025-02-08,2025-02-08,2,On Time,Fulfilled,0,0
O003416,2025-05-27,South,P0003,S010,8,294.12,2352.96,2025-05-29,2025-05-30,3,Late,Fulfilled,0,1
O003417,2025-07-25,Central,P0002,S007,1,244.65,244.65,2025-07-28,2025-07-29,4,Late,Fulfilled,0,1
O003418,2025-01-05,East,P0022,S007,7,174.48,1221.36,2025-01-07,2025-01-06,1,On Time,Fulfilled,0,0
O003419,2025-09-20,North,P0021,S004,2,179.24,358.48,2025-09-24,2025-09-25,5,Late,Fulfilled,0,1
O003420,2025-07-06,South,P0028,S001,1,123.49,123.49,2025-07-08,2025-07-07,1,On Time,Fulfilled,0,0
O003421,2025-08-22,Central,P0036,S001,1,98.04,98.04,2025-08-26,2025-08-25,3,On Time,Fulfilled,0,0
O003422,2025-08-30,West,P0038,S007,8,97.26,778.08,2025-09-03,2025-09-02,3,On Time,Fulfilled,0,0
O003423,2025-05-18,Central,P0048,S001,1,141.97,141.97,2025-05-20,2025-05-20,2,On Time,Returned,1,0
O003424,2025-03-10,East,P0050,S007,8,37.5,300.0,2025-03-16,2025-03-15,5,On Time,Fulfilled,0,0
O003425,2025-10-08,North,P0026,S007,4,250.97,1003.88,2025-10-10,2025-10-10,2,On Time,Fulfilled,0,0
O003426,2025-07-27,West,P0051,S010,3,159.11,477.33,2025-08-02,2025-08-01,5,On Time,Fulfilled,0,0
O003427,2025-06-12,East,P0009,S004,1,209.42,209.42,2025-06-14,2025-06-18,6,Late,Fulfilled,0,1
O003428,2025-07-07,East,P0004,S001,1,209.94,209.94,2025-07-10,2025-07-13,6,Late,Fulfilled,0,1
O003429,2025-04-18,South,P0023,S010,6,93.63,561.78,2025-04-24,2025-04-24,6,On Time,Fulfilled,0,0
O003430,2025-12-30,Central,P0007,S010,8,85.99,687.92,2026-01-01,2025-12-31,1,On Time,Fulfilled,0,0
O003431,2025-12-30,East,P0024,S001,1,64.9,64.9,2026-01-05,2026-01-05,6,On Time,Fulfilled,0,0
O003432,2025-11-21,West,P0024,S001,5,64.9,324.5,2025-11-25,2025-11-25,4,On Time,Fulfilled,0,0
O003433,2025-08-23,Central,P0029,S004,8,76.33,610.64,2025-08-27,2025-08-27,4,On Time,Fulfilled,0,0
O003434,2025-03-27,Central,P0018,S007,2,79.76,159.52,2025-04-02,2025-04-03,7,Late,Fulfilled,0,1
O003435,2025-04-10,South,P0051,S010,4,159.11,636.44,2025-04-13,2025-04-12,2,On Time,Fulfilled,0,0
O003436,2025-06-20,Central,P0003,S010,4,294.12,1176.48,2025-06-25,2025-06-29,9,Late,Fulfilled,0,1
O003437,2025-07-04,Central,P0021,S004,7,179.24,1254.68,2025-07-08,2025-07-07,3,On Time,Fulfilled,0,0
O003438,2025-05-06,East,P0025,S004,7,171.85,1202.95,2025-05-10,2025-05-09,3,On Time,Fulfilled,0,0
O003439,2025-01-03,North,P0059,S010,5,209.28,1046.4,2025-01-09,2025-01-09,6,On Time,Fulfilled,0,0
O003440,2025-02-16,West,P0025,S004,3,171.85,515.55,2025-02-20,2025-02-21,5,Late,Fulfilled,0,1
O003441,2025-12-09,South,P0036,S001,6,98.04,588.24,2025-12-12,2025-12-13,4,Late,Fulfilled,0,1
O003442,2025-03-08,Central,P0035,S010,4,211.82,847.28,2025-03-11,2025-03-12,4,Late,Returned,1,1
O003443,2025-10-20,West,P0018,S007,3,79.76,239.28,2025-10-24,2025-10-23,3,On Time,Fulfilled,0,0
O003444,2025-05-08,South,P0020,S001,8,148.59,1188.72,2025-05-14,2025-05-15,7,Late,Fulfilled,0,1
O003445,2025-04-23,West,P0001,S004,6,289.3,1735.8,2025-04-27,2025-04-26,3,On Time,Fulfilled,0,0
O003446,2025-01-29,South,P0027,S010,8,275.2,2201.6,2025-02-04,2025-02-04,6,On Time,Fulfilled,0,0
O003447,2025-10-15,East,P0011,S010,2,132.12,264.24,2025-10-20,2025-10-26,11,Late,Fulfilled,0,1
O003448,2025-04-23,South,P0016,S001,1,140.21,140.21,2025-04-25,2025-04-24,1,On Time,Fulfilled,0,0
O003449,2025-05-05,East,P0020,S001,2,148.59,297.18,2025-05-10,2025-05-10,5,On Time,Fulfilled,0,0
O003450,2025-08-14,South,P0053,S004,6,133.42,800.52,2025-08-17,2025-08-16,2,On Time,Fulfilled,0,0
O003451,2025-02-06,Central,P0034,S007,3,263.25,789.75,2025-02-12,2025-02-11,5,On Time,Fulfilled,0,0
O003452,2025-07-26,Central,P0004,S001,8,209.94,1679.52,2025-07-30,2025-07-30,4,On Time,Fulfilled,0,0
O003453,2025-03-20,East,P0021,S004,4,179.24,716.96,2025-03-24,2025-03-23,3,On Time,Fulfilled,0,0
O003454,2025-07-26,Central,P0052,S001,5,57.76,288.8,2025-08-01,2025-08-02,7,Late,Fulfilled,0,1
O003455,2025-02-13,East,P0038,S007,5,97.26,486.3,2025-02-18,2025-02-17,4,On Time,Fulfilled,0,0
O003456,2025-04-23,Central,P0038,S007,4,97.26,389.04,2025-04-26,2025-04-25,2,On Time,Fulfilled,0,0
O003457,2025-08-23,Central,P0053,S004,3,133.42,400.26,2025-08-27,2025-08-28,5,Late,Fulfilled,0,1
O003458,2025-08-30,West,P0042,S007,6,315.31,1891.86,2025-09-04,2025-09-04,5,On Time,Fulfilled,0,0
O003459,2025-06-29,South,P0043,S010,4,254.39,1017.56,2025-07-04,2025-07-04,5,On Time,Fulfilled,0,0
O003460,2025-05-13,North,P0054,S007,8,261.11,2088.88,2025-05-18,2025-05-19,6,Late,Fulfilled,0,1
O003461,2025-01-22,South,P0057,S004,5,302.85,1514.25,2025-01-24,2025-01-23,1,On Time,Fulfilled,0,0
O003462,2025-12-21,East,P0049,S004,5,224.76,1123.8,2025-12-27,2025-12-27,6,On Time,Fulfilled,0,0
O003463,2025-10-31,North,P0018,S007,7,79.76,558.32,2025-11-05,2025-11-06,6,Late,Fulfilled,0,1
O003464,2025-06-07,East,P0030,S007,4,299.53,1198.12,2025-06-12,2025-06-11,4,On Time,Fulfilled,0,0
O003465,2025-11-18,South,P0045,S004,2,109.48,218.96,2025-11-21,2025-11-21,3,On Time,Returned,1,0
O003466,2025-11-18,South,P0031,S010,3,75.12,225.36,2025-11-20,2025-11-19,1,On Time,Fulfilled,0,0
O003467,2025-05-21,Central,P0006,S007,2,73.03,146.06,2025-05-24,2025-05-23,2,On Time,Returned,1,0
O003468,2025-03-30,South,P0019,S010,7,269.79,1888.53,2025-04-02,2025-04-01,2,On Time,Fulfilled,0,0
O003469,2025-10-18,South,P0020,S001,8,148.59,1188.72,2025-10-21,2025-10-21,3,On Time,Fulfilled,0,0
O003470,2025-03-29,Central,P0015,S010,6,312.58,1875.48,2025-04-02,2025-04-03,5,Late,Fulfilled,0,1
O003471,2025-07-27,South,P0010,S007,2,101.15,202.3,2025-07-30,2025-07-29,2,On Time,Returned,1,0
O003472,2025-11-11,North,P0005,S004,7,247.38,1731.66,2025-11-14,2025-11-13,2,On Time,Fulfilled,0,0
O003473,2025-06-25,North,P0001,S004,4,289.3,1157.2,2025-06-27,2025-06-27,2,On Time,Fulfilled,0,0
O003474,2025-10-03,East,P0034,S007,8,263.25,2106.0,2025-10-09,2025-10-09,6,On Time,Fulfilled,0,0
O003475,2025-01-29,East,P0010,S007,3,101.15,303.45,2025-02-04,2025-02-03,5,On Time,Fulfilled,0,0
O003476,2025-02-06,Central,P0007,S010,5,85.99,429.95,2025-02-12,2025-02-11,5,On Time,Returned,1,0
O003477,2025-03-16,West,P0007,S010,5,85.99,429.95,2025-03-20,2025-03-19,3,On Time,Fulfilled,0,0
O003478,2025-01-27,South,P0040,S001,6,216.21,1297.26,2025-02-02,2025-02-03,7,Late,Fulfilled,0,1
O003479,2025-09-16,North,P0036,S001,2,98.04,196.08,2025-09-22,2025-09-23,7,Late,Fulfilled,0,1
O003480,2025-07-12,West,P0020,S001,4,148.59,594.36,2025-07-15,2025-07-14,2,On Time,Fulfilled,0,0
O003481,2025-11-08,West,P0036,S001,2,98.04,196.08,2025-11-12,2025-11-13,5,Late,Fulfilled,0,1
O003482,2025-02-12,South,P0052,S001,2,57.76,115.52,2025-02-14,2025-02-15,3,Late,Fulfilled,0,1
O003483,2025-10-12,East,P0004,S001,8,209.94,1679.52,2025-10-18,2025-10-17,5,On Time,Fulfilled,0,0
O003484,2025-08-07,Central,P0042,S007,4,315.31,1261.24,2025-08-12,2025-08-13,6,Late,Fulfilled,0,1
O003485,2025-06-08,South,P0051,S010,8,159.11,1272.88,2025-06-13,2025-06-12,4,On Time,Fulfilled,0,0
O003486,2025-01-01,East,P0028,S001,6,123.49,740.94,2025-01-03,2025-01-03,2,On Time,Fulfilled,0,0
O003487,2025-03-12,East,P0019,S010,1,269.79,269.79,2025-03-16,2025-03-16,4,On Time,Fulfilled,0,0
O003488,2025-02-08,East,P0040,S001,1,216.21,216.21,2025-02-10,2025-02-11,3,Late,Fulfilled,0,1
O003489,2025-04-23,Central,P0060,S001,3,118.33,354.99,2025-04-29,2025-05-04,11,Late,Fulfilled,0,1
O003490,2025-09-11,South,P0049,S004,8,224.76,1798.08,2025-09-14,2025-09-15,4,Late,Fulfilled,0,1
O003491,2025-05-27,Central,P0017,S004,8,179.09,1432.72,2025-05-29,2025-05-29,2,On Time,Fulfilled,0,0
O003492,2025-08-13,North,P0024,S001,5,64.9,324.5,2025-08-17,2025-08-17,4,On Time,Returned,1,0
O003493,2025-02-02,Central,P0037,S004,1,84.71,84.71,2025-02-08,2025-02-09,7,Late,Fulfilled,0,1
O003494,2025-12-14,South,P0034,S007,5,263.25,1316.25,2025-12-17,2025-12-18,4,Late,Fulfilled,0,1
O003495,2025-09-17,East,P0045,S004,2,109.48,218.96,2025-09-21,2025-09-20,3,On Time,Fulfilled,0,0
O003496,2025-06-28,East,P0026,S007,5,250.97,1254.85,2025-07-01,2025-07-01,3,On Time,Fulfilled,0,0
O003497,2025-10-31,East,P0001,S004,2,289.3,578.6,2025-11-03,2025-11-04,4,Late,Fulfilled,0,1
O003498,2025-02-24,West,P0050,S007,8,37.5,300.0,2025-02-26,2025-02-25,1,On Time,Fulfilled,0,0
O003499,2025-08-25,Central,P0024,S001,2,64.9,129.8,2025-08-30,2025-08-29,4,On Time,Fulfilled,0,0
O003500,2025-09-29,South,P0059,S010,8,209.28,1674.24,2025-10-04,2025-10-04,5,On Time,Fulfilled,0,0
O003501,2025-06-04,Central,P0016,S001,6,140.21,841.26,2025-06-07,2025-06-07,3,On Time,Fulfilled,0,0
O003502,2025-04-09,East,P0059,S010,1,209.28,209.28,2025-04-11,2025-04-14,5,Late,Fulfilled,0,1
O003503,2025-01-22,South,P0037,S004,8,84.71,677.68,2025-01-27,2025-01-27,5,On Time,Fulfilled,0,0
O003504,2025-09-23,West,P0033,S004,4,183.37,733.48,2025-09-28,2025-09-27,4,On Time,Fulfilled,0,0
O003505,2025-12-03,Central,P0028,S001,8,123.49,987.92,2025-12-06,2025-12-07,4,Late,Fulfilled,0,1
O003506,2025-02-06,South,P0045,S004,4,109.48,437.92,2025-02-08,2025-02-07,1,On Time,Returned,1,0
O003507,2025-11-21,South,P0044,S001,1,281.48,281.48,2025-11-24,2025-11-23,2,On Time,Fulfilled,0,0
O003508,2025-06-06,South,P0059,S010,7,209.28,1464.96,2025-06-10,2025-06-16,10,Late,Fulfilled,0,1
O003509,2025-03-22,West,P0042,S007,5,315.31,1576.55,2025-03-27,2025-03-27,5,On Time,Fulfilled,0,0
O003510,2025-10-12,North,P0054,S007,4,261.11,1044.44,2025-10-16,2025-10-17,5,Late,Fulfilled,0,1
O003511,2025-04-16,North,P0039,S010,3,71.46,214.38,2025-04-22,2025-04-23,7,Late,Returned,1,1
O003512,2025-12-29,East,P0006,S007,4,73.03,292.12,2025-12-31,2025-12-31,2,On Time,Fulfilled,0,0
O003513,2025-01-23,South,P0010,S007,7,101.15,708.05,2025-01-29,2025-01-30,7,Late,Fulfilled,0,1
O003514,2025-11-25,West,P0012,S001,8,86.98,695.84,2025-12-01,2025-12-02,7,Late,Fulfilled,0,1
O003515,2025-10-19,East,P0051,S010,5,159.11,795.55,2025-10-24,2025-10-24,5,On Time,Fulfilled,0,0
O003516,2025-09-17,South,P0017,S004,8,179.09,1432.72,2025-09-22,2025-09-23,6,Late,Fulfilled,0,1
O003517,2025-04-19,East,P0015,S010,8,312.58,2500.64,2025-04-25,2025-04-26,7,Late,Fulfilled,0,1
O003518,2025-10-19,South,P0031,S010,4,75.12,300.48,2025-10-24,2025-10-23,4,On Time,Fulfilled,0,0
O003519,2025-08-11,North,P0049,S004,4,224.76,899.04,2025-08-16,2025-08-15,4,On Time,Fulfilled,0,0
O003520,2025-11-30,South,P0055,S010,4,76.46,305.84,2025-12-02,2025-12-02,2,On Time,Fulfilled,0,0
O003521,2025-04-13,Central,P0058,S007,6,66.02,396.12,2025-04-16,2025-04-16,3,On Time,Returned,1,0
O003522,2025-08-14,West,P0001,S004,8,289.3,2314.4,2025-08-18,2025-08-19,5,Late,Fulfilled,0,1
O003523,2025-05-13,South,P0013,S004,7,290.72,2035.04,2025-05-19,2025-05-20,7,Late,Fulfilled,0,1
O003524,2025-04-02,East,P0028,S001,4,123.49,493.96,2025-04-05,2025-04-05,3,On Time,Fulfilled,0,0
O003525,2025-02-24,North,P0009,S004,5,209.42,1047.1,2025-02-27,2025-02-26,2,On Time,Fulfilled,0,0
O003526,2025-01-17,West,P0035,S010,7,211.82,1482.74,2025-01-21,2025-01-20,3,On Time,Fulfilled,0,0
O003527,2025-09-22,East,P0026,S007,3,250.97,752.91,2025-09-25,2025-09-24,2,On Time,Fulfilled,0,0
O003528,2025-06-22,North,P0010,S007,5,101.15,505.75,2025-06-24,2025-06-25,3,Late,Fulfilled,0,1
O003529,2025-05-10,Central,P0019,S010,4,269.79,1079.16,2025-05-13,2025-05-14,4,Late,Fulfilled,0,1
O003530,2025-09-18,North,P0051,S010,4,159.11,636.44,2025-09-20,2025-09-20,2,On Time,Fulfilled,0,0
O003531,2025-03-17,North,P0052,S001,1,57.76,57.76,2025-03-20,2025-03-20,3,On Time,Returned,1,0
O003532,2025-11-08,North,P0028,S001,5,123.49,617.45,2025-11-11,2025-11-12,4,Late,Fulfilled,0,1
O003533,2025-06-20,West,P0003,S010,5,294.12,1470.6,2025-06-26,2025-06-25,5,On Time,Fulfilled,0,0
O003534,2025-04-15,West,P0019,S010,2,269.79,539.58,2025-04-18,2025-04-24,9,Late,Fulfilled,0,1
O003535,2025-12-07,Central,P0044,S001,7,281.48,1970.36,2025-12-11,2025-12-11,4,On Time,Fulfilled,0,0
O003536,2025-10-11,West,P0009,S004,3,209.42,628.26,2025-10-17,2025-10-18,7,Late,Returned,1,1
O003537,2025-10-16,West,P0060,S001,1,118.33,118.33,2025-10-21,2025-10-22,6,Late,Fulfilled,0,1
O003538,2025-06-14,Central,P0058,S007,6,66.02,396.12,2025-06-17,2025-06-16,2,On Time,Fulfilled,0,0
O003539,2025-12-20,South,P0027,S010,5,275.2,1376.0,2025-12-26,2025-12-30,10,Late,Fulfilled,0,1
O003540,2025-01-06,East,P0049,S004,8,224.76,1798.08,2025-01-10,2025-01-11,5,Late,Fulfilled,0,1
O003541,2025-06-30,South,P0035,S010,3,211.82,635.46,2025-07-06,2025-07-07,7,Late,Fulfilled,0,1
O003542,2025-10-06,South,P0027,S010,4,275.2,1100.8,2025-10-09,2025-10-09,3,On Time,Fulfilled,0,0
O003543,2025-07-20,South,P0022,S007,4,174.48,697.92,2025-07-23,2025-07-23,3,On Time,Returned,1,0
O003544,2025-11-03,South,P0027,S010,4,275.2,1100.8,2025-11-07,2025-11-07,4,On Time,Fulfilled,0,0
O003545,2025-09-10,West,P0057,S004,1,302.85,302.85,2025-09-16,2025-09-17,7,Late,Fulfilled,0,1
O003546,2025-07-02,Central,P0024,S001,1,64.9,64.9,2025-07-06,2025-07-05,3,On Time,Fulfilled,0,0
O003547,2025-08-29,West,P0010,S007,7,101.15,708.05,2025-09-04,2025-09-03,5,On Time,Fulfilled,0,0
O003548,2025-01-19,West,P0030,S007,2,299.53,599.06,2025-01-24,2025-01-24,5,On Time,Fulfilled,0,0
O003549,2025-01-05,West,P0002,S007,6,244.65,1467.9,2025-01-09,2025-01-10,5,Late,Fulfilled,0,1
O003550,2025-01-27,Central,P0057,S004,8,302.85,2422.8,2025-02-02,2025-02-01,5,On Time,Fulfilled,0,0
O003551,2025-06-27,Central,P0052,S001,7,57.76,404.32,2025-07-03,2025-07-03,6,On Time,Fulfilled,0,0
O003552,2025-11-03,North,P0054,S007,5,261.11,1305.55,2025-11-05,2025-11-05,2,On Time,Fulfilled,0,0
O003553,2025-01-19,West,P0035,S010,8,211.82,1694.56,2025-01-22,2025-01-21,2,On Time,Fulfilled,0,0
O003554,2025-08-27,West,P0052,S001,8,57.76,462.08,2025-09-01,2025-09-02,6,Late,Fulfilled,0,1
O003555,2025-03-18,West,P0017,S004,2,179.09,358.18,2025-03-22,2025-03-23,5,Late,Fulfilled,0,1
O003556,2025-06-12,Central,P0006,S007,1,73.03,73.03,2025-06-18,2025-06-18,6,On Time,Fulfilled,0,0
O003557,2025-12-29,North,P0010,S007,4,101.15,404.6,2026-01-02,2026-01-02,4,On Time,Fulfilled,0,0
O003558,2025-05-10,West,P0008,S001,2,158.77,317.54,2025-05-13,2025-05-13,3,On Time,Fulfilled,0,0
O003559,2025-05-29,South,P0028,S001,5,123.49,617.45,2025-05-31,2025-05-30,1,On Time,Fulfilled,0,0
O003560,2025-05-24,Central,P0014,S007,4,195.03,780.12,2025-05-26,2025-05-26,2,On Time,Fulfilled,0,0
O003561,2025-01-20,North,P0016,S001,7,140.21,981.47,2025-01-24,2025-01-24,4,On Time,Fulfilled,0,0
O003562,2025-01-14,South,P0021,S004,5,179.24,896.2,2025-01-16,2025-01-20,6,Late,Fulfilled,0,1
O003563,2025-03-24,West,P0030,S007,7,299.53,2096.71,2025-03-29,2025-03-29,5,On Time,Fulfilled,0,0
O003564,2025-04-06,North,P0057,S004,1,302.85,302.85,2025-04-09,2025-04-09,3,On Time,Fulfilled,0,0
O003565,2025-10-25,South,P0053,S004,6,133.42,800.52,2025-10-27,2025-10-28,3,Late,Fulfilled,0,1
O003566,2025-11-25,South,P0024,S001,3,64.9,194.7,2025-11-27,2025-11-28,3,Late,Fulfilled,0,1
O003567,2025-05-18,North,P0053,S004,1,133.42,133.42,2025-05-24,2025-05-25,7,Late,Fulfilled,0,1
O003568,2025-11-02,Central,P0001,S004,2,289.3,578.6,2025-11-08,2025-11-07,5,On Time,Fulfilled,0,0
O003569,2025-11-01,North,P0007,S010,4,85.99,343.96,2025-11-07,2025-11-12,11,Late,Fulfilled,0,1
O003570,2025-10-30,East,P0055,S010,4,76.46,305.84,2025-11-05,2025-11-05,6,On Time,Fulfilled,0,0
O003571,2025-06-26,West,P0008,S001,7,158.77,1111.39,2025-07-01,2025-07-02,6,Late,Fulfilled,0,1
O003572,2025-12-27,North,P0007,S010,3,85.99,257.97,2026-01-01,2026-01-04,8,Late,Fulfilled,0,1
O003573,2025-09-30,South,P0055,S010,7,76.46,535.22,2025-10-04,2025-10-05,5,Late,Fulfilled,0,1
O003574,2025-02-14,West,P0039,S010,8,71.46,571.68,2025-02-20,2025-02-20,6,On Time,Fulfilled,0,0
O003575,2025-06-07,Central,P0017,S004,6,179.09,1074.54,2025-06-11,2025-06-11,4,On Time,Fulfilled,0,0
O003576,2025-04-18,Central,P0009,S004,4,209.42,837.68,2025-04-24,2025-04-23,5,On Time,Fulfilled,0,0
O003577,2025-02-13,Central,P0011,S010,2,132.12,264.24,2025-02-15,2025-02-15,2,On Time,Fulfilled,0,0
O003578,2025-02-09,South,P0052,S001,3,57.76,173.28,2025-02-12,2025-02-11,2,On Time,Fulfilled,0,0
O003579,2025-10-19,South,P0023,S010,5,93.63,468.15,2025-10-24,2025-10-25,6,Late,Fulfilled,0,1
O003580,2025-01-16,East,P0016,S001,4,140.21,560.84,2025-01-20,2025-01-25,9,Late,Fulfilled,0,1
O003581,2025-09-03,West,P0013,S004,7,290.72,2035.04,2025-09-09,2025-09-09,6,On Time,Fulfilled,0,0
O003582,2025-10-07,West,P0028,S001,3,123.49,370.47,2025-10-10,2025-10-09,2,On Time,Fulfilled,0,0
O003583,2025-10-19,East,P0010,S007,2,101.15,202.3,2025-10-25,2025-10-24,5,On Time,Fulfilled,0,0
O003584,2025-11-22,East,P0024,S001,1,64.9,64.9,2025-11-25,2025-11-25,3,On Time,Fulfilled,0,0
O003585,2025-06-01,South,P0035,S010,3,211.82,635.46,2025-06-03,2025-06-02,1,On Time,Fulfilled,0,0
O003586,2025-04-22,East,P0040,S001,1,216.21,216.21,2025-04-25,2025-04-26,4,Late,Fulfilled,0,1
O003587,2025-09-08,South,P0020,S001,6,148.59,891.54,2025-09-13,2025-09-14,6,Late,Fulfilled,0,1
O003588,2025-05-23,West,P0060,S001,3,118.33,354.99,2025-05-29,2025-05-29,6,On Time,Fulfilled,0,0
O003589,2025-03-21,South,P0023,S010,6,93.63,561.78,2025-03-27,2025-03-29,8,Late,Fulfilled,0,1
O003590,2025-03-04,South,P0051,S010,1,159.11,159.11,2025-03-08,2025-03-10,6,Late,Fulfilled,0,1
O003591,2025-05-28,South,P0036,S001,1,98.04,98.04,2025-05-31,2025-05-31,3,On Time,Fulfilled,0,0
O003592,2025-05-01,East,P0050,S007,4,37.5,150.0,2025-05-04,2025-05-03,2,On Time,Fulfilled,0,0
O003593,2025-07-31,East,P0029,S004,4,76.33,305.32,2025-08-05,2025-08-06,6,Late,Fulfilled,0,1
O003594,2025-09-23,West,P0056,S001,3,210.07,630.21,2025-09-26,2025-09-25,2,On Time,Fulfilled,0,0
O003595,2025-09-13,West,P0003,S010,6,294.12,1764.72,2025-09-16,2025-09-15,2,On Time,Fulfilled,0,0
O003596,2025-06-28,South,P0020,S001,2,148.59,297.18,2025-07-01,2025-07-02,4,Late,Fulfilled,0,1
O003597,2025-03-10,West,P0016,S001,3,140.21,420.63,2025-03-14,2025-03-13,3,On Time,Fulfilled,0,0
O003598,2025-01-31,East,P0019,S010,5,269.79,1348.95,2025-02-04,2025-02-06,6,Late,Fulfilled,0,1
O003599,2025-11-04,West,P0034,S007,5,263.25,1316.25,2025-11-09,2025-11-09,5,On Time,Fulfilled,0,0
O003600,2025-05-27,North,P0027,S010,8,275.2,2201.6,2025-06-02,2025-06-03,7,Late,Fulfilled,0,1
O003601,2025-08-31,South,P0002,S007,6,244.65,1467.9,2025-09-02,2025-09-02,2,On Time,Fulfilled,0,0
O003602,2025-04-26,South,P0020,S001,4,148.59,594.36,2025-04-28,2025-04-27,1,On Time,Fulfilled,0,0
O003603,2025-01-09,West,P0006,S007,8,73.03,584.24,2025-01-11,2025-01-10,1,On Time,Fulfilled,0,0
O003604,2025-08-01,Central,P0045,S004,8,109.48,875.84,2025-08-07,2025-08-09,8,Late,Fulfilled,0,1
O003605,2025-12-16,South,P0046,S007,4,225.07,900.28,2025-12-21,2025-12-21,5,On Time,Fulfilled,0,0
O003606,2025-05-20,North,P0001,S004,2,289.3,578.6,2025-05-25,2025-05-26,6,Late,Fulfilled,0,1
O003607,2025-01-31,East,P0026,S007,3,250.97,752.91,2025-02-06,2025-02-06,6,On Time,Fulfilled,0,0
O003608,2025-04-20,Central,P0022,S007,6,174.48,1046.88,2025-04-22,2025-04-23,3,Late,Fulfilled,0,1
O003609,2025-01-25,Central,P0028,S001,3,123.49,370.47,2025-01-29,2025-01-28,3,On Time,Fulfilled,0,0
O003610,2025-10-03,West,P0028,S001,3,123.49,370.47,2025-10-08,2025-10-09,6,Late,Fulfilled,0,1
O003611,2025-11-30,East,P0052,S001,6,57.76,346.56,2025-12-02,2025-12-02,2,On Time,Fulfilled,0,0
O003612,2025-08-10,East,P0019,S010,1,269.79,269.79,2025-08-15,2025-08-14,4,On Time,Fulfilled,0,0
O003613,2025-09-10,West,P0026,S007,5,250.97,1254.85,2025-09-13,2025-09-13,3,On Time,Fulfilled,0,0
O003614,2025-02-06,West,P0032,S001,1,166.64,166.64,2025-02-08,2025-02-08,2,On Time,Fulfilled,0,0
O003615,2025-12-10,Central,P0049,S004,1,224.76,224.76,2025-12-12,2025-12-11,1,On Time,Returned,1,0
O003616,2025-05-20,Central,P0013,S004,7,290.72,2035.04,2025-05-24,2025-05-25,5,Late,Fulfilled,0,1
O003617,2025-06-26,West,P0034,S007,5,263.25,1316.25,2025-06-30,2025-06-29,3,On Time,Fulfilled,0,0
O003618,2025-09-17,East,P0023,S010,4,93.63,374.52,2025-09-19,2025-09-19,2,On Time,Returned,1,0
O003619,2025-05-26,North,P0014,S007,5,195.03,975.15,2025-05-30,2025-05-29,3,On Time,Fulfilled,0,0
O003620,2025-04-13,East,P0015,S010,3,312.58,937.74,2025-04-19,2025-04-19,6,On Time,Fulfilled,0,0
O003621,2025-04-15,North,P0047,S010,5,108.12,540.6,2025-04-20,2025-04-21,6,Late,Fulfilled,0,1
O003622,2025-08-28,North,P0034,S007,8,263.25,2106.0,2025-09-01,2025-09-01,4,On Time,Fulfilled,0,0
O003623,2025-08-26,Central,P0043,S010,8,254.39,2035.12,2025-08-31,2025-08-31,5,On Time,Fulfilled,0,0
O003624,2025-08-16,East,P0008,S001,2,158.77,317.54,2025-08-22,2025-08-23,7,Late,Fulfilled,0,1
O003625,2025-06-09,South,P0043,S010,5,254.39,1271.95,2025-06-12,2025-06-12,3,On Time,Fulfilled,0,0
O003626,2025-12-07,North,P0016,S001,1,140.21,140.21,2025-12-09,2025-12-10,3,Late,Fulfilled,0,1
O003627,2025-06-08,South,P0043,S010,2,254.39,508.78,2025-06-13,2025-06-14,6,Late,Fulfilled,0,1
O003628,2025-07-28,North,P0029,S004,1,76.33,76.33,2025-07-30,2025-07-30,2,On Time,Fulfilled,0,0
O003629,2025-01-21,East,P0039,S010,2,71.46,142.92,2025-01-27,2025-01-26,5,On Time,Fulfilled,0,0
O003630,2025-06-01,South,P0050,S007,3,37.5,112.5,2025-06-07,2025-06-06,5,On Time,Fulfilled,0,0
O003631,2025-12-10,Central,P0031,S010,6,75.12,450.72,2025-12-15,2025-12-14,4,On Time,Fulfilled,0,0
O003632,2025-07-04,West,P0008,S001,3,158.77,476.31,2025-07-07,2025-07-07,3,On Time,Fulfilled,0,0
O003633,2025-07-25,Central,P0054,S007,6,261.11,1566.66,2025-07-30,2025-07-30,5,On Time,Fulfilled,0,0
O003634,2025-04-25,Central,P0020,S001,8,148.59,1188.72,2025-05-01,2025-04-30,5,On Time,Fulfilled,0,0
O003635,2025-02-02,West,P0054,S007,4,261.11,1044.44,2025-02-06,2025-02-05,3,On Time,Fulfilled,0,0
O003636,2025-04-24,North,P0025,S004,4,171.85,687.4,2025-04-30,2025-04-30,6,On Time,Fulfilled,0,0
O003637,2025-08-29,East,P0039,S010,8,71.46,571.68,2025-09-03,2025-09-02,4,On Time,Fulfilled,0,0
O003638,2025-11-07,Central,P0002,S007,2,244.65,489.3,2025-11-13,2025-11-13,6,On Time,Fulfilled,0,0
O003639,2025-02-12,West,P0026,S007,1,250.97,250.97,2025-02-18,2025-02-22,10,Late,Returned,1,1
O003640,2025-09-22,Central,P0041,S004,1,162.16,162.16,2025-09-25,2025-09-30,8,Late,Returned,1,1
O003641,2025-02-16,East,P0051,S010,2,159.11,318.22,2025-02-20,2025-02-19,3,On Time,Fulfilled,0,0
O003642,2025-05-26,West,P0025,S004,3,171.85,515.55,2025-05-29,2025-05-30,4,Late,Fulfilled,0,1
O003643,2025-07-23,South,P0053,S004,7,133.42,933.94,2025-07-29,2025-07-28,5,On Time,Fulfilled,0,0
O003644,2025-07-13,South,P0054,S007,1,261.11,261.11,2025-07-17,2025-07-18,5,Late,Fulfilled,0,1
O003645,2025-03-18,West,P0011,S010,7,132.12,924.84,2025-03-21,2025-03-21,3,On Time,Returned,1,0
O003646,2025-08-16,Central,P0053,S004,2,133.42,266.84,2025-08-19,2025-08-18,2,On Time,Fulfilled,0,0
O003647,2025-03-23,South,P0032,S001,1,166.64,166.64,2025-03-29,2025-03-29,6,On Time,Fulfilled,0,0
O003648,2025-07-04,Central,P0023,S010,1,93.63,93.63,2025-07-09,2025-07-10,6,Late,Fulfilled,0,1
O003649,2025-12-14,North,P0046,S007,4,225.07,900.28,2025-12-17,2025-12-16,2,On Time,Fulfilled,0,0
O003650,2025-04-27,East,P0050,S007,8,37.5,300.0,2025-05-03,2025-05-03,6,On Time,Fulfilled,0,0
O003651,2025-05-16,East,P0037,S004,6,84.71,508.26,2025-05-18,2025-05-18,2,On Time,Fulfilled,0,0
O003652,2025-03-04,North,P0002,S007,4,244.65,978.6,2025-03-09,2025-03-08,4,On Time,Fulfilled,0,0
O003653,2025-02-02,South,P0040,S001,7,216.21,1513.47,2025-02-04,2025-02-03,1,On Time,Fulfilled,0,0
O003654,2025-11-16,Central,P0053,S004,3,133.42,400.26,2025-11-21,2025-11-24,8,Late,Fulfilled,0,1
O003655,2025-01-24,West,P0015,S010,1,312.58,312.58,2025-01-30,2025-01-30,6,On Time,Fulfilled,0,0
O003656,2025-06-06,South,P0014,S007,2,195.03,390.06,2025-06-12,2025-06-12,6,On Time,Fulfilled,0,0
O003657,2025-04-13,West,P0054,S007,4,261.11,1044.44,2025-04-16,2025-04-16,3,On Time,Returned,1,0
O003658,2025-11-28,North,P0060,S001,8,118.33,946.64,2025-12-03,2025-12-02,4,On Time,Fulfilled,0,0
O003659,2025-05-01,Central,P0025,S004,5,171.85,859.25,2025-05-07,2025-05-06,5,On Time,Fulfilled,0,0
O003660,2025-06-03,South,P0020,S001,3,148.59,445.77,2025-06-08,2025-06-09,6,Late,Fulfilled,0,1
O003661,2025-08-06,Central,P0054,S007,3,261.11,783.33,2025-08-12,2025-08-11,5,On Time,Fulfilled,0,0
O003662,2025-11-28,North,P0026,S007,3,250.97,752.91,2025-12-03,2025-12-02,4,On Time,Fulfilled,0,0
O003663,2025-06-11,Central,P0025,S004,4,171.85,687.4,2025-06-13,2025-06-14,3,Late,Fulfilled,0,1
O003664,2025-12-30,West,P0040,S001,2,216.21,432.42,2026-01-05,2026-01-05,6,On Time,Fulfilled,0,0
O003665,2025-03-14,West,P0003,S010,1,294.12,294.12,2025-03-20,2025-03-21,7,Late,Fulfilled,0,1
O003666,2025-06-16,North,P0010,S007,2,101.15,202.3,2025-06-18,2025-06-17,1,On Time,Fulfilled,0,0
O003667,2025-10-20,East,P0012,S001,3,86.98,260.94,2025-10-25,2025-10-25,5,On Time,Fulfilled,0,0
O003668,2025-02-10,East,P0009,S004,7,209.42,1465.94,2025-02-16,2025-02-17,7,Late,Fulfilled,0,1
O003669,2025-10-13,Central,P0047,S010,1,108.12,108.12,2025-10-17,2025-10-21,8,Late,Fulfilled,0,1
O003670,2025-11-22,North,P0060,S001,5,118.33,591.65,2025-11-24,2025-11-24,2,On Time,Fulfilled,0,0
O003671,2025-08-19,West,P0036,S001,6,98.04,588.24,2025-08-25,2025-08-26,7,Late,Fulfilled,0,1
O003672,2025-04-03,East,P0023,S010,1,93.63,93.63,2025-04-05,2025-04-06,3,Late,Fulfilled,0,1
O003673,2025-04-25,South,P0007,S010,1,85.99,85.99,2025-04-29,2025-04-30,5,Late,Fulfilled,0,1
O003674,2025-10-27,North,P0029,S004,7,76.33,534.31,2025-11-02,2025-11-02,6,On Time,Fulfilled,0,0
O003675,2025-12-08,South,P0022,S007,1,174.48,174.48,2025-12-13,2025-12-14,6,Late,Fulfilled,0,1
O003676,2025-06-21,North,P0060,S001,4,118.33,473.32,2025-06-27,2025-06-28,7,Late,Fulfilled,0,1
O003677,2025-07-27,East,P0030,S007,5,299.53,1497.65,2025-07-29,2025-07-29,2,On Time,Returned,1,0
O003678,2025-10-31,West,P0057,S004,5,302.85,1514.25,2025-11-05,2025-11-06,6,Late,Returned,1,1
O003679,2025-09-27,North,P0026,S007,2,250.97,501.94,2025-10-03,2025-10-03,6,On Time,Fulfilled,0,0
O003680,2025-09-10,South,P0013,S004,5,290.72,1453.6,2025-09-15,2025-09-16,6,Late,Fulfilled,0,1
O003681,2025-10-07,Central,P0045,S004,2,109.48,218.96,2025-10-11,2025-10-12,5,Late,Fulfilled,0,1
O003682,2025-10-02,East,P0024,S001,3,64.9,194.7,2025-10-04,2025-10-07,5,Late,Fulfilled,0,1
O003683,2025-11-02,East,P0048,S001,2,141.97,283.94,2025-11-08,2025-11-07,5,On Time,Fulfilled,0,0
O003684,2025-05-09,North,P0059,S010,7,209.28,1464.96,2025-05-12,2025-05-16,7,Late,Fulfilled,0,1
O003685,2025-04-13,Central,P0042,S007,7,315.31,2207.17,2025-04-19,2025-04-18,5,On Time,Fulfilled,0,0
O003686,2025-10-08,East,P0036,S001,5,98.04,490.2,2025-10-12,2025-10-11,3,On Time,Fulfilled,0,0
O003687,2025-09-30,West,P0008,S001,3,158.77,476.31,2025-10-06,2025-10-06,6,On Time,Fulfilled,0,0
O003688,2025-11-26,North,P0044,S001,2,281.48,562.96,2025-12-01,2025-12-01,5,On Time,Fulfilled,0,0
O003689,2025-02-24,West,P0035,S010,5,211.82,1059.1,2025-02-27,2025-02-28,4,Late,Fulfilled,0,1
O003690,2025-08-13,Central,P0049,S004,5,224.76,1123.8,2025-08-16,2025-08-16,3,On Time,Fulfilled,0,0
O003691,2025-08-30,South,P0038,S007,1,97.26,97.26,2025-09-01,2025-09-02,3,Late,Fulfilled,0,1
O003692,2025-09-01,Central,P0059,S010,5,209.28,1046.4,2025-09-04,2025-09-04,3,On Time,Fulfilled,0,0
O003693,2025-01-21,North,P0022,S007,6,174.48,1046.88,2025-01-26,2025-01-28,7,Late,Fulfilled,0,1
O003694,2025-10-10,East,P0023,S010,2,93.63,187.26,2025-10-13,2025-10-13,3,On Time,Fulfilled,0,0
O003695,2025-10-23,Central,P0032,S001,4,166.64,666.56,2025-10-26,2025-10-26,3,On Time,Fulfilled,0,0
O003696,2025-06-24,South,P0006,S007,7,73.03,511.21,2025-06-27,2025-06-27,3,On Time,Fulfilled,0,0
O003697,2025-12-23,South,P0047,S010,4,108.12,432.48,2025-12-28,2025-12-29,6,Late,Fulfilled,0,1
O003698,2025-07-26,South,P0032,S001,4,166.64,666.56,2025-07-29,2025-07-30,4,Late,Fulfilled,0,1
O003699,2025-07-26,West,P0004,S001,6,209.94,1259.64,2025-08-01,2025-08-01,6,On Time,Returned,1,0
O003700,2025-03-05,East,P0014,S007,7,195.03,1365.21,2025-03-10,2025-03-10,5,On Time,Fulfilled,0,0
O003701,2025-06-02,West,P0007,S010,8,85.99,687.92,2025-06-07,2025-06-08,6,Late,Returned,1,1
O003702,2025-08-30,Central,P0002,S007,3,244.65,733.95,2025-09-05,2025-09-04,5,On Time,Fulfilled,0,0
O003703,2025-01-26,West,P0030,S007,3,299.53,898.59,2025-01-29,2025-01-30,4,Late,Fulfilled,0,1
O003704,2025-05-26,South,P0031,S010,6,75.12,450.72,2025-05-28,2025-05-29,3,Late,Fulfilled,0,1
O003705,2025-02-24,Central,P0052,S001,6,57.76,346.56,2025-03-02,2025-03-04,8,Late,Returned,1,1
O003706,2025-08-03,Central,P0022,S007,3,174.48,523.44,2025-08-07,2025-08-08,5,Late,Fulfilled,0,1
O003707,2025-04-27,East,P0044,S001,5,281.48,1407.4,2025-05-02,2025-05-02,5,On Time,Fulfilled,0,0
O003708,2025-03-15,South,P0045,S004,5,109.48,547.4,2025-03-21,2025-03-22,7,Late,Fulfilled,0,1
O003709,2025-06-24,North,P0045,S004,5,109.48,547.4,2025-06-29,2025-06-29,5,On Time,Fulfilled,0,0
O003710,2025-01-07,West,P0057,S004,2,302.85,605.7,2025-01-10,2025-01-10,3,On Time,Fulfilled,0,0
O003711,2025-10-07,West,P0056,S001,1,210.07,210.07,2025-10-12,2025-10-13,6,Late,Fulfilled,0,1
O003712,2025-02-27,West,P0040,S001,8,216.21,1729.68,2025-03-04,2025-03-03,4,On Time,Fulfilled,0,0
O003713,2025-02-08,Central,P0044,S001,8,281.48,2251.84,2025-02-12,2025-02-17,9,Late,Fulfilled,0,1
O003714,2025-06-18,West,P0041,S004,3,162.16,486.48,2025-06-22,2025-06-22,4,On Time,Fulfilled,0,0
O003715,2025-04-13,West,P0036,S001,1,98.04,98.04,2025-04-15,2025-04-15,2,On Time,Fulfilled,0,0
O003716,2025-09-07,West,P0017,S004,7,179.09,1253.63,2025-09-12,2025-09-11,4,On Time,Fulfilled,0,0
O003717,2025-09-11,West,P0046,S007,6,225.07,1350.42,2025-09-15,2025-09-15,4,On Time,Fulfilled,0,0
O003718,2025-06-17,West,P0056,S001,5,210.07,1050.35,2025-06-23,2025-06-23,6,On Time,Fulfilled,0,0
O003719,2025-05-15,East,P0039,S010,3,71.46,214.38,2025-05-19,2025-05-18,3,On Time,Fulfilled,0,0
O003720,2025-01-30,East,P0030,S007,5,299.53,1497.65,2025-02-05,2025-02-06,7,Late,Fulfilled,0,1
O003721,2025-01-12,North,P0051,S010,3,159.11,477.33,2025-01-17,2025-01-16,4,On Time,Fulfilled,0,0
O003722,2025-08-31,North,P0017,S004,8,179.09,1432.72,2025-09-06,2025-09-05,5,On Time,Fulfilled,0,0
O003723,2025-01-25,Central,P0024,S001,4,64.9,259.6,2025-01-28,2025-01-27,2,On Time,Fulfilled,0,0
O003724,2025-10-31,South,P0048,S001,4,141.97,567.88,2025-11-03,2025-11-04,4,Late,Fulfilled,0,1
O003725,2025-10-25,Central,P0038,S007,5,97.26,486.3,2025-10-28,2025-10-27,2,On Time,Returned,1,0
O003726,2025-07-26,North,P0053,S004,3,133.42,400.26,2025-07-31,2025-08-01,6,Late,Fulfilled,0,1
O003727,2025-12-05,North,P0031,S010,3,75.12,225.36,2025-12-08,2025-12-07,2,On Time,Fulfilled,0,0
O003728,2025-11-22,East,P0052,S001,4,57.76,231.04,2025-11-25,2025-11-26,4,Late,Fulfilled,0,1
O003729,2025-07-25,West,P0023,S010,8,93.63,749.04,2025-07-28,2025-07-29,4,Late,Fulfilled,0,1
O003730,2025-07-12,North,P0027,S010,5,275.2,1376.0,2025-07-15,2025-07-14,2,On Time,Returned,1,0
O003731,2025-06-04,East,P0022,S007,2,174.48,348.96,2025-06-09,2025-06-10,6,Late,Fulfilled,0,1
O003732,2025-11-18,West,P0041,S004,4,162.16,648.64,2025-11-24,2025-11-23,5,On Time,Fulfilled,0,0
O003733,2025-03-16,North,P0022,S007,3,174.48,523.44,2025-03-18,2025-03-17,1,On Time,Fulfilled,0,0
O003734,2025-02-09,West,P0005,S004,7,247.38,1731.66,2025-02-12,2025-02-13,4,Late,Fulfilled,0,1
O003735,2025-09-04,South,P0025,S004,8,171.85,1374.8,2025-09-06,2025-09-07,3,Late,Fulfilled,0,1
O003736,2025-03-11,South,P0059,S010,2,209.28,418.56,2025-03-15,2025-03-20,9,Late,Fulfilled,0,1
O003737,2025-02-08,East,P0023,S010,8,93.63,749.04,2025-02-12,2025-02-11,3,On Time,Fulfilled,0,0
O003738,2025-02-19,Central,P0011,S010,8,132.12,1056.96,2025-02-22,2025-02-23,4,Late,Fulfilled,0,1
O003739,2025-04-21,South,P0007,S010,6,85.99,515.94,2025-04-27,2025-04-27,6,On Time,Fulfilled,0,0
O003740,2025-03-02,North,P0039,S010,4,71.46,285.84,2025-03-06,2025-03-07,5,Late,Fulfilled,0,1
O003741,2025-02-03,Central,P0031,S010,5,75.12,375.6,2025-02-05,2025-02-06,3,Late,Fulfilled,0,1
O003742,2025-10-12,North,P0021,S004,8,179.24,1433.92,2025-10-16,2025-10-17,5,Late,Fulfilled,0,1
O003743,2025-08-15,South,P0055,S010,2,76.46,152.92,2025-08-17,2025-08-18,3,Late,Fulfilled,0,1
O003744,2025-08-12,East,P0023,S010,8,93.63,749.04,2025-08-15,2025-08-18,6,Late,Fulfilled,0,1
O003745,2025-05-14,East,P0002,S007,2,244.65,489.3,2025-05-18,2025-05-17,3,On Time,Returned,1,0
O003746,2025-08-12,South,P0036,S001,6,98.04,588.24,2025-08-18,2025-08-18,6,On Time,Fulfilled,0,0
O003747,2025-06-21,East,P0004,S001,2,209.94,419.88,2025-06-26,2025-06-25,4,On Time,Fulfilled,0,0
O003748,2025-04-29,East,P0057,S004,5,302.85,1514.25,2025-05-05,2025-05-04,5,On Time,Fulfilled,0,0
O003749,2025-01-06,West,P0054,S007,6,261.11,1566.66,2025-01-11,2025-01-12,6,Late,Fulfilled,0,1
O003750,2025-06-21,West,P0026,S007,3,250.97,752.91,2025-06-27,2025-06-28,7,Late,Fulfilled,0,1
O003751,2025-10-28,Central,P0008,S001,2,158.77,317.54,2025-11-01,2025-10-31,3,On Time,Fulfilled,0,0
O003752,2025-12-31,East,P0042,S007,3,315.31,945.93,2026-01-06,2026-01-07,7,Late,Fulfilled,0,1
O003753,2025-08-03,West,P0022,S007,4,174.48,697.92,2025-08-08,2025-08-09,6,Late,Fulfilled,0,1
O003754,2025-10-27,West,P0035,S010,6,211.82,1270.92,2025-10-31,2025-11-01,5,Late,Fulfilled,0,1
O003755,2025-03-01,East,P0039,S010,6,71.46,428.76,2025-03-07,2025-03-07,6,On Time,Fulfilled,0,0
O003756,2025-08-13,West,P0025,S004,2,171.85,343.7,2025-08-16,2025-08-16,3,On Time,Fulfilled,0,0
O003757,2025-09-05,South,P0038,S007,2,97.26,194.52,2025-09-11,2025-09-12,7,Late,Fulfilled,0,1
O003758,2025-01-31,South,P0025,S004,2,171.85,343.7,2025-02-04,2025-02-10,10,Late,Fulfilled,0,1
O003759,2025-06-01,North,P0055,S010,5,76.46,382.3,2025-06-06,2025-06-12,11,Late,Fulfilled,0,1
O003760,2025-05-04,West,P0035,S010,5,211.82,1059.1,2025-05-10,2025-05-09,5,On Time,Fulfilled,0,0
O003761,2025-06-23,Central,P0046,S007,4,225.07,900.28,2025-06-25,2025-06-30,7,Late,Fulfilled,0,1
O003762,2025-11-02,West,P0024,S001,7,64.9,454.3,2025-11-06,2025-11-12,10,Late,Fulfilled,0,1
O003763,2025-03-26,East,P0019,S010,2,269.79,539.58,2025-03-28,2025-03-27,1,On Time,Fulfilled,0,0
O003764,2025-01-05,South,P0003,S010,6,294.12,1764.72,2025-01-08,2025-01-09,4,Late,Fulfilled,0,1
O003765,2025-10-10,South,P0023,S010,5,93.63,468.15,2025-10-13,2025-10-14,4,Late,Returned,1,1
O003766,2025-06-10,East,P0024,S001,1,64.9,64.9,2025-06-16,2025-06-17,7,Late,Fulfilled,0,1
O003767,2025-05-08,West,P0039,S010,5,71.46,357.3,2025-05-11,2025-05-15,7,Late,Fulfilled,0,1
O003768,2025-06-04,East,P0057,S004,5,302.85,1514.25,2025-06-09,2025-06-10,6,Late,Fulfilled,0,1
O003769,2025-12-06,West,P0007,S010,6,85.99,515.94,2025-12-11,2025-12-12,6,Late,Returned,1,1
O003770,2025-03-22,North,P0028,S001,4,123.49,493.96,2025-03-26,2025-03-25,3,On Time,Fulfilled,0,0
O003771,2025-03-20,North,P0051,S010,3,159.11,477.33,2025-03-24,2025-03-29,9,Late,Fulfilled,0,1
O003772,2025-09-23,South,P0017,S004,2,179.09,358.18,2025-09-25,2025-09-26,3,Late,Fulfilled,0,1
O003773,2025-01-10,North,P0018,S007,7,79.76,558.32,2025-01-15,2025-01-16,6,Late,Returned,1,1
O003774,2025-09-20,East,P0030,S007,8,299.53,2396.24,2025-09-24,2025-09-24,4,On Time,Fulfilled,0,0
O003775,2025-09-21,West,P0056,S001,3,210.07,630.21,2025-09-26,2025-09-27,6,Late,Fulfilled,0,1
O003776,2025-01-15,South,P0037,S004,2,84.71,169.42,2025-01-18,2025-01-18,3,On Time,Returned,1,0
O003777,2025-02-22,North,P0016,S001,1,140.21,140.21,2025-02-28,2025-02-27,5,On Time,Fulfilled,0,0
O003778,2025-12-06,Central,P0026,S007,4,250.97,1003.88,2025-12-08,2025-12-09,3,Late,Returned,1,1
O003779,2025-07-23,East,P0058,S007,7,66.02,462.14,2025-07-27,2025-07-26,3,On Time,Fulfilled,0,0
O003780,2025-09-11,Central,P0038,S007,5,97.26,486.3,2025-09-17,2025-09-18,7,Late,Fulfilled,0,1
O003781,2025-04-15,Central,P0008,S001,8,158.77,1270.16,2025-04-19,2025-04-18,3,On Time,Fulfilled,0,0
O003782,2025-01-04,West,P0059,S010,6,209.28,1255.68,2025-01-10,2025-01-10,6,On Time,Fulfilled,0,0
O003783,2025-01-04,West,P0044,S001,6,281.48,1688.88,2025-01-08,2025-01-09,5,Late,Fulfilled,0,1
O003784,2025-09-10,East,P0014,S007,5,195.03,975.15,2025-09-16,2025-09-16,6,On Time,Returned,1,0
O003785,2025-02-11,North,P0038,S007,1,97.26,97.26,2025-02-15,2025-02-15,4,On Time,Fulfilled,0,0
O003786,2025-08-26,West,P0027,S010,6,275.2,1651.2,2025-08-28,2025-08-27,1,On Time,Fulfilled,0,0
O003787,2025-03-26,East,P0015,S010,2,312.58,625.16,2025-03-31,2025-03-31,5,On Time,Fulfilled,0,0
O003788,2025-03-12,Central,P0037,S004,3,84.71,254.13,2025-03-16,2025-03-18,6,Late,Fulfilled,0,1
O003789,2025-03-02,South,P0010,S007,2,101.15,202.3,2025-03-08,2025-03-13,11,Late,Fulfilled,0,1
O003790,2025-09-07,East,P0048,S001,3,141.97,425.91,2025-09-12,2025-09-12,5,On Time,Fulfilled,0,0
O003791,2025-12-28,North,P0006,S007,3,73.03,219.09,2026-01-02,2026-01-08,11,Late,Fulfilled,0,1
O003792,2025-07-17,East,P0030,S007,6,299.53,1797.18,2025-07-23,2025-07-22,5,On Time,Fulfilled,0,0
O003793,2025-03-20,East,P0055,S010,1,76.46,76.46,2025-03-22,2025-03-27,7,Late,Fulfilled,0,1
O003794,2025-08-14,East,P0027,S010,2,275.2,550.4,2025-08-18,2025-08-19,5,Late,Fulfilled,0,1
O003795,2025-10-30,North,P0026,S007,1,250.97,250.97,2025-11-01,2025-11-02,3,Late,Fulfilled,0,1
O003796,2025-12-16,East,P0040,S001,7,216.21,1513.47,2025-12-20,2025-12-21,5,Late,Fulfilled,0,1
O003797,2025-02-20,East,P0001,S004,5,289.3,1446.5,2025-02-22,2025-02-21,1,On Time,Fulfilled,0,0
O003798,2025-04-28,South,P0035,S010,3,211.82,635.46,2025-05-04,2025-05-04,6,On Time,Fulfilled,0,0
O003799,2025-10-30,North,P0034,S007,8,263.25,2106.0,2025-11-01,2025-11-02,3,Late,Fulfilled,0,1
O003800,2025-01-25,West,P0052,S001,3,57.76,173.28,2025-01-27,2025-01-26,1,On Time,Fulfilled,0,0
O003801,2025-01-09,East,P0057,S004,8,302.85,2422.8,2025-01-13,2025-01-13,4,On Time,Fulfilled,0,0
O003802,2025-08-15,East,P0032,S001,6,166.64,999.84,2025-08-17,2025-08-18,3,Late,Fulfilled,0,1
O003803,2025-10-08,South,P0038,S007,7,97.26,680.82,2025-10-12,2025-10-12,4,On Time,Fulfilled,0,0
O003804,2025-05-18,East,P0015,S010,7,312.58,2188.06,2025-05-24,2025-05-24,6,On Time,Fulfilled,0,0
O003805,2025-09-04,Central,P0022,S007,1,174.48,174.48,2025-09-08,2025-09-08,4,On Time,Fulfilled,0,0
O003806,2025-10-21,North,P0032,S001,4,166.64,666.56,2025-10-25,2025-10-26,5,Late,Fulfilled,0,1
O003807,2025-09-26,West,P0015,S010,4,312.58,1250.32,2025-09-30,2025-10-01,5,Late,Fulfilled,0,1
O003808,2025-09-27,East,P0031,S010,5,75.12,375.6,2025-09-29,2025-09-29,2,On Time,Fulfilled,0,0
O003809,2025-04-30,Central,P0035,S010,5,211.82,1059.1,2025-05-05,2025-05-11,11,Late,Returned,1,1
O003810,2025-06-01,East,P0014,S007,4,195.03,780.12,2025-06-03,2025-06-05,4,Late,Fulfilled,0,1
O003811,2025-01-13,East,P0016,S001,6,140.21,841.26,2025-01-16,2025-01-15,2,On Time,Fulfilled,0,0
O003812,2025-05-18,South,P0042,S007,6,315.31,1891.86,2025-05-21,2025-05-24,6,Late,Fulfilled,0,1
O003813,2025-06-07,West,P0039,S010,2,71.46,142.92,2025-06-11,2025-06-10,3,On Time,Fulfilled,0,0
O003814,2025-07-09,South,P0007,S010,5,85.99,429.95,2025-07-11,2025-07-15,6,Late,Fulfilled,0,1
O003815,2025-07-13,South,P0006,S007,1,73.03,73.03,2025-07-16,2025-07-16,3,On Time,Fulfilled,0,0
O003816,2025-08-28,East,P0043,S010,3,254.39,763.17,2025-09-02,2025-09-01,4,On Time,Fulfilled,0,0
O003817,2025-03-28,West,P0028,S001,3,123.49,370.47,2025-04-01,2025-04-01,4,On Time,Fulfilled,0,0
O003818,2025-08-11,South,P0016,S001,4,140.21,560.84,2025-08-15,2025-08-21,10,Late,Fulfilled,0,1
O003819,2025-09-25,North,P0023,S010,7,93.63,655.41,2025-09-27,2025-09-28,3,Late,Fulfilled,0,1
O003820,2025-02-06,South,P0007,S010,3,85.99,257.97,2025-02-10,2025-02-09,3,On Time,Fulfilled,0,0
O003821,2025-03-03,East,P0035,S010,4,211.82,847.28,2025-03-08,2025-03-09,6,Late,Fulfilled,0,1
O003822,2025-03-27,North,P0015,S010,5,312.58,1562.9,2025-03-30,2025-03-31,4,Late,Fulfilled,0,1
O003823,2025-02-24,Central,P0020,S001,2,148.59,297.18,2025-02-26,2025-02-25,1,On Time,Fulfilled,0,0
O003824,2025-05-20,Central,P0032,S001,4,166.64,666.56,2025-05-26,2025-05-27,7,Late,Fulfilled,0,1
O003825,2025-11-30,West,P0043,S010,4,254.39,1017.56,2025-12-05,2025-12-05,5,On Time,Fulfilled,0,0
O003826,2025-06-08,North,P0031,S010,2,75.12,150.24,2025-06-12,2025-06-11,3,On Time,Fulfilled,0,0
O003827,2025-09-06,North,P0010,S007,6,101.15,606.9,2025-09-12,2025-09-11,5,On Time,Fulfilled,0,0
O003828,2025-12-06,North,P0022,S007,3,174.48,523.44,2025-12-12,2025-12-13,7,Late,Fulfilled,0,1
O003829,2025-01-28,East,P0002,S007,1,244.65,244.65,2025-01-31,2025-01-31,3,On Time,Fulfilled,0,0
O003830,2025-04-03,West,P0009,S004,8,209.42,1675.36,2025-04-07,2025-04-06,3,On Time,Fulfilled,0,0
O003831,2025-09-13,South,P0016,S001,6,140.21,841.26,2025-09-18,2025-09-17,4,On Time,Returned,1,0
O003832,2025-02-08,East,P0055,S010,4,76.46,305.84,2025-02-13,2025-02-12,4,On Time,Fulfilled,0,0
O003833,2025-10-13,East,P0035,S010,7,211.82,1482.74,2025-10-15,2025-10-16,3,Late,Fulfilled,0,1
O003834,2025-01-07,West,P0057,S004,7,302.85,2119.95,2025-01-10,2025-01-09,2,On Time,Fulfilled,0,0
O003835,2025-10-08,Central,P0035,S010,4,211.82,847.28,2025-10-12,2025-10-12,4,On Time,Fulfilled,0,0
O003836,2025-02-06,South,P0053,S004,8,133.42,1067.36,2025-02-09,2025-02-10,4,Late,Fulfilled,0,1
O003837,2025-03-20,Central,P0012,S001,5,86.98,434.9,2025-03-26,2025-03-25,5,On Time,Fulfilled,0,0
O003838,2025-11-27,Central,P0060,S001,8,118.33,946.64,2025-12-01,2025-12-07,10,Late,Fulfilled,0,1
O003839,2025-10-23,Central,P0039,S010,3,71.46,214.38,2025-10-29,2025-10-29,6,On Time,Fulfilled,0,0
O003840,2025-04-08,South,P0034,S007,2,263.25,526.5,2025-04-12,2025-04-13,5,Late,Fulfilled,0,1
O003841,2025-02-03,North,P0059,S010,2,209.28,418.56,2025-02-05,2025-02-10,7,Late,Fulfilled,0,1
O003842,2025-09-02,East,P0020,S001,4,148.59,594.36,2025-09-04,2025-09-05,3,Late,Fulfilled,0,1
O003843,2025-05-15,South,P0053,S004,4,133.42,533.68,2025-05-17,2025-05-21,6,Late,Fulfilled,0,1
O003844,2025-05-27,West,P0048,S001,2,141.97,283.94,2025-05-29,2025-05-28,1,On Time,Fulfilled,0,0
O003845,2025-05-18,West,P0029,S004,3,76.33,228.99,2025-05-24,2025-05-23,5,On Time,Fulfilled,0,0
O003846,2025-01-07,East,P0040,S001,6,216.21,1297.26,2025-01-13,2025-01-12,5,On Time,Fulfilled,0,0
O003847,2025-08-05,Central,P0021,S004,6,179.24,1075.44,2025-08-08,2025-08-08,3,On Time,Fulfilled,0,0
O003848,2025-03-18,Central,P0049,S004,5,224.76,1123.8,2025-03-21,2025-03-22,4,Late,Fulfilled,0,1
O003849,2025-06-21,East,P0009,S004,1,209.42,209.42,2025-06-27,2025-06-28,7,Late,Fulfilled,0,1
O003850,2025-01-31,Central,P0030,S007,6,299.53,1797.18,2025-02-06,2025-02-05,5,On Time,Fulfilled,0,0
O003851,2025-01-22,North,P0006,S007,3,73.03,219.09,2025-01-28,2025-01-28,6,On Time,Fulfilled,0,0
O003852,2025-03-29,Central,P0002,S007,7,244.65,1712.55,2025-04-02,2025-04-03,5,Late,Fulfilled,0,1
O003853,2025-09-10,West,P0008,S001,3,158.77,476.31,2025-09-16,2025-09-15,5,On Time,Fulfilled,0,0
O003854,2025-05-04,East,P0060,S001,7,118.33,828.31,2025-05-09,2025-05-09,5,On Time,Fulfilled,0,0
O003855,2025-03-17,East,P0029,S004,6,76.33,457.98,2025-03-21,2025-03-21,4,On Time,Fulfilled,0,0
O003856,2025-03-17,North,P0054,S007,1,261.11,261.11,2025-03-22,2025-03-23,6,Late,Fulfilled,0,1
O003857,2025-10-19,Central,P0056,S001,1,210.07,210.07,2025-10-25,2025-10-24,5,On Time,Fulfilled,0,0
O003858,2025-01-29,West,P0008,S001,1,158.77,158.77,2025-01-31,2025-02-01,3,Late,Fulfilled,0,1
O003859,2025-05-05,Central,P0004,S001,1,209.94,209.94,2025-05-09,2025-05-09,4,On Time,Fulfilled,0,0
O003860,2025-08-12,North,P0032,S001,8,166.64,1333.12,2025-08-16,2025-08-16,4,On Time,Fulfilled,0,0
O003861,2025-03-20,South,P0028,S001,5,123.49,617.45,2025-03-26,2025-03-26,6,On Time,Returned,1,0
O003862,2025-05-19,Central,P0013,S004,5,290.72,1453.6,2025-05-21,2025-05-22,3,Late,Fulfilled,0,1
O003863,2025-06-06,Central,P0008,S001,8,158.77,1270.16,2025-06-09,2025-06-10,4,Late,Fulfilled,0,1
O003864,2025-08-25,West,P0023,S010,6,93.63,561.78,2025-08-31,2025-08-30,5,On Time,Fulfilled,0,0
O003865,2025-01-26,North,P0020,S001,8,148.59,1188.72,2025-01-29,2025-01-30,4,Late,Fulfilled,0,1
O003866,2025-06-07,South,P0009,S004,7,209.42,1465.94,2025-06-10,2025-06-09,2,On Time,Fulfilled,0,0
O003867,2025-10-06,North,P0009,S004,3,209.42,628.26,2025-10-12,2025-10-13,7,Late,Fulfilled,0,1
O003868,2025-03-27,Central,P0055,S010,7,76.46,535.22,2025-04-01,2025-03-31,4,On Time,Fulfilled,0,0
O003869,2025-01-24,West,P0007,S010,7,85.99,601.93,2025-01-29,2025-01-30,6,Late,Fulfilled,0,1
O003870,2025-12-26,West,P0027,S010,4,275.2,1100.8,2025-12-31,2026-01-01,6,Late,Fulfilled,0,1
O003871,2025-10-30,East,P0050,S007,2,37.5,75.0,2025-11-05,2025-11-05,6,On Time,Fulfilled,0,0
O003872,2025-11-30,North,P0006,S007,3,73.03,219.09,2025-12-04,2025-12-03,3,On Time,Fulfilled,0,0
O003873,2025-12-09,South,P0010,S007,4,101.15,404.6,2025-12-12,2025-12-17,8,Late,Fulfilled,0,1
O003874,2025-06-29,West,P0059,S010,2,209.28,418.56,2025-07-05,2025-07-06,7,Late,Fulfilled,0,1
O003875,2025-09-30,South,P0031,S010,4,75.12,300.48,2025-10-03,2025-10-02,2,On Time,Fulfilled,0,0
O003876,2025-05-28,North,P0056,S001,1,210.07,210.07,2025-06-03,2025-06-07,10,Late,Fulfilled,0,1
O003877,2025-05-08,East,P0030,S007,8,299.53,2396.24,2025-05-12,2025-05-13,5,Late,Fulfilled,0,1
O003878,2025-07-01,East,P0044,S001,3,281.48,844.44,2025-07-04,2025-07-05,4,Late,Fulfilled,0,1
O003879,2025-01-19,North,P0012,S001,1,86.98,86.98,2025-01-22,2025-01-23,4,Late,Fulfilled,0,1
O003880,2025-07-01,West,P0018,S007,1,79.76,79.76,2025-07-05,2025-07-05,4,On Time,Fulfilled,0,0
O003881,2025-08-10,North,P0014,S007,7,195.03,1365.21,2025-08-15,2025-08-14,4,On Time,Fulfilled,0,0
O003882,2025-09-16,East,P0054,S007,3,261.11,783.33,2025-09-21,2025-09-21,5,On Time,Fulfilled,0,0
O003883,2025-04-23,South,P0059,S010,7,209.28,1464.96,2025-04-29,2025-04-29,6,On Time,Fulfilled,0,0
O003884,2025-07-14,Central,P0035,S010,2,211.82,423.64,2025-07-17,2025-07-18,4,Late,Fulfilled,0,1
O003885,2025-01-22,South,P0052,S001,5,57.76,288.8,2025-01-27,2025-02-02,11,Late,Fulfilled,0,1
O003886,2025-03-14,Central,P0018,S007,6,79.76,478.56,2025-03-18,2025-03-19,5,Late,Fulfilled,0,1
O003887,2025-09-27,East,P0018,S007,2,79.76,159.52,2025-10-01,2025-10-04,7,Late,Fulfilled,0,1
O003888,2025-01-21,East,P0009,S004,4,209.42,837.68,2025-01-24,2025-01-24,3,On Time,Returned,1,0
O003889,2025-09-25,South,P0056,S001,4,210.07,840.28,2025-09-28,2025-09-27,2,On Time,Fulfilled,0,0
O003890,2025-12-12,South,P0054,S007,3,261.11,783.33,2025-12-18,2025-12-19,7,Late,Fulfilled,0,1
O003891,2025-04-11,South,P0053,S004,6,133.42,800.52,2025-04-14,2025-04-15,4,Late,Fulfilled,0,1
O003892,2025-02-28,East,P0047,S010,6,108.12,648.72,2025-03-06,2025-03-06,6,On Time,Fulfilled,0,0
O003893,2025-02-27,Central,P0021,S004,5,179.24,896.2,2025-03-01,2025-02-28,1,On Time,Fulfilled,0,0
O003894,2025-06-22,South,P0053,S004,4,133.42,533.68,2025-06-25,2025-06-26,4,Late,Returned,1,1
O003895,2025-06-25,West,P0031,S010,6,75.12,450.72,2025-06-30,2025-06-30,5,On Time,Fulfilled,0,0
O003896,2025-02-25,Central,P0060,S001,3,118.33,354.99,2025-02-28,2025-02-27,2,On Time,Fulfilled,0,0
O003897,2025-04-02,South,P0024,S001,4,64.9,259.6,2025-04-05,2025-04-04,2,On Time,Fulfilled,0,0
O003898,2025-08-24,Central,P0006,S007,2,73.03,146.06,2025-08-30,2025-08-31,7,Late,Returned,1,1
O003899,2025-03-06,Central,P0052,S001,2,57.76,115.52,2025-03-08,2025-03-07,1,On Time,Fulfilled,0,0
O003900,2025-12-25,Central,P0036,S001,7,98.04,686.28,2025-12-28,2025-12-28,3,On Time,Fulfilled,0,0
O003901,2025-04-23,South,P0041,S004,6,162.16,972.96,2025-04-29,2025-04-29,6,On Time,Returned,1,0
O003902,2025-02-17,South,P0060,S001,1,118.33,118.33,2025-02-21,2025-02-21,4,On Time,Fulfilled,0,0
O003903,2025-12-31,East,P0055,S010,2,76.46,152.92,2026-01-03,2026-01-07,7,Late,Fulfilled,0,1
O003904,2025-03-27,East,P0023,S010,8,93.63,749.04,2025-04-01,2025-04-07,11,Late,Fulfilled,0,1
O003905,2025-04-29,South,P0058,S007,6,66.02,396.12,2025-05-04,2025-05-04,5,On Time,Fulfilled,0,0
O003906,2025-01-31,West,P0030,S007,1,299.53,299.53,2025-02-04,2025-02-03,3,On Time,Fulfilled,0,0
O003907,2025-04-12,North,P0030,S007,2,299.53,599.06,2025-04-17,2025-04-17,5,On Time,Fulfilled,0,0
O003908,2025-01-07,South,P0030,S007,2,299.53,599.06,2025-01-09,2025-01-09,2,On Time,Fulfilled,0,0
O003909,2025-07-07,Central,P0027,S010,5,275.2,1376.0,2025-07-09,2025-07-09,2,On Time,Fulfilled,0,0
O003910,2025-12-18,North,P0049,S004,6,224.76,1348.56,2025-12-23,2025-12-22,4,On Time,Fulfilled,0,0
O003911,2025-11-15,East,P0033,S004,7,183.37,1283.59,2025-11-18,2025-11-17,2,On Time,Fulfilled,0,0
O003912,2025-10-30,East,P0018,S007,3,79.76,239.28,2025-11-03,2025-11-02,3,On Time,Fulfilled,0,0
O003913,2025-05-18,East,P0049,S004,4,224.76,899.04,2025-05-22,2025-05-21,3,On Time,Fulfilled,0,0
O003914,2025-10-01,Central,P0032,S001,7,166.64,1166.48,2025-10-04,2025-10-03,2,On Time,Returned,1,0
O003915,2025-10-25,East,P0042,S007,1,315.31,315.31,2025-10-31,2025-10-31,6,On Time,Fulfilled,0,0
O003916,2025-04-15,East,P0038,S007,6,97.26,583.56,2025-04-19,2025-04-20,5,Late,Fulfilled,0,1
O003917,2025-11-21,South,P0025,S004,1,171.85,171.85,2025-11-26,2025-11-25,4,On Time,Returned,1,0
O003918,2025-11-20,West,P0036,S001,3,98.04,294.12,2025-11-25,2025-11-26,6,Late,Fulfilled,0,1
O003919,2025-12-13,West,P0040,S001,7,216.21,1513.47,2025-12-19,2025-12-20,7,Late,Fulfilled,0,1
O003920,2025-12-03,Central,P0002,S007,1,244.65,244.65,2025-12-08,2025-12-07,4,On Time,Fulfilled,0,0
O003921,2025-06-08,Central,P0015,S010,3,312.58,937.74,2025-06-10,2025-06-12,4,Late,Fulfilled,0,1
O003922,2025-04-04,East,P0002,S007,3,244.65,733.95,2025-04-08,2025-04-14,10,Late,Fulfilled,0,1
O003923,2025-09-26,South,P0006,S007,6,73.03,438.18,2025-09-28,2025-10-03,7,Late,Fulfilled,0,1
O003924,2025-08-22,East,P0060,S001,3,118.33,354.99,2025-08-28,2025-08-29,7,Late,Fulfilled,0,1
O003925,2025-10-11,West,P0016,S001,4,140.21,560.84,2025-10-13,2025-10-14,3,Late,Fulfilled,0,1
O003926,2025-03-19,West,P0041,S004,5,162.16,810.8,2025-03-23,2025-03-23,4,On Time,Fulfilled,0,0
O003927,2025-06-01,North,P0048,S001,2,141.97,283.94,2025-06-06,2025-06-05,4,On Time,Fulfilled,0,0
O003928,2025-07-08,Central,P0044,S001,7,281.48,1970.36,2025-07-14,2025-07-15,7,Late,Fulfilled,0,1
O003929,2025-02-25,West,P0056,S001,4,210.07,840.28,2025-02-28,2025-02-27,2,On Time,Fulfilled,0,0
O003930,2025-11-23,South,P0010,S007,6,101.15,606.9,2025-11-29,2025-11-29,6,On Time,Fulfilled,0,0
O003931,2025-02-26,West,P0033,S004,4,183.37,733.48,2025-03-02,2025-03-02,4,On Time,Fulfilled,0,0
O003932,2025-10-01,West,P0057,S004,1,302.85,302.85,2025-10-05,2025-10-06,5,Late,Fulfilled,0,1
O003933,2025-11-02,East,P0002,S007,6,244.65,1467.9,2025-11-04,2025-11-03,1,On Time,Fulfilled,0,0
O003934,2025-05-20,Central,P0013,S004,7,290.72,2035.04,2025-05-26,2025-05-27,7,Late,Fulfilled,0,1
O003935,2025-10-10,Central,P0011,S010,7,132.12,924.84,2025-10-15,2025-10-16,6,Late,Fulfilled,0,1
O003936,2025-12-25,East,P0004,S001,5,209.94,1049.7,2025-12-29,2025-12-30,5,Late,Fulfilled,0,1
O003937,2025-10-23,West,P0049,S004,6,224.76,1348.56,2025-10-29,2025-10-29,6,On Time,Fulfilled,0,0
O003938,2025-12-17,Central,P0040,S001,1,216.21,216.21,2025-12-20,2025-12-21,4,Late,Fulfilled,0,1
O003939,2025-08-07,North,P0046,S007,6,225.07,1350.42,2025-08-12,2025-08-11,4,On Time,Fulfilled,0,0
O003940,2025-01-29,South,P0056,S001,2,210.07,420.14,2025-01-31,2025-02-06,8,Late,Fulfilled,0,1
O003941,2025-07-18,West,P0004,S001,1,209.94,209.94,2025-07-21,2025-07-20,2,On Time,Fulfilled,0,0
O003942,2025-02-04,East,P0027,S010,1,275.2,275.2,2025-02-08,2025-02-09,5,Late,Fulfilled,0,1
O003943,2025-03-10,North,P0030,S007,3,299.53,898.59,2025-03-14,2025-03-13,3,On Time,Returned,1,0
O003944,2025-07-27,South,P0012,S001,5,86.98,434.9,2025-08-01,2025-08-03,7,Late,Fulfilled,0,1
O003945,2025-11-27,East,P0033,S004,8,183.37,1466.96,2025-12-03,2025-12-04,7,Late,Fulfilled,0,1
O003946,2025-06-11,South,P0033,S004,8,183.37,1466.96,2025-06-14,2025-06-15,4,Late,Fulfilled,0,1
O003947,2025-09-19,Central,P0054,S007,1,261.11,261.11,2025-09-23,2025-09-28,9,Late,Fulfilled,0,1
O003948,2025-10-25,West,P0009,S004,1,209.42,209.42,2025-10-28,2025-10-28,3,On Time,Fulfilled,0,0
O003949,2025-04-16,Central,P0053,S004,5,133.42,667.1,2025-04-22,2025-04-23,7,Late,Fulfilled,0,1
O003950,2025-02-16,East,P0043,S010,4,254.39,1017.56,2025-02-21,2025-02-22,6,Late,Fulfilled,0,1
O003951,2025-02-02,North,P0013,S004,3,290.72,872.16,2025-02-04,2025-02-03,1,On Time,Fulfilled,0,0
O003952,2025-07-19,North,P0028,S001,7,123.49,864.43,2025-07-22,2025-07-28,9,Late,Fulfilled,0,1
O003953,2025-05-10,North,P0046,S007,3,225.07,675.21,2025-05-13,2025-05-12,2,On Time,Returned,1,0
O003954,2025-07-24,East,P0039,S010,8,71.46,571.68,2025-07-29,2025-08-01,8,Late,Fulfilled,0,1
O003955,2025-09-14,East,P0035,S010,6,211.82,1270.92,2025-09-17,2025-09-16,2,On Time,Fulfilled,0,0
O003956,2025-01-15,East,P0022,S007,2,174.48,348.96,2025-01-21,2025-01-27,12,Late,Fulfilled,0,1
O003957,2025-12-10,East,P0035,S010,1,211.82,211.82,2025-12-13,2025-12-15,5,Late,Fulfilled,0,1
O003958,2025-09-25,Central,P0015,S010,5,312.58,1562.9,2025-09-28,2025-09-27,2,On Time,Fulfilled,0,0
O003959,2025-09-13,Central,P0052,S001,3,57.76,173.28,2025-09-18,2025-09-17,4,On Time,Fulfilled,0,0
O003960,2025-07-10,Central,P0032,S001,6,166.64,999.84,2025-07-13,2025-07-12,2,On Time,Fulfilled,0,0
O003961,2025-05-05,South,P0006,S007,5,73.03,365.15,2025-05-08,2025-05-09,4,Late,Returned,1,1
O003962,2025-09-09,East,P0032,S001,6,166.64,999.84,2025-09-13,2025-09-14,5,Late,Fulfilled,0,1
O003963,2025-02-27,North,P0030,S007,6,299.53,1797.18,2025-03-02,2025-03-03,4,Late,Fulfilled,0,1
O003964,2025-12-11,Central,P0041,S004,7,162.16,1135.12,2025-12-15,2025-12-16,5,Late,Fulfilled,0,1
O003965,2025-11-02,North,P0033,S004,8,183.37,1466.96,2025-11-04,2025-11-03,1,On Time,Fulfilled,0,0
O003966,2025-02-14,Central,P0038,S007,2,97.26,194.52,2025-02-19,2025-02-20,6,Late,Returned,1,1
O003967,2025-05-24,Central,P0042,S007,8,315.31,2522.48,2025-05-28,2025-05-28,4,On Time,Fulfilled,0,0
O003968,2025-11-06,Central,P0015,S010,3,312.58,937.74,2025-11-10,2025-11-10,4,On Time,Returned,1,0
O003969,2025-08-14,Central,P0059,S010,1,209.28,209.28,2025-08-20,2025-08-20,6,On Time,Fulfilled,0,0
O003970,2025-10-27,North,P0018,S007,6,79.76,478.56,2025-11-01,2025-10-31,4,On Time,Fulfilled,0,0
O003971,2025-07-11,Central,P0011,S010,4,132.12,528.48,2025-07-13,2025-07-18,7,Late,Fulfilled,0,1
O003972,2025-09-20,South,P0058,S007,2,66.02,132.04,2025-09-24,2025-09-28,8,Late,Fulfilled,0,1
O003973,2025-10-22,North,P0049,S004,6,224.76,1348.56,2025-10-25,2025-10-26,4,Late,Fulfilled,0,1
O003974,2025-06-20,East,P0017,S004,5,179.09,895.45,2025-06-22,2025-06-23,3,Late,Fulfilled,0,1
O003975,2025-06-27,North,P0054,S007,3,261.11,783.33,2025-07-01,2025-07-02,5,Late,Fulfilled,0,1
O003976,2025-11-04,West,P0038,S007,5,97.26,486.3,2025-11-06,2025-11-05,1,On Time,Fulfilled,0,0
O003977,2025-03-05,East,P0007,S010,5,85.99,429.95,2025-03-07,2025-03-07,2,On Time,Fulfilled,0,0
O003978,2025-06-04,West,P0058,S007,6,66.02,396.12,2025-06-09,2025-06-10,6,Late,Fulfilled,0,1
O003979,2025-09-08,North,P0028,S001,4,123.49,493.96,2025-09-10,2025-09-10,2,On Time,Fulfilled,0,0
O003980,2025-12-11,North,P0029,S004,1,76.33,76.33,2025-12-14,2025-12-15,4,Late,Fulfilled,0,1
O003981,2025-01-13,West,P0035,S010,6,211.82,1270.92,2025-01-18,2025-01-19,6,Late,Fulfilled,0,1
O003982,2025-09-04,Central,P0036,S001,7,98.04,686.28,2025-09-09,2025-09-15,11,Late,Fulfilled,0,1
O003983,2025-03-30,Central,P0029,S004,1,76.33,76.33,2025-04-05,2025-04-04,5,On Time,Fulfilled,0,0
O003984,2025-04-14,North,P0045,S004,3,109.48,328.44,2025-04-17,2025-04-16,2,On Time,Fulfilled,0,0
O003985,2025-06-06,South,P0029,S004,8,76.33,610.64,2025-06-08,2025-06-07,1,On Time,Returned,1,0
O003986,2025-04-02,North,P0047,S010,2,108.12,216.24,2025-04-05,2025-04-04,2,On Time,Fulfilled,0,0
O003987,2025-01-09,Central,P0044,S001,4,281.48,1125.92,2025-01-13,2025-01-13,4,On Time,Fulfilled,0,0
O003988,2025-09-06,South,P0060,S001,2,118.33,236.66,2025-09-09,2025-09-09,3,On Time,Fulfilled,0,0
O003989,2025-03-02,West,P0017,S004,1,179.09,179.09,2025-03-06,2025-03-06,4,On Time,Fulfilled,0,0
O003990,2025-06-13,East,P0047,S010,5,108.12,540.6,2025-06-16,2025-06-17,4,Late,Fulfilled,0,1
O003991,2025-11-03,Central,P0023,S010,8,93.63,749.04,2025-11-05,2025-11-06,3,Late,Returned,1,1
O003992,2025-01-23,East,P0032,S001,1,166.64,166.64,2025-01-26,2025-01-25,2,On Time,Fulfilled,0,0
O003993,2025-06-03,West,P0024,S001,5,64.9,324.5,2025-06-05,2025-06-04,1,On Time,Fulfilled,0,0
O003994,2025-03-25,South,P0032,S001,2,166.64,333.28,2025-03-29,2025-03-29,4,On Time,Fulfilled,0,0
O003995,2025-02-11,North,P0016,S001,1,140.21,140.21,2025-02-16,2025-02-15,4,On Time,Fulfilled,0,0
O003996,2025-01-02,East,P0038,S007,4,97.26,389.04,2025-01-07,2025-01-06,4,On Time,Fulfilled,0,0
O003997,2025-09-12,Central,P0032,S001,6,166.64,999.84,2025-09-17,2025-09-17,5,On Time,Fulfilled,0,0
O003998,2025-04-08,Central,P0052,S001,2,57.76,115.52,2025-04-14,2025-04-14,6,On Time,Fulfilled,0,0
O003999,2025-05-19,North,P0057,S004,8,302.85,2422.8,2025-05-25,2025-05-27,8,Late,Fulfilled,0,1
O004000,2025-03-12,Central,P0057,S004,3,302.85,908.55,2025-03-16,2025-03-18,6,Late,Fulfilled,0,1
